date,open,close,high,low,volume
2021-06-18,10.24,10.32,10.24,10.29,0.0
2021-06-21,10.34,10.35,10.14,10.16,0.0
2021-06-22,10.16,10.16,10.0,10.1,0.0
2021-06-23,10.11,10.13,10.08,10.11,0.0
2021-06-24,10.16,10.31,10.16,10.3,0.0
2021-06-25,10.26,10.44,10.26,10.39,0.0
2021-06-28,10.54,10.8,10.45,10.49,0.0
2021-06-29,10.49,10.58,10.31,10.55,0.0
2021-06-30,10.8,10.8,10.35,10.69,0.0
2021-07-01,10.64,10.71,10.61,10.7,0.0
2021-07-02,10.7,10.73,10.46,10.48,0.0
2021-07-06,10.53,10.65,10.33,10.53,0.0
2021-07-07,10.6,10.65,10.39,10.44,0.0
2021-07-08,10.44,10.52,10.35,10.42,0.0
2021-07-09,10.38,10.51,10.36,10.5,0.0
2021-07-12,10.53,10.59,10.42,10.46,0.0
2021-07-13,10.46,10.46,10.28,10.31,0.0
2021-07-14,10.4,10.4,10.04,10.13,0.0
2021-07-15,10.16,10.35,10.1,10.11,0.0
2021-07-16,10.11,10.25,10.09,10.12,0.0
2021-07-19,10.2,10.2,9.94,9.95,0.0
2021-07-20,9.99,10.04,9.93,9.95,0.0
2021-07-21,9.95,9.97,9.9,9.92,0.0
2021-07-22,9.93,9.97,9.9,9.96,0.0
2021-07-23,9.98,9.98,9.92,9.95,0.0
2021-07-26,9.94,10.03,9.93,9.95,0.0
2021-07-27,9.95,9.98,9.92,9.93,0.0
2021-07-28,9.95,9.96,9.91,9.93,0.0
2021-07-29,9.91,10.0,9.91,9.91,0.0
2021-07-30,9.91,9.96,9.91,9.92,0.0
2021-08-02,9.93,9.98,9.91,9.93,0.0
2021-08-03,9.95,9.96,9.92,9.94,0.0
2021-08-04,9.97,9.98,9.92,9.96,0.0
2021-08-05,9.94,9.98,9.93,9.98,0.0
2021-08-06,9.99,10.0,9.93,9.94,0.0
2021-08-09,9.99,10.01,9.98,10.0,0.0
2021-08-10,9.98,10.01,9.97,10.0,0.0
2021-08-11,10.05,10.05,9.99,10.0,0.0
2021-08-12,10.0,10.05,9.95,10.01,0.0
2021-08-13,10.04,10.05,9.95,10.02,0.0
2021-08-16,10.03,10.04,9.97,10.0,0.0
2021-08-17,10.0,10.01,9.97,10.01,0.0
2021-08-18,10.01,10.01,9.97,9.98,0.0
2021-08-19,10.0,10.01,9.98,10.0,0.0
2021-08-20,10.0,10.02,9.95,9.99,0.0
2021-08-23,9.99,9.99,9.93,9.96,0.0
2021-08-24,9.95,9.99,9.94,9.98,0.0
2021-08-25,9.96,10.0,9.92,9.92,0.0
2021-08-26,9.95,9.98,9.95,9.96,0.0
2021-08-27,9.96,9.99,9.94,9.98,0.0
2021-08-30,9.97,9.99,9.95,9.98,0.0
2021-08-31,9.99,10.0,9.96,9.99,0.0
2021-09-01,9.96,10.0,9.96,9.97,0.0
2021-09-02,9.98,10.0,9.96,9.97,0.0
2021-09-03,10.0,10.0,9.97,9.98,0.0
2021-09-07,10.0,10.01,9.99,10.01,0.0
2021-09-08,10.01,10.01,9.98,10.0,0.0
2021-09-09,10.01,10.09,9.99,10.07,0.0
2021-09-10,10.07,10.09,10.0,10.0,0.0
2021-09-13,10.04,10.08,10.0,10.02,0.0
2021-09-14,10.03,10.04,9.99,10.0,0.0
2021-09-15,10.01,10.05,9.99,10.01,0.0
2021-09-16,10.03,10.46,10.02,10.05,0.0
2021-09-17,10.08,10.14,10.0,10.06,0.0
2021-09-20,10.0,10.03,9.99,10.01,0.0
2021-09-21,10.02,10.1,10.0,10.05,0.0
2021-09-22,10.09,10.18,9.98,9.99,0.0
2021-09-23,10.08,10.08,9.98,10.01,0.0
2021-09-24,10.02,11.47,10.0,11.3,0.0
2021-09-27,11.45,12.95,11.44,11.94,0.0
2021-09-28,11.85,11.88,10.83,11.07,0.0
2021-09-29,11.64,11.64,10.66,10.93,0.0
2021-09-30,11.14,11.22,9.92,10.4,0.0
2021-10-01,10.6,10.6,8.33,9.2,0.0
2021-10-04,9.4,9.5,7.5,7.51,0.0
2021-10-05,7.71,8.08,7.51,7.73,0.0
2021-10-06,7.8,7.98,7.07,7.25,0.0
2021-10-07,7.39,7.86,7.1,7.63,0.0
2021-10-08,7.86,8.48,7.79,8.41,0.0
2021-10-11,8.77,9.4,8.39,8.44,0.0
2021-10-12,8.7,8.93,8.42,8.53,0.0
2021-10-13,8.62,9.25,8.61,9.24,0.0
2021-10-14,9.82,10.36,9.68,9.82,0.0
2021-10-15,10.31,10.5,9.9,10.05,0.0
2021-10-18,10.05,10.8,10.03,10.69,0.0
2021-10-19,11.14,11.87,10.73,10.91,0.0
2021-10-20,11.15,11.5,10.03,10.44,0.0
2021-10-21,10.27,10.85,10.08,10.18,0.0
2021-10-22,10.19,10.29,9.38,9.66,0.0
2021-10-25,9.6,10.87,9.51,10.28,0.0
2021-10-26,10.45,11.45,10.32,10.52,0.0
2021-10-27,10.45,12.85,10.45,12.28,0.0
2021-10-28,12.49,14.08,11.84,13.63,0.0
2021-10-29,14.26,16.03,13.85,15.04,0.0
2021-11-01,15.87,17.22,14.66,15.66,0.0
2021-11-02,15.96,16.1,14.21,15.0,0.0
2021-11-03,15.53,15.99,14.75,15.35,0.0
2021-11-04,15.87,16.88,15.77,16.43,0.0
2021-11-05,17.26,19.39,17.2,19.27,0.0
2021-11-08,21.45,21.64,19.6,21.35,0.0
2021-11-09,22.79,23.14,20.12,22.53,0.0
2021-11-10,20.45,21.89,17.02,18.23,0.0
2021-11-11,19.94,20.3,18.26,19.25,0.0
2021-11-12,19.45,20.2,18.44,20.15,0.0
2021-11-15,20.69,21.39,19.09,19.82,0.0
2021-11-16,19.67,26.89,19.62,26.38,0.0
2021-11-17,26.3,31.79,24.01,31.0,0.0
2021-11-18,33.74,35.9,27.03,27.96,0.0
2021-11-19,29.22,29.37,27.07,28.01,0.0
2021-11-22,27.11,27.78,22.32,23.18,0.0
2021-11-23,22.79,25.69,21.6,24.96,0.0
2021-11-24,24.01,27.0,23.51,25.96,0.0
2021-11-26,24.26,25.94,23.76,24.18,0.0
2021-11-29,25.0,25.05,22.41,24.08,0.0
2021-11-30,23.54,25.85,22.64,23.82,0.0
2021-12-01,24.19,24.5,20.05,20.75,0.0
2021-12-02,20.66,21.78,19.09,21.45,0.0
2021-12-03,21.12,21.35,18.5,18.78,0.0
2021-12-06,18.2,19.65,17.2,18.79,0.0
2021-12-07,19.5,21.97,19.5,21.53,0.0
2021-12-08,21.27,22.2,20.52,20.97,0.0
2021-12-09,21.41,22.32,18.51,18.61,0.0
2021-12-10,19.01,19.58,18.13,18.57,0.0
2021-12-13,18.57,19.23,16.61,16.67,0.0
2021-12-14,16.07,16.99,15.85,16.1,0.0
2021-12-15,16.0,18.1,15.53,17.84,0.0
2021-12-16,18.54,18.55,15.8,16.06,0.0
2021-12-17,15.92,17.72,15.57,16.77,0.0
2021-12-20,16.3,16.75,15.15,15.28,0.0
2021-12-21,15.83,16.25,15.23,16.18,0.0
2021-12-22,16.09,17.75,16.01,16.82,0.0
2021-12-23,16.85,18.3,16.8,17.86,0.0
2021-12-27,18.5,18.85,17.77,18.3,0.0
2021-12-28,18.45,18.48,16.78,17.07,0.0
2021-12-29,17.0,17.84,16.13,17.7,0.0
2021-12-30,17.4,18.15,17.06,17.73,0.0
2021-12-31,17.6,18.0,16.62,16.7,0.0
2022-01-03,17.07,17.68,16.6,17.47,268273500.0
2022-01-04,17.71,17.86,15.76,16.44,485680700.0
2022-01-05,16.26,16.44,15.31,15.38,302647100.0
2022-01-06,14.99,15.51,14.28,14.84,467454700.0
2022-01-07,14.93,15.03,14.11,14.37,313408800.0
2022-01-10,13.75,13.9,12.9,13.71,496158900.0
2022-01-11,13.68,14.79,13.67,14.69,295151700.0
2022-01-12,14.88,15.02,13.91,14.09,233138500.0
2022-01-13,14.0,14.26,12.92,12.98,335460800.0
2022-01-14,12.99,13.49,12.62,12.93,259689100.0
2022-01-18,12.43,12.82,12.08,12.2,293773800.0
2022-01-19,12.37,12.51,11.78,11.79,334515300.0
2022-01-20,11.86,12.67,11.65,11.72,299104000.0
2022-01-21,11.56,11.8,10.78,10.88,380211200.0
2022-01-24,10.3,10.91,9.5,10.89,615998500.0
2022-01-25,10.61,10.89,10.18,10.44,283714400.0
2022-01-26,11.14,11.61,10.44,10.71,417876500.0
2022-01-27,10.93,10.98,9.5,9.51,405962500.0
2022-01-28,9.67,10.15,9.16,10.09,345506000.0
2022-01-31,10.09,11.44,10.0,11.44,379598900.0
2022-02-01,11.42,12.21,11.12,12.2,287312800.0
2022-02-02,12.35,12.4,11.14,11.49,375412000.0
2022-02-03,10.99,11.71,10.9,11.39,290964300.0
2022-02-04,11.42,13.0,11.33,12.9,438006300.0
2022-02-07,13.09,13.6,12.57,13.19,283849200.0
2022-02-08,12.94,13.31,12.53,12.96,274328100.0
2022-02-09,13.12,14.27,12.8,14.27,265327400.0
2022-02-10,13.58,16.19,13.57,14.76,546124500.0
2022-02-11,15.15,17.23,14.86,16.82,749660300.0
2022-02-14,16.15,17.66,15.97,16.54,492017700.0
2022-02-15,16.81,17.12,15.6,16.58,452815300.0
2022-02-16,16.12,16.36,15.32,15.82,254416800.0
2022-02-17,15.44,16.03,14.85,15.48,299271400.0
2022-02-18,15.33,15.4,14.14,14.68,316006600.0
2022-02-22,14.08,15.45,14.01,14.53,265736000.0
2022-02-23,14.87,15.05,13.64,13.72,238593200.0
2022-02-24,12.91,15.6,12.91,15.6,368159500.0
2022-02-25,15.2,15.72,14.83,15.1,249402300.0
2022-02-28,15.28,16.57,15.21,15.98,270627000.0
2022-03-01,15.81,15.93,14.34,14.5,245067400.0
2022-03-02,14.72,15.04,14.34,14.66,219181500.0
2022-03-03,14.7,14.87,13.21,13.28,275957300.0
2022-03-04,13.5,13.7,12.18,12.39,354286700.0
2022-03-07,12.41,12.9,11.85,11.89,315229100.0
2022-03-08,11.9,12.23,11.52,11.77,2954021.0
2022-03-09,12.07,12.62,11.77,12.5,2301565.0
2022-03-10,12.3,12.87,11.83,12.75,1848439.0
2022-03-11,12.99,13.0,12.25,12.33,1498109.0
2022-03-14,12.09,12.37,11.22,11.41,2160767.0
2022-03-15,11.63,12.58,11.29,12.49,1845117.0
2022-03-16,12.51,13.18,12.37,13.07,2280333.0
2022-03-17,12.9,14.0,12.87,13.83,2409535.0
2022-03-18,13.68,14.36,13.61,14.36,2877796.0
2022-03-21,14.5,15.44,13.98,14.64,3419508.0
2022-03-22,14.56,15.29,14.56,14.81,2224023.0
2022-03-23,14.67,14.7,13.9,14.2,2126628.0
2022-03-24,14.28,14.4,13.68,13.95,2040843.0
2022-03-25,13.95,14.0,12.95,13.18,2366837.0
2022-03-28,13.25,13.57,12.71,13.14,2445590.0
2022-03-29,13.26,13.35,12.0,12.39,10204370.0
2022-03-30,12.4,13.26,12.12,12.37,6765308.0
2022-03-31,12.42,13.22,12.2,12.76,4205261.0
2022-04-01,12.84,13.07,12.4,13.0,2982450.0
2022-04-04,13.0,13.76,12.85,13.58,3028075.0
2022-04-05,13.41,13.47,12.4,12.53,3675232.0
2022-04-06,12.47,12.53,11.73,12.3,3262795.0
2022-04-07,12.34,12.75,12.12,12.44,1941620.0
2022-04-08,12.35,12.51,12.06,12.32,1376387.0
2022-04-11,11.85,11.86,10.78,10.79,6097851.0
2022-04-12,11.35,11.37,10.9,10.99,3297965.0
2022-04-13,11.02,11.68,10.83,11.37,3344989.0
2022-04-14,11.36,11.4,10.63,10.66,3464991.0
2022-04-18,10.82,10.91,10.25,10.6,4208947.0
2022-04-19,10.66,11.02,10.15,10.92,3792727.0
2022-04-20,10.92,10.96,9.79,9.8,17009100.0
2022-04-21,10.05,10.1,9.41,9.5,5955326.0
2022-04-22,9.71,9.71,8.81,9.18,6286916.0
2022-04-25,9.03,9.36,8.83,9.14,5347930.0
2022-04-26,9.15,9.2,8.1,8.1,7299988.0
2022-04-27,8.15,8.54,8.1,8.2,4767750.0
2022-04-28,8.39,8.41,7.77,8.31,5377462.0
2022-04-29,8.27,8.53,7.86,7.87,4241178.0
2022-05-02,7.88,8.11,7.63,7.86,6120202.0
2022-05-03,7.49,7.8,6.89,7.15,17095988.0
2022-05-04,6.71,7.51,6.47,7.5,13141857.0
2022-05-05,7.25,7.25,6.18,6.23,8710878.0
2022-05-06,6.2,6.3,5.66,5.92,7052616.0
2022-05-09,5.74,5.83,5.05,5.08,8236847.0
2022-05-10,5.29,5.33,4.78,4.88,7071821.0
2022-05-11,4.88,4.9,4.29,4.34,7444398.0
2022-05-12,4.24,5.02,4.16,4.76,7427958.0
2022-05-13,5.0,5.32,4.9,5.2,6825042.0
2022-05-16,5.29,5.34,4.82,4.86,6070002.0
2022-05-17,5.21,5.78,5.12,5.71,7037630.0
2022-05-18,5.63,6.34,5.39,5.45,8711868.0
2022-05-19,5.5,5.95,5.44,5.83,6715407.0
2022-05-20,5.92,6.0,5.31,5.63,5048387.0
2022-05-23,5.6,5.8,5.4,5.76,3717074.0
2022-05-24,5.62,5.73,5.28,5.39,3973240.0
2022-05-25,5.39,5.73,5.32,5.72,3486736.0
2022-05-26,5.53,6.07,5.51,5.76,5036531.0
2022-05-27,5.83,6.12,5.67,5.93,6495532.0
2022-05-31,6.04,6.12,5.48,5.75,7839657.0
2022-06-01,5.74,5.85,5.23,5.29,5081528.0
2022-06-02,5.29,5.84,5.24,5.8,4389408.0
2022-06-03,5.67,5.74,5.45,5.53,3319860.0
2022-06-06,5.74,5.98,5.59,5.64,5976712.0
2022-06-07,5.58,5.78,5.29,5.52,5055354.0
2022-06-08,5.53,6.04,5.52,5.84,5453825.0
2022-06-09,5.86,5.86,5.32,5.32,4096944.0
2022-06-10,5.18,5.35,4.9,4.91,5191078.0
2022-06-13,4.63,4.79,4.5,4.52,5082665.0
2022-06-14,4.63,4.7,4.39,4.61,3952008.0
2022-06-15,4.65,5.11,4.64,5.0,6368093.0
2022-06-16,4.74,4.93,4.6,4.76,5455988.0
2022-06-17,4.96,5.12,4.8,5.04,6562642.0
2022-06-21,5.18,5.47,5.12,5.14,5844025.0
2022-06-22,5.01,5.32,4.94,4.99,4739430.0
2022-06-23,5.02,5.13,4.84,5.12,3056734.0
2022-06-24,5.13,5.32,5.09,5.11,18820650.0
2022-06-27,5.21,5.28,4.81,4.83,3395466.0
2022-06-28,4.91,5.08,4.67,4.69,2884970.0
2022-06-29,4.7,4.7,4.42,4.46,3166215.0
2022-06-30,4.42,4.48,4.22,4.38,3177070.0
2022-07-01,4.38,4.49,4.3,4.39,2211453.0
2022-07-05,4.32,4.55,4.22,4.55,2323193.0
2022-07-06,4.52,4.65,4.46,4.61,2414038.0
2022-07-07,4.68,5.06,4.51,5.05,2772317.0
2022-07-08,4.89,5.12,4.82,5.07,2286270.0
2022-07-11,4.96,5.0,4.61,4.61,2198907.0
2022-07-12,4.64,4.78,4.46,4.47,2144905.0
2022-07-13,4.33,4.53,4.29,4.43,1950188.0
2022-07-14,4.43,4.48,4.31,4.39,1965466.0
2022-07-15,4.48,4.53,4.34,4.53,1910144.0
2022-07-18,4.63,4.77,4.56,4.59,2542068.0
2022-07-19,4.69,4.87,4.6,4.73,2264909.0
2022-07-20,4.77,5.22,4.76,5.12,3309156.0
2022-07-21,5.06,5.26,4.98,5.26,2389589.0
2022-07-22,5.21,5.23,4.79,4.88,2083003.0
2022-07-25,4.93,5.01,4.83,4.94,1535210.0
2022-07-26,4.89,4.91,4.67,4.72,2001011.0
2022-07-27,4.84,5.15,4.76,5.1,1607838.0
2022-07-28,5.09,5.29,5.01,5.29,2223090.0
2022-07-29,5.19,5.41,5.14,5.4,1921274.0
2022-08-01,5.41,5.44,5.19,5.25,2756158.0
2022-08-02,5.17,5.61,5.15,5.51,2105250.0
2022-08-03,5.61,5.93,5.58,5.9,3105201.0
2022-08-04,6.03,6.28,5.95,6.2,3978162.0
2022-08-05,6.18,6.44,6.06,6.42,4247848.0
2022-08-08,6.52,6.65,6.11,6.13,3667419.0
2022-08-09,6.01,6.03,5.61,5.72,3070399.0
2022-08-10,6.04,6.4,5.98,6.33,4736053.0
2022-08-11,6.46,6.56,6.06,6.07,2951989.0
2022-08-12,6.29,6.29,5.98,6.21,3073510.0
2022-08-15,6.24,6.5,6.19,6.36,3837680.0
2022-08-16,7.11,8.61,7.08,8.38,21325772.0
2022-08-17,8.04,8.23,7.61,7.86,6813586.0
2022-08-18,8.24,8.26,7.62,7.63,5666551.0
2022-08-19,7.25,7.34,6.59,6.62,5497240.0
2022-08-22,6.43,6.64,6.28,6.42,3411748.0
2022-08-23,6.5,6.72,6.4,6.43,2341153.0
2022-08-24,6.47,7.12,6.38,6.58,4483886.0
2022-08-25,6.74,6.87,6.54,6.84,2887891.0
2022-08-26,6.83,6.85,6.15,6.19,4455680.0
2022-08-29,6.0,6.37,6.0,6.19,2057605.0
2022-08-30,6.3,6.3,5.8,5.88,3319661.0
2022-08-31,6.01,6.05,5.77,5.94,2732225.0
2022-09-01,5.84,5.86,5.59,5.79,2442583.0
2022-09-02,5.9,5.9,5.6,5.7,2116566.0
2022-09-06,5.79,5.8,5.57,5.63,2140027.0
2022-09-07,5.58,5.66,5.15,5.3,4189960.0
2022-09-08,5.3,5.36,5.09,5.24,2949745.0
2022-09-09,5.29,5.49,5.24,5.39,3021357.0
2022-09-12,5.45,5.93,5.43,5.92,3295372.0
2022-09-13,5.57,5.75,5.48,5.59,2841407.0
2022-09-14,5.63,5.96,5.46,5.79,2474731.0
2022-09-15,5.68,5.98,5.59,5.76,2272824.0
2022-09-16,5.68,5.68,5.41,5.49,4046532.0
2022-09-19,5.41,5.51,5.23,5.39,1897209.0
2022-09-20,5.36,5.42,5.21,5.27,1587358.0
2022-09-21,5.33,5.52,5.18,5.2,1994192.0
2022-09-22,5.25,5.25,4.86,4.97,2814971.0
2022-09-23,4.82,4.9,4.65,4.77,2464126.0
2022-09-26,4.75,5.03,4.73,4.79,1960884.0
2022-09-27,4.98,5.05,4.77,4.84,1459871.0
2022-09-28,4.75,5.12,4.73,5.07,1598680.0
2022-09-29,4.92,4.99,4.66,4.78,1665891.0
2022-09-30,5.09,5.5,4.93,5.07,8108887.0
2022-10-03,5.18,5.31,4.97,5.26,2732074.0
2022-10-04,5.43,5.98,5.41,5.88,4339545.0
2022-10-05,5.61,5.79,5.49,5.71,2577573.0
2022-10-06,5.73,5.92,5.61,5.64,1822354.0
2022-10-07,5.45,5.53,5.25,5.28,2564319.0
2022-10-10,5.32,5.34,4.98,5.07,2163192.0
2022-10-11,5.01,5.06,4.52,4.89,2791889.0
2022-10-12,4.92,5.06,4.81,5.05,1882926.0
2022-10-13,4.78,5.2,4.68,5.18,2844452.0
2022-10-14,5.27,5.34,4.86,4.87,1725794.0
2022-10-17,5.05,5.26,5.04,5.14,1911636.0
2022-10-18,5.34,5.39,5.01,5.08,1966453.0
2022-10-19,5.02,5.08,4.9,5.01,1571542.0
2022-10-20,5.0,5.25,4.97,5.07,1771198.0
2022-10-21,5.07,5.15,4.96,5.13,1309774.0
2022-10-24,5.15,5.15,4.92,5.06,1746525.0
2022-10-25,5.11,5.48,5.1,5.4,2707233.0
2022-10-26,5.28,5.6,5.25,5.53,2851750.0
2022-10-27,5.59,5.74,5.4,5.47,2447536.0
2022-10-28,5.46,5.7,5.45,5.69,1878435.0
2022-10-31,5.65,5.94,5.65,5.89,2493970.0
2022-11-01,6.0,6.09,5.6,5.61,2143391.0
2022-11-02,5.63,5.71,5.33,5.33,1868294.0
2022-11-03,5.32,5.4,5.15,5.16,1658283.0
2022-11-04,5.35,5.37,5.02,5.16,2237728.0
2022-11-07,5.21,5.28,5.06,5.27,1461417.0
2022-11-08,5.3,5.31,4.93,4.96,3762099.0
2022-11-09,5.0,5.0,4.61,4.61,3297939.0
2022-11-10,5.06,5.56,5.06,5.56,4050761.0
2022-11-11,5.52,5.93,5.37,5.83,3027427.0
2022-11-14,5.78,6.08,5.64,5.99,3905078.0
2022-11-15,5.82,6.27,5.47,5.65,6816862.0
2022-11-16,5.6,5.63,5.2,5.25,2695799.0
2022-11-17,5.0,5.1,4.8,4.91,5582472.0
2022-11-18,5.07,5.07,4.83,4.92,3034545.0
2022-11-21,4.94,4.94,4.75,4.8,2345629.0
2022-11-22,4.87,4.89,4.74,4.85,1689318.0
2022-11-23,4.92,4.99,4.83,4.98,2242153.0
2022-11-25,4.95,5.01,4.91,4.91,756678.0
2022-11-28,4.88,5.02,4.85,4.94,2000087.0
2022-11-29,4.99,5.0,4.81,4.83,1631528.0
2022-11-30,4.91,5.16,4.79,5.16,3408561.0
2022-12-01,5.12,5.26,4.95,4.96,2318791.0
2022-12-02,4.85,4.98,4.75,4.94,2881701.0
2022-12-05,4.86,4.9,4.61,4.65,3261305.0
2022-12-06,4.68,4.71,4.33,4.35,3876835.0
2022-12-07,4.37,4.44,4.31,4.35,2317349.0
2022-12-08,4.45,4.69,4.35,4.62,2050843.0
2022-12-09,4.59,4.68,4.48,4.48,1617764.0
2022-12-12,4.43,4.49,4.38,4.47,2150339.0
2022-12-13,4.7,4.76,4.27,4.32,3858833.0
2022-12-14,4.37,4.51,4.17,4.23,3240571.0
2022-12-15,4.16,4.2,3.88,3.91,5466674.0
2022-12-16,3.96,3.97,3.78,3.86,4233004.0
2022-12-19,3.87,3.91,3.64,3.7,3165986.0
2022-12-20,3.7,3.81,3.63,3.71,2835699.0
2022-12-21,3.77,3.83,3.66,3.69,2052675.0
2022-12-22,3.62,3.64,3.36,3.37,5613301.0
2022-12-23,3.39,3.4,3.27,3.3,4519150.0
2022-12-27,3.28,3.3,3.05,3.1,4232526.0
2022-12-28,3.12,3.21,3.04,3.12,3397599.0
2022-12-29,3.18,3.68,3.13,3.54,4854413.0
2022-12-30,3.45,3.53,3.38,3.45,2348555.0
2023-01-03,3.57,3.72,3.41,3.46,2736599.0
2023-01-04,3.51,3.7,3.45,3.61,2001371.0
2023-01-05,3.55,3.69,3.52,3.64,1883488.0
2023-01-06,3.68,3.78,3.59,3.77,1728794.0
2023-01-09,3.89,4.01,3.79,3.81,3357765.0
2023-01-10,3.83,3.86,3.68,3.81,2284539.0
2023-01-11,3.91,3.99,3.78,3.86,2697810.0
2023-01-12,3.9,4.05,3.7,4.05,2986550.0
2023-01-13,3.97,4.42,3.95,4.41,4058432.0
2023-01-17,4.4,4.43,4.2,4.35,3102232.0
2023-01-18,4.4,4.55,4.2,4.2,2382907.0
2023-01-19,4.09,4.15,4.01,4.02,1799572.0
2023-01-20,4.24,4.44,4.14,4.34,3701080.0
2023-01-23,4.51,4.62,4.37,4.5,3859992.0
2023-01-24,4.46,4.73,4.37,4.44,1794776.0
2023-01-25,4.31,4.54,4.26,4.5,1582730.0
2023-01-26,4.63,4.68,4.31,4.54,3110206.0
2023-01-27,4.48,4.57,4.43,4.49,4102644.0
2023-01-30,4.47,4.59,4.4,4.46,2272851.0
2023-01-31,4.5,4.58,4.42,4.44,2490918.0
2023-02-01,4.45,4.79,4.4,4.76,4175127.0
2023-02-02,4.93,5.57,4.9,5.49,7545171.0
2023-02-03,5.26,5.72,5.22,5.5,4767473.0
2023-02-06,5.8,6.0,5.34,5.41,9931635.0
2023-02-07,5.44,5.44,4.95,5.15,5826551.0
2023-02-08,5.15,5.48,5.1,5.13,3321220.0
2023-02-09,5.21,5.22,4.67,4.69,4728603.0
2023-02-10,4.72,4.94,4.68,4.81,2746900.0
2023-02-13,4.87,4.91,4.68,4.89,2522008.0
2023-02-14,4.76,5.07,4.67,4.99,3955981.0
2023-02-15,5.0,5.65,5.0,5.65,5544942.0
2023-02-16,5.48,5.59,5.26,5.28,3491469.0
2023-02-17,5.17,5.2,4.8,4.88,3684472.0
2023-02-21,4.87,4.92,4.62,4.64,2904938.0
2023-02-22,4.68,4.78,4.55,4.76,2515159.0
2023-02-23,4.87,4.9,4.61,4.78,2380940.0
2023-02-24,4.6,4.7,4.51,4.57,2326853.0
2023-02-27,4.6,4.67,4.58,4.63,1413194.0
2023-02-28,4.65,4.82,4.6,4.74,1745296.0
2023-03-01,4.76,4.77,4.56,4.62,1926985.0
2023-03-02,4.54,4.77,4.46,4.76,2181653.0
2023-03-03,4.8,5.05,4.79,5.03,2405759.0
2023-03-06,5.07,5.21,4.9,4.93,2333712.0
2023-03-07,4.96,5.13,4.82,4.94,2225456.0
2023-03-08,4.97,5.15,4.86,5.06,2135807.0
2023-03-09,5.05,5.19,4.77,4.83,3300133.0
2023-03-10,4.83,4.84,4.49,4.56,3782810.0
2023-03-13,4.47,4.79,4.38,4.71,3784414.0
2023-03-14,4.77,4.93,4.73,4.79,2361426.0
2023-03-15,4.64,4.8,4.63,4.77,2366105.0
2023-03-16,4.77,4.88,4.68,4.8,1841694.0
2023-03-17,4.82,4.89,4.64,4.73,2666111.0
2023-03-20,4.72,4.76,4.61,4.61,2310042.0
2023-03-21,4.65,4.94,4.63,4.87,5128051.0
2023-03-22,4.88,4.98,4.65,4.65,2518188.0
2023-03-23,4.72,5.08,4.71,4.84,3364727.0
2023-03-24,4.84,4.96,4.75,4.88,2343160.0
2023-03-27,4.94,5.24,4.84,5.12,3741574.0
2023-03-28,5.12,5.13,4.65,4.7,4003717.0
2023-03-29,4.82,5.14,4.8,5.13,3382831.0
2023-03-30,5.2,5.35,5.04,5.08,4318464.0
2023-03-31,5.35,6.77,5.25,6.15,33616027.0
2023-04-03,6.27,6.54,5.91,6.15,10188073.0
2023-04-04,6.31,7.18,6.3,7.07,18441870.0
2023-04-05,7.21,7.21,6.41,6.66,12436281.0
2023-04-06,6.3,6.96,6.21,6.81,6841115.0
2023-04-10,6.84,7.0,6.64,6.85,5715385.0
2023-04-11,6.92,7.35,6.68,6.78,7214963.0
2023-04-12,7.04,7.06,6.51,6.59,4389049.0
2023-04-13,6.67,6.94,6.61,6.82,3771703.0
2023-04-14,6.71,6.96,6.53,6.71,3389308.0
2023-04-17,6.68,6.87,6.42,6.55,3321667.0
2023-04-18,6.59,6.61,6.27,6.4,3666535.0
2023-04-19,6.21,6.37,6.16,6.28,2708376.0
2023-04-20,6.07,6.24,6.0,6.1,3137051.0
2023-04-21,6.1,6.27,6.0,6.25,2363024.0
2023-04-24,6.28,6.34,5.82,5.84,4710023.0
2023-04-25,5.71,5.74,5.44,5.51,3922357.0
2023-04-26,5.52,5.6,5.37,5.4,3079313.0
2023-04-27,5.5,5.66,5.45,5.55,2497861.0
2023-04-28,5.6,5.6,5.41,5.51,2645328.0
2023-05-01,5.53,5.66,5.45,5.49,3298439.0
2023-05-02,5.45,5.59,5.3,5.31,2767372.0
2023-05-03,5.34,5.53,5.29,5.41,2418509.0
2023-05-04,5.45,5.6,5.38,5.57,2591466.0
2023-05-05,5.74,5.96,5.7,5.9,4138349.0
2023-05-08,6.13,6.24,6.0,6.15,4032566.0
2023-05-09,6.12,6.46,6.07,6.38,3731943.0
2023-05-10,6.54,6.97,6.43,6.95,5292635.0
2023-05-11,6.84,7.12,6.65,7.02,9256522.0
2023-05-12,6.39,6.66,6.0,6.35,9156548.0
2023-05-15,6.34,7.46,6.33,7.34,7741744.0
2023-05-16,7.04,8.06,7.02,7.99,12604317.0
2023-05-17,7.99,9.15,7.91,8.96,13777041.0
2023-05-18,8.98,9.45,8.53,9.09,14432007.0
2023-05-19,9.14,9.32,8.77,8.88,7209879.0
2023-05-22,9.01,11.32,8.89,10.86,26211097.0
2023-05-23,10.93,11.65,10.66,10.83,17921025.0
2023-05-24,9.68,10.36,9.15,10.24,15813853.0
2023-05-25,10.51,10.63,9.23,9.35,16432897.0
2023-05-26,9.48,10.22,9.45,10.0,10900923.0
2023-05-30,10.2,11.1,9.86,10.99,15712410.0
2023-05-31,10.53,11.07,10.31,10.79,11492036.0
2023-06-01,10.57,11.34,10.4,10.72,13483072.0
2023-06-02,10.63,10.7,9.06,9.22,16664523.0
2023-06-05,9.46,9.9,8.9,9.84,7733383.0
2023-06-06,9.55,10.05,9.3,9.81,8085418.0
2023-06-07,9.93,10.48,9.41,9.45,9282549.0
2023-06-08,9.64,10.87,9.45,10.65,12100056.0
2023-06-09,10.45,11.31,10.33,10.55,10992737.0
2023-06-12,10.65,11.22,10.25,10.54,8760211.0
2023-06-13,10.85,10.85,9.94,10.63,10530357.0
2023-06-14,10.52,11.56,9.72,9.94,19989280.0
2023-06-15,9.93,10.05,9.73,9.94,5935185.0
2023-06-16,10.12,10.17,9.62,9.7,5951336.0
2023-06-20,9.65,9.71,9.12,9.31,6761171.0
2023-06-21,9.15,9.38,8.83,9.22,7077978.0
2023-06-22,9.01,9.54,8.98,9.43,7220222.0
2023-06-23,10.06,10.67,9.2,9.37,22404090.0
2023-06-26,9.76,10.78,9.52,10.33,17817689.0
2023-06-27,10.46,10.88,10.26,10.81,8606689.0
2023-06-28,10.67,13.56,10.66,13.35,34141664.0
2023-06-29,13.2,14.07,12.86,13.53,17017590.0
2023-06-30,13.82,14.8,13.42,13.53,17052269.0
2023-07-03,13.79,14.3,13.32,13.5,6078634.0
2023-07-05,13.49,15.07,13.34,14.12,13877215.0
2023-07-06,13.86,13.89,12.69,13.29,10300282.0
2023-07-07,13.72,14.13,13.22,13.28,8341607.0
2023-07-10,13.5,14.15,12.93,14.03,9416803.0
2023-07-11,14.07,14.55,13.51,13.86,10789056.0
2023-07-12,14.17,14.83,13.61,14.72,12558721.0
2023-07-13,14.6,14.88,14.01,14.46,10442010.0
2023-07-14,14.62,15.36,13.41,13.55,13972981.0
2023-07-17,13.76,14.94,13.47,14.9,10548630.0
2023-07-18,14.8,15.85,14.78,15.71,13845672.0
2023-07-19,16.02,16.3,14.89,15.52,12203058.0
2023-07-20,15.38,16.08,14.77,14.92,7778363.0
2023-07-21,15.33,15.48,14.2,14.42,7127976.0
2023-07-24,14.58,14.8,14.15,14.39,4571088.0
2023-07-25,14.57,15.87,14.47,15.22,9280049.0
2023-07-26,15.43,16.38,14.93,16.19,10018206.0
2023-07-27,16.61,17.05,15.27,15.53,11511094.0
2023-07-28,15.86,18.01,15.77,17.93,14818562.0
2023-07-31,18.82,19.33,18.06,19.25,13950882.0
2023-08-01,18.48,20.14,18.43,19.86,15712003.0
2023-08-02,19.13,19.47,17.3,18.33,13988184.0
2023-08-03,18.0,19.02,17.85,18.29,7803963.0
2023-08-04,18.35,18.61,17.16,17.39,10845198.0
2023-08-07,17.41,17.41,15.0,15.58,15512328.0
2023-08-08,14.85,15.5,14.75,15.33,8051683.0
2023-08-09,15.84,15.84,14.1,14.49,12370385.0
2023-08-10,14.85,15.28,14.15,14.19,12999605.0
2023-08-11,14.94,17.74,14.91,15.71,51478069.0
2023-08-14,16.55,16.64,14.66,14.88,16876616.0
2023-08-15,14.73,16.78,14.53,15.56,25775804.0
2023-08-16,15.18,15.5,13.61,13.69,16770797.0
2023-08-17,14.02,14.02,13.0,13.01,11812161.0
2023-08-18,12.37,13.66,12.19,13.42,11928615.0
2023-08-21,13.72,14.48,13.36,14.42,9703492.0
2023-08-22,14.9,15.07,14.17,14.92,9453986.0
2023-08-23,14.79,16.27,14.64,16.1,10681141.0
2023-08-24,16.38,16.42,14.18,14.62,11746805.0
2023-08-25,14.66,15.34,14.19,14.67,10050640.0
2023-08-28,14.86,15.43,14.32,15.27,8170348.0
2023-08-29,15.14,16.6,14.95,16.5,13203494.0
2023-08-30,16.32,17.43,16.11,17.12,11589156.0
2023-08-31,17.12,17.53,16.56,17.19,7681982.0
2023-09-01,17.34,17.62,16.53,17.51,7835784.0
2023-09-05,17.28,19.07,17.27,18.97,12119131.0
2023-09-06,18.84,20.05,18.63,19.58,13193818.0
2023-09-07,18.52,18.52,16.6,17.49,16134629.0
2023-09-08,17.6,19.35,17.59,19.34,13094247.0
2023-09-11,19.2,19.77,18.76,19.68,11040863.0
2023-09-12,19.21,21.6,19.12,19.31,21368943.0
2023-09-13,19.37,19.96,18.57,18.69,13052493.0
2023-09-14,18.77,19.29,17.77,18.03,11911056.0
2023-09-15,17.97,18.07,16.75,17.08,13729859.0
2023-09-18,17.03,17.68,16.08,16.16,10491991.0
2023-09-19,16.35,16.6,15.72,15.78,9755830.0
2023-09-20,15.95,16.44,14.78,14.8,14212643.0
2023-09-21,14.4,14.65,13.51,13.53,15438643.0
2023-09-22,14.08,14.36,13.18,13.28,11661344.0
2023-09-25,13.21,13.65,12.96,13.41,8908493.0
2023-09-26,13.24,13.69,12.98,13.1,8431098.0
2023-09-27,13.33,14.52,13.25,14.24,15092385.0
2023-09-28,14.45,15.62,13.93,15.39,15513850.0
2023-09-29,15.49,15.88,14.59,14.88,13846228.0
2023-10-02,14.93,15.15,14.47,14.81,7661504.0
2023-10-03,14.47,14.63,13.7,13.92,8441426.0
2023-10-04,13.86,14.88,13.83,14.77,8775480.0
2023-10-05,14.5,14.87,14.17,14.69,6183592.0
2023-10-06,14.39,15.35,14.17,15.29,8894965.0
2023-10-09,14.42,15.13,14.33,14.64,8915891.0
2023-10-10,14.74,16.38,14.71,16.0,16382174.0
2023-10-11,16.19,16.6,15.32,15.69,9986672.0
2023-10-12,15.78,16.23,14.97,15.21,9742887.0
2023-10-13,15.01,15.23,14.19,14.29,8371921.0
2023-10-16,14.2,14.77,14.02,14.41,6725431.0
2023-10-17,14.12,14.71,13.81,14.38,6852651.0
2023-10-18,14.18,14.53,13.51,13.69,7830915.0
2023-10-19,13.79,14.07,13.33,13.47,7664930.0
2023-10-20,13.29,13.52,12.52,12.59,9586865.0
2023-10-23,12.34,12.88,11.83,12.64,11506304.0
2023-10-24,11.13,11.83,10.91,11.01,18483495.0
2023-10-25,11.15,11.21,10.27,10.4,12868734.0
2023-10-26,10.29,10.45,9.85,9.92,12436498.0
2023-10-27,10.2,10.39,10.06,10.14,7936314.0
2023-10-30,10.4,10.43,9.35,9.5,12284672.0
2023-10-31,9.46,9.72,9.23,9.64,7301687.0
2023-11-01,9.73,10.29,9.6,10.22,9031454.0
2023-11-02,10.92,11.34,10.75,11.14,11768983.0
2023-11-03,11.24,12.09,11.24,11.58,9590592.0
2023-11-06,11.81,11.92,10.97,11.21,10032050.0
2023-11-07,11.19,11.61,11.03,11.47,7873239.0
2023-11-08,11.56,11.57,11.11,11.41,7449383.0
2023-11-09,11.18,12.58,10.91,11.23,16070335.0
2023-11-10,11.27,11.27,10.15,10.66,11940458.0
2023-11-13,10.59,11.74,10.53,11.55,12006033.0
2023-11-14,11.87,12.74,11.66,12.69,10069520.0
2023-11-15,12.81,13.58,12.28,12.99,12077311.0
2023-11-16,12.79,12.79,12.06,12.2,7567873.0
2023-11-17,12.44,12.85,12.27,12.7,7101709.0
2023-11-20,12.86,13.29,12.75,12.85,5988313.0
2023-11-21,12.57,12.59,12.17,12.29,5387269.0
2023-11-22,12.53,13.38,12.22,12.42,7320398.0
2023-11-24,12.46,12.5,12.08,12.36,3057836.0
2023-11-27,12.19,12.6,12.03,12.1,5517499.0
2023-11-28,12.04,12.27,11.69,12.21,6430672.0
2023-11-29,12.62,13.24,12.38,12.48,8847670.0
2023-11-30,12.73,12.83,12.17,12.23,6469361.0
2023-12-01,12.21,13.66,11.92,13.61,9840653.0
2023-12-04,13.32,14.09,13.3,13.76,9841454.0
2023-12-05,13.55,13.6,12.88,13.01,6930494.0
2023-12-06,13.46,14.0,12.94,12.97,8686407.0
2023-12-07,13.05,13.21,12.65,13.2,6021298.0
2023-12-08,13.06,13.79,12.98,13.69,8181388.0
2023-12-11,13.17,13.4,12.67,13.05,10633976.0
2023-12-12,13.03,13.24,12.65,12.76,7545507.0
2023-12-13,12.75,13.43,12.27,13.43,11648936.0
2023-12-14,13.64,14.9,13.62,14.76,15617185.0
2023-12-15,14.63,15.5,14.59,14.93,12601521.0
2023-12-18,14.6,15.03,14.41,14.57,6809445.0
2023-12-19,14.68,15.23,14.23,14.32,7388685.0
2023-12-20,14.18,14.61,13.33,13.39,8701214.0
2023-12-21,13.83,14.0,13.52,13.79,4937341.0
2023-12-22,13.91,14.15,13.53,13.64,4895885.0
2023-12-26,13.67,13.74,13.0,13.52,8866839.0
2023-12-27,13.64,13.91,13.17,13.21,7445210.0
2023-12-28,13.15,13.4,13.02,13.23,5065110.0
2023-12-29,13.17,13.18,12.33,12.39,8605308.0
2024-01-02,12.35,12.59,12.1,12.16,5951056.0
2024-01-03,11.81,12.09,11.77,11.93,6225723.0
2024-01-04,12.06,12.61,11.85,12.28,7264447.0
2024-01-05,12.09,12.38,11.95,12.0,6103555.0
2024-01-08,12.12,12.73,12.03,12.64,6044317.0
2024-01-09,12.42,12.64,12.17,12.45,4920947.0
2024-01-10,12.46,12.49,11.61,12.09,7384831.0
2024-01-11,12.07,12.27,11.36,11.56,7131271.0
2024-01-12,11.74,11.97,11.37,11.4,4476916.0
2024-01-16,11.2,11.27,10.87,10.97,5654503.0
2024-01-17,10.7,10.89,10.46,10.85,4866353.0
2024-01-18,11.39,11.4,10.47,10.72,6329262.0
2024-01-19,10.84,10.86,10.32,10.85,5365696.0
2024-01-22,11.18,11.87,11.15,11.72,7254920.0
2024-01-23,12.1,12.12,11.54,11.75,5291401.0
2024-01-24,12.05,12.1,11.06,11.07,5092367.0
2024-01-25,11.45,11.99,11.16,11.28,7254597.0
2024-01-26,11.38,11.57,10.96,11.01,4796061.0
2024-01-29,,11.22,,,
2024-01-30,,11.12,,,
2024-01-31,,10.94,,,
2024-02-01,,10.48,,,
2024-02-02,,10.34,,,
2024-02-05,,10.16,,,
2024-02-06,,10.46,,,
2024-02-07,,10.5,,,
2024-02-08,,10.99,,,
2024-02-09,,11.25,,,
2024-02-12,,12.03,,,
2024-02-13,,10.9,,,
2024-02-14,,10.98,,,
2024-02-15,,11.28,,,
2024-02-16,,11.26,,,
2024-02-20,,11.01,,,
2024-02-21,,10.71,,,
2024-02-22,,11.17,,,
2024-02-23,,11.12,,,
2024-02-26,,11.3,,,
2024-02-27,,11.68,,,
2024-02-28,,11.63,,,
2024-02-29,,11.72,,,
2024-03-01,,10.86,,,
2024-03-04,,10.66,,,
2024-03-05,,10.0,,,
2024-03-06,,10.16,,,
2024-03-07,,11.32,,,
2024-03-08,,12.32,,,
2024-03-11,,10.77,,,
2024-03-12,,10.25,,,
2024-03-13,,10.07,,,
2024-03-14,,9.7,,,
2024-03-15,,9.38,,,
2024-03-18,,9.68,,,
2024-03-19,,9.48,,,
2024-03-20,,9.59,,,
2024-03-21,,9.79,,,
2024-03-22,,9.55,,,
2024-03-25,,9.7,,,
2024-03-26,,9.69,,,
2024-03-27,,9.56,,,
2024-03-28,,10.01,,,
2024-04-01,,10.09,,,
2024-04-02,,9.73,,,
2024-04-03,,9.54,,,
2024-04-04,,9.72,,,
2024-04-05,,9.37,,,
2024-04-08,,9.36,,,
2024-04-09,,8.61,,,
2024-04-10,,8.25,,,
2024-04-11,,8.38,,,
2024-04-12,,8.22,,,
2024-04-15,,8.02,,,
2024-04-16,,7.72,,,
2024-04-17,,7.79,,,
2024-04-18,,7.59,,,
2024-04-19,,7.34,,,
2024-04-22,,7.62,,,
2024-04-23,,8.21,,,
2024-04-24,,8.37,,,
2024-04-25,,8.23,,,
2024-04-26,,8.97,,,
2024-04-29,,9.15,,,
2024-04-30,,8.8,,,
2024-05-01,,9.22,,,
2024-05-02,,9.14,,,
2024-05-03,,9.31,,,
2024-05-06,,9.33,,,
2024-05-07,,9.19,,,
2024-05-08,,8.8,,,
2024-05-09,,9.47,,,
2024-05-10,,9.31,,,
2024-05-13,,9.24,,,
2024-05-14,,9.42,,,
2024-05-15,,9.56,,,
2024-05-16,,9.02,,,
2024-05-17,,8.91,,,
2024-05-20,,9.01,,,
2024-05-21,,8.86,,,
2024-05-22,,8.86,,,
2024-05-23,,8.74,,,
2024-05-24,,8.56,,,
2024-05-28,,8.48,,,
2024-05-29,,8.22,,,
2024-05-30,,8.47,,,
2024-05-31,,8.62,,,
2024-06-03,,8.32,,,
2024-06-04,,7.91,,,
2024-06-05,,7.97,,,
2024-06-06,,7.87,,,
2024-06-07,,8.12,,,
2024-06-10,,8.31,,,
2024-06-11,,8.13,,,
2024-06-12,,8.37,,,
2024-06-13,,8.13,,,
2024-06-14,,7.77,,,
2024-06-17,,7.64,,,
2024-06-18,,7.41,,,
2024-06-20,,7.12,,,
2024-06-21,,6.81,,,
2024-06-24,,7.09,,,
2024-06-25,,6.84,,,
2024-06-26,,6.77,,,
2024-06-27,,7.15,,,
2024-06-28,,7.19,,,
2024-07-01,,7.12,,,
2024-07-02,,7.18,,,
2024-07-03,,7.32,,,
2024-07-05,,7.61,,,
2024-07-08,,7.8,,,
2024-07-09,,7.95,,,
2024-07-10,,8.46,,,
2024-07-11,,8.77,,,
2024-07-12,,8.45,,,
2024-07-15,,9.04,,,
2024-07-16,,9.05,,,
2024-07-17,,8.91,,,
2024-07-18,,8.84,,,
2024-07-19,,8.07,,,
2024-07-22,,8.08,,,
2024-07-23,,8.38,,,
2024-07-24,,8.36,,,
2024-07-25,,8.16,,,
2024-07-26,,8.27,,,
2024-07-29,,8.44,,,
2024-07-30,,8.0,,,
2024-07-31,,8.47,,,
2024-08-01,,8.1,,,
2024-08-02,,7.27,,,
2024-08-05,,6.93,,,
2024-08-06,,7.35,,,
2024-08-07,,7.37,,,
2024-08-08,,7.28,,,
2024-08-09,,7.52,,,
2024-08-12,,7.21,,,
2024-08-13,,7.32,,,
2024-08-14,,7.44,,,
2024-08-15,,7.66,,,
2024-08-16,,7.53,,,
2024-08-19,,7.33,,,
2024-08-20,,7.37,,,
2024-08-21,,7.79,,,
2024-08-22,,7.75,,,
2024-08-23,,7.68,,,
2024-08-26,,7.65,,,
2024-08-27,,7.47,,,
2024-08-28,,7.35,,,
2024-08-29,,7.54,,,
2024-08-30,,7.54,,,
2024-09-03,,7.37,,,
2024-09-04,,7.14,,,
2024-09-05,,7.24,,,
2024-09-06,,7.11,,,
2024-09-09,,7.0,,,
2024-09-10,,6.97,,,
2024-09-11,,7.31,,,
2024-09-12,,7.43,,,
2024-09-13,,7.83,,,
2024-09-16,,7.86,,,
2024-09-17,,8.25,,,
2024-09-18,,8.27,,,
2024-09-19,,8.18,,,
2024-09-20,,8.25,,,
2024-09-23,,8.52,,,
2024-09-24,,8.27,,,
2024-09-25,,8.09,,,
2024-09-26,,8.09,,,
2024-09-27,,10.0,,,
2024-09-30,,10.11,,,
2024-10-01,,8.97,,,
2024-10-02,,9.3,,,
2024-10-03,,9.36,,,
2024-10-04,,9.5,,,
2024-10-07,,9.61,,,
2024-10-08,,9.67,,,
2024-10-09,,9.74,,,
2024-10-10,,9.84,,,
2024-10-11,,10.72,,,
2024-10-14,,11.0,,,
2024-10-15,,11.31,,,
2024-10-16,,12.35,,,
2024-10-17,,12.67,,,
2024-10-18,,13.8,,,
2024-10-21,,15.23,,,
2024-10-22,,15.29,,,
2024-10-23,,16.13,,,
2024-10-24,,16.14,,,
2024-10-25,,17.05,,,
2024-10-28,,18.2,,,
2024-10-29,,17.8,,,
2024-10-30,,17.55,,,
2024-10-31,,16.98,,,
2024-11-01,,15.51,,,
2024-11-04,,15.11,,,
2024-11-05,,15.55,,,
2024-11-06,,16.83,,,
2024-11-07,,22.62,,,
2024-11-08,,25.68,,,
2024-11-11,,24.49,,,
2024-11-12,,25.44,,,
2024-11-13,,27.65,,,
2024-11-14,,28.05,,,
2024-11-15,,29.48,,,
2024-11-18,,28.47,,,
2024-11-19,,28.3,,,
2024-11-20,,30.5,,,
2024-11-21,,33.8,,,
2024-11-22,,33.07,,,
2024-11-25,,35.24,,,
2024-11-26,,32.86,,,
2024-11-27,,32.37,,,
2024-11-29,,37.28,,,
2024-12-02,,37.0,,,
2024-12-03,,33.68,,,
2024-12-04,,34.95,,,
2024-12-05,,37.64,,,
2024-12-06,,38.45,,,
2024-12-09,,38.25,,,
2024-12-10,,36.75,,,
2024-12-11,,32.99,,,
2024-12-12,,32.78,,,
2024-12-13,,34.04,,,
2024-12-16,,42.81,,,
2024-12-17,,43.94,,,
2024-12-18,,44.99,,,
2024-12-19,,42.4,,,
2024-12-20,,47.41,,,
2024-12-23,,45.5,,,
2024-12-24,,45.4,,,
2024-12-26,,48.56,,,
2024-12-27,,48.25,,,
2024-12-30,,45.79,,,
2024-12-31,,45.14,,,
2025-01-02,,43.79,,,
2025-01-03,,47.91,,,
2025-01-06,,51.66,,,
2025-01-07,,54.74,,,
2025-01-08,,39.0,,,
2025-01-10,,33.98,,,
2025-01-13,,32.83,,,
2025-01-14,,30.2,,,
2025-01-15,,40.5,,,
2025-01-16,,42.0,,,
2025-01-17,,42.35,,,
2025-01-21,,45.56,,,
2025-01-22,,45.35,,,
2025-01-23,,43.94,,,
2025-01-24,,44.23,,,
2025-01-27,,42.12,,,
2025-01-28,,40.36,,,
2025-01-29,,40.6,,,
2025-01-30,,41.68,,,
2025-01-31,,42.98,,,
2025-02-03,,42.38,,,
2025-02-04,,44.59,,,
2025-02-05,,43.59,,,
2025-02-06,,44.34,,,
2025-02-07,,43.97,,,
2025-02-10,,42.85,,,
2025-02-11,,42.49,,,
2025-02-12,,39.33,,,
2025-02-13,,38.85,,,
2025-02-14,,38.58,,,
2025-02-18,,36.32,,,
2025-02-19,,35.93,,,
2025-02-20,,35.71,,,
2025-02-21,,35.5,,,
2025-02-24,,32.54,,,
2025-02-25,,31.11,,,
2025-02-26,,31.07,,,
2025-02-27,,28.99,,,
2025-02-28,,25.62,,,
2025-03-03,,25.58,,,
2025-03-04,,23.2,,,
2025-03-05,,23.2,,,
2025-03-06,,22.06,,,
2025-03-07,,21.29,,,
2025-03-10,,20.11,,,
2025-03-11,,19.18,,,
2025-03-12,,22.19,,,
2025-03-13,,22.57,,,
2025-03-14,,25.24,,,
2025-03-17,,25.5,,,
2025-03-18,,24.46,,,
2025-03-19,,24.12,,,
2025-03-20,,24.5,,,
2025-03-21,,22.72,,,
2025-03-24,,26.32,,,
2025-03-25,,26.19,,,
2025-03-26,,27.83,,,
2025-03-27,,25.2,,,
2025-03-28,,23.66,,,
2025-03-31,,23.1,,,
2025-04-01,,24.62,,,
2025-04-02,,25.84,,,
2025-04-03,,23.78,,,
2025-04-04,,22.87,,,
2025-04-07,,24.0,,,
2025-04-08,,24.6,,,
2025-04-09,,26.56,,,
2025-04-10,,26.62,,,
2025-04-11,,27.25,,,
2025-04-14,,28.25,,,
2025-04-15,,26.08,,,
2025-04-16,,25.36,,,
2025-04-17,,25.87,,,
2025-04-21,,25.2,,,
2025-04-22,,25.93,,,
2025-04-23,,27.84,,,
2025-04-24,,29.58,,,
2025-04-25,,31.85,,,
2025-04-28,,29.96,,,
2025-04-29,,29.14,,,
2025-04-30,,27.5,,,
2025-05-01,,28.46,,,
2025-05-02,,31.33,,,
2025-05-05,,30.83,,,
2025-05-06,,29.5,,,
2025-05-07,,29.36,,,
2025-05-08,,33.5,,,
2025-05-09,,32.64,,,
2025-05-12,,33.93,,,
2025-05-13,,34.1,,,
2025-05-14,,35.29,,,
2025-05-15,,34.39,,,
2025-05-16,,35.15,,,
2025-05-19,,35.14,,,
2025-05-20,,35.99,,,
2025-05-21,,36.61,,,
2025-05-22,,48.92,,,
2025-05-23,,47.87,,,
2025-05-27,,48.08,,,
2025-05-28,,48.94,,,
2025-05-29,,48.82,,,
2025-05-30,,41.61,,,
2025-06-02,,41.07,,,
2025-06-03,,42.39,,,
2025-06-04,,40.15,,,
2025-06-05,,39.25,,,
2025-06-06,,39.95,,,
2025-06-09,,42.55,,,
2025-06-10,,44.05,,,
2025-06-11,,43.96,,,
2025-06-12,,40.86,,,
2025-06-13,,39.83,,,
2025-06-16,,39.26,,,
2025-06-17,,38.66,,,
2025-06-18,,39.67,,,
2025-06-20,,41.44,,,
2025-06-23,,41.21,,,
2025-06-24,,42.81,,,
2025-06-25,,42.13,,,
2025-06-26,,41.7,,,
2025-06-27,,41.87,,,
2025-06-30,,44.1,,,
2025-07-01,,42.67,,,
2025-07-02,,44.92,,,
2025-07-03,,45.58,,,
2025-07-07,,47.21,,,
2025-07-08,,47.88,,,
2025-07-09,,47.25,,,
2025-07-10,,46.35,,,
2025-07-11,,45.57,,,
2025-07-14,,42.72,,,
2025-07-15,,43.14,,,
2025-07-16,,43.67,,,
2025-07-17,,44.86,,,
2025-07-18,,47.64,,,
2025-07-21,,47.73,,,
2025-07-22,,44.54,,,
2025-07-23,,43.54,,,
2025-07-24,,44.64,,,
2025-07-25,,44.25,,,
2025-07-28,,44.53,,,
2025-07-29,,44.21,,,
2025-07-30,,41.86,,,
2025-07-31,,42.28,,,
2025-08-01,,39.19,,,
2025-08-04,,40.7,,,
2025-08-05,,42.44,,,
2025-08-06,,43.6,,,
2025-08-07,,41.58,,,
2025-08-08,,42.37,,,
2025-08-11,,46.82,,,
2025-08-12,,44.97,,,
2025-08-13,,43.5,,,
2025-08-14,,41.12,,,
2025-08-15,,40.83,,,
2025-08-18,,40.5,,,
2025-08-19,,40.29,,,
2025-08-20,,37.41,,,
2025-08-21,,37.38,,,
2025-08-22,,39.92,,,
2025-08-25,,39.82,,,
2025-08-26,,40.92,,,
2025-08-27,,42.67,,,
2025-08-28,,43.73,,,
2025-08-29,,43.27,,,
2025-09-02,,43.05,,,
2025-09-03,,43.21,,,
2025-09-04,,43.03,,,
2025-09-05,,42.73,,,
2025-09-08,,42.59,,,
2025-09-09,,44.26,,,
2025-09-10,,45.18,,,
2025-09-11,,47.23,,,
2025-09-12,,56.07,,,
2025-09-15,,59.89,,,
2025-09-16,,62.85,,,
2025-09-17,,66.39,,,
2025-09-18,,70.43,,,
2025-09-19,,71.3,,,
2025-09-22,,73.17,,,
2025-09-23,,76.13,,,
2025-09-24,,75.95,,,
2025-09-25,,72.29,,,
2025-09-26,,70.42,,,
2025-09-29,,68.88,,,
2025-09-30,,65.0,,,
2025-10-01,,64.85,,,
2025-10-02,,69.6,,,
2025-10-03,,73.76,,,
2025-10-06,,79.23,,,
2025-10-07,,82.97,,,
2025-10-08,,82.41,,,
2025-10-09,,78.0,,,
2025-10-10,,77.38,,,
2025-10-13,,84.64,,,
2025-10-14,,81.08,,,
2025-10-15,,80.23,,,
2025-10-16,,73.87,,,
2025-10-17,,65.72,,,
2025-10-20,,65.5,,,
2025-10-21,,60.9,,,
2025-10-22,,59.35,,,
2025-10-23,,62.93,,,
2025-10-24,,64.11,,,
2025-10-27,,65.5,,,
2025-10-28,,64.57,,,
2025-10-29,,62.1,,,
2025-10-30,,61.84,,,
2025-10-31,,62.97,,,
2025-11-03,,62.69,,,
2025-11-04,,57.16,,,
2025-11-05,,56.41,,,
2025-11-06,,58.99,,,
2025-11-07,,59.3,,,
2025-11-10,,59.02,,,
2025-11-11,,56.03,,,
2025-11-12,,55.6,,,
2025-11-13,,49.9,,,
2025-11-14,,48.78,,,
2025-11-17,,49.25,,,
2025-11-18,,50.29,,,
2025-11-19,,50.68,,,
2025-11-20,,49.57,,,
2025-11-21,,42.76,,,
2025-11-24,,47.34,,,
2025-11-25,,47.91,,,
2025-11-26,,48.25,,,
2025-11-28,,49.85,,,
2025-12-01,,48.87,,,
2025-12-02,,49.68,,,
2025-12-03,,48.9,,,
2025-12-04,,55.32,,,
2025-12-05,,54.26,,,
2025-12-08,,54.82,,,
2025-12-09,,55.66,,,
2025-12-10,,53.61,,,
2025-12-11,,52.88,,,
2025-12-12,,53.0,,,
2025-12-15,,51.0,,,
2025-12-16,,49.9,,,
2025-12-17,,52.15,,,
2025-12-18,,48.72,,,
2025-12-19,,49.44,,,
2025-12-22,,55.6,,,
2025-12-23,,54.54,,,
2025-12-24,,51.88,,,
2025-12-26,,49.68,,,
2025-12-29,,46.76,,,
2025-12-30,,46.83,,,
2025-12-31,,46.44,,,
2026-01-02,,47.09,,,
2026-01-05,,50.32,,,
2026-01-06,,50.77,,,
2026-01-07,,51.86,,,
2026-01-08,,52.51,,,
2026-01-09,,52.62,,,
2026-01-12,,51.02,,,
2026-01-13,,51.92,,,
2026-01-14,,50.92,,,
2026-01-15,,51.58,,,
2026-01-16,,51.89,,,
2026-01-20,,54.24,,,
2026-01-21,,52.66,,,
2026-01-22,,50.18,,,
2026-01-23,,49.51,,,
2026-01-26,,50.59,,,
2026-01-27,,46.44,,,
2026-01-28,,46.9,,,
2026-01-29,,45.86,,,
2026-01-30,43.4,39.98,43.49,38.92,0.0
2026-02-02,40.63,38.56,40.73,37.72,0.0
2026-02-03,39.61,38.47,39.82,36.63,0.0
2026-02-04,38.5,35.34,38.55,33.63,0.0
2026-02-05,33.92,30.43,34.38,29.99,0.0
2026-02-06,31.9,34.99,36.11,31.35,0.0
2026-02-09,34.68,35.48,35.64,33.66,0.0
2026-02-10,35.1,35.19,36.57,34.81,0.0
2026-02-11,36.05,33.61,36.06,33.01,0.0
2026-02-12,33.7,31.3,33.7,30.89,0.0
2026-02-13,32.32,34.11,34.65,30.85,0.0
2026-02-17,33.48,33.18,34.32,31.85,0.0
2026-02-18,33.33,33.34,34.89,32.39,0.0
2026-02-19,32.72,33.43,33.58,31.98,0.0
2026-02-20,32.67,31.9,33.88,31.38,0.0
2026-02-23,31.02,30.78,31.67,30.17,0.0
2026-02-24,31.09,31.62,31.96,30.19,0.0
2026-02-25,32.19,33.59,34.4,31.84,0.0
2026-02-26,39.05,40.88,41.9,38.75,0.0
2026-02-27,39.42,38.37,39.56,36.45,0.0
2026-03-02,36.43,38.34,38.44,36.4,0.0
2026-03-03,36.7,37.05,38.12,35.29,0.0
2026-03-04,37.68,37.13,38.24,36.54,0.0
2026-03-05,36.6,36.02,36.68,34.31,0.0
2026-03-06,35.41,35.73,37.48,35.1,0.0
2026-03-09,34.77,35.87,36.08,33.81,0.0
2026-03-10,35.95,35.12,36.92,35.03,0.0
2026-03-11,35.29,34.27,35.89,33.5,0.0
2026-03-12,33.98,33.03,34.72,33.03,0.0
2026-03-13,33.58,32.98,34.58,32.84,0.0
2026-03-16,33.52,33.29,34.41,32.39,0.0
2026-03-17,33.3,33.31,34.15,33.06,0.0
2026-03-18,33.05,32.38,34.0,32.36,0.0
2026-03-19,31.54,31.9,32.55,30.73,0.0
2026-03-20,31.8,31.2,32.25,30.5,0.0
2026-03-23,31.64,33.11,33.63,31.29,0.0
2026-03-24,32.38,32.7,33.46,31.88,0.0
2026-03-25,33.38,31.96,34.18,31.66,0.0
2026-03-26,31.4,29.84,31.61,29.71,0.0
2026-03-27,29.55,27.51,29.6,27.38,0.0
2026-03-30,27.79,26.59,28.16,25.89,0.0
2026-03-31,27.2,28.83,29.18,27.06,0.0
2026-04-01,29.64,27.79,29.91,27.57,0.0
2026-04-02,26.8,29.3,29.49,26.74,0.0
2026-04-06,29.33,29.24,30.3,28.71,0.0
2026-04-07,28.72,28.49,28.88,27.29,0.0
2026-04-08,30.66,28.99,31.1,28.51,0.0
2026-04-09,28.75,28.08,29.25,27.82,0.0
2026-04-10,28.29,28.79,29.37,28.13,0.0
2026-04-13,28.26,29.76,29.84,27.87,0.0
2026-04-14,31.78,35.76,35.88,31.06,0.0
2026-04-15,38.36,43.25,43.34,37.46,0.0
2026-04-16,44.51,44.68,45.43,40.84,0.0
2026-04-17,44.09,46.09,46.69,43.68,0.0
2026-04-20,45.34,48.32,48.57,45.12,0.0
2026-04-21,48.6,46.28,48.73,45.72,0.0
2026-04-22,47.26,47.36,49.13,46.54,0.0
2026-04-23,46.61,43.63,47.84,41.92,0.0
2026-04-24,44.38,42.69,44.39,41.26,0.0
2026-04-27,42.18,43.84,44.07,41.11,0.0
2026-04-28,42.55,43.08,44.27,42.25,0.0
2026-04-29,42.63,42.11,42.63,39.77,0.0
2026-04-30,41.94,45.12,45.48,41.49,0.0
2026-05-01,44.86,46.2,46.31,43.8,0.0
2026-05-04,46.53,45.75,49.14,45.31,0.0
2026-05-05,46.61,48.0,48.34,44.79,0.0
2026-05-06,49.1,52.57,53.49,48.57,0.0
2026-05-07,50.04,47.68,51.9,46.27,0.0
2026-05-08,48.69,49.24,49.44,45.72,0.0
2026-05-11,48.14,56.89,58.54,47.89,0.0
2026-05-12,57.25,55.87,59.15,52.17,0.0
2026-05-13,55.94,55.26,56.18,52.94,0.0
2026-05-14,54.4,57.47,58.18,53.91,0.0
2026-05-15,54.5,51.95,54.7,51.29,0.0
2026-05-18,51.81,49.31,52.2,47.48,0.0
2026-05-19,47.64,48.44,49.44,45.51,0.0
2026-05-20,49.25,52.47,52.74,48.35,0.0
2026-05-21,54.61,58.89,61.12,53.93,0.0
2026-05-22,58.0,63.64,65.8,58.0,0.0
2026-05-26,64.3,63.62,65.0,60.09,0.0
2026-05-27,62.67,65.4,66.81,59.71,0.0
2026-05-28,64.87,70.14,71.47,64.72,0.0
2026-05-29,69.64,72.07,72.17,66.8,0.0
2026-06-01,69.65,69.28,72.42,66.97,0.0
2026-06-02,69.35,71.4,72.63,69.09,0.0
2026-06-03,70.33,68.23,73.65,67.51,0.0
2026-06-04,67.05,65.66,69.46,64.18,0.0
2026-06-05,63.51,56.78,63.79,55.84,0.0
2026-06-08,59.54,62.8,64.9,57.96,0.0
2026-06-09,62.4,56.69,63.95,53.26,0.0
2026-06-10,57.74,56.63,60.75,56.5,0.0
2026-06-11,56.54,57.99,59.47,54.75,0.0
2026-06-12,57.7,57.85,60.23,56.16,0.0
2026-06-15,61.4,61.18,63.56,60.59,0.0
2026-06-16,59.95,56.06,60.89,55.91,0.0
2026-06-17,56.9,54.69,57.73,54.46,0.0
2026-06-18,55.79,56.55,56.66,52.92,0.0
2026-06-22,56.58,58.32,61.99,55.53,0.0
2026-06-23,56.61,57.85,61.47,56.0,0.0
2026-06-24,57.35,53.6,57.35,52.36,0.0
2026-06-25,54.63,50.56,55.08,50.16,0.0
2026-06-26,49.65,49.31,52.48,48.49,0.0
2026-06-29,50.62,53.88,54.2,49.65,0.0
2026-06-30,52.7,53.26,54.84,52.4,0.0
2026-07-01,52.18,51.4,54.76,51.4,0.0
2026-07-02,51.11,49.12,54.4,48.18,0.0
2026-07-06,49.04,48.87,51.33,48.79,0.0
2026-07-07,47.54,45.36,47.95,44.02,0.0
2026-07-08,44.36,45.08,46.23,43.72,0.0
2026-07-09,45.5,44.77,46.0,44.37,0.0
2026-07-10,45.32,42.86,45.45,42.4,0.0
2026-07-13,42.07,38.88,42.18,38.62,0.0
2026-07-14,40.04,39.29,40.44,38.72,0.0
2026-07-15,40.0,37.51,40.07,36.86,0.0
2026-07-16,37.0,35.1,37.24,34.67,0.0
2026-07-17,34.99,34.78,35.91,33.29,0.0
2026-07-20,35.05,34.24,36.3,34.21,0.0
2026-07-21,35.46,35.51,36.07,34.7,0.0
2026-07-22,34.89,34.68,35.99,34.66,0.0
2026-07-23,34.0,34.07,35.52,33.57,0.0
2026-07-24,34.1,32.84,34.3,32.56,0.0
2026-07-27,34.47,35.92,37.17,34.3,0.0
2026-07-28,34.18,33.88,34.65,32.12,0.0
2026-07-29,33.72,31.99,34.32,31.81,0.0
2026-07-30,33.17,35.77,36.18,33.0,0.0
2026-07-31,36.49,36.44,37.65,35.58,0.0
2026-08-03,35.83,38.85,40.16,35.43,0.0
2026-08-04,39.64,41.72,42.05,39.58,0.0
2026-08-05,40.95,39.93,41.9,39.7,0.0
2026-08-06,41.37,39.72,41.88,39.66,0.0
