Date,Open,Last,High,Low,Volume
2024-01-29,43.977,44.1,44.195,43.815,3667217
2024-01-30,44.09,44.213,44.261,43.74,2718121
2024-01-31,44.318,43.73,44.375,43.616,5680164
2024-02-01,43.645,44.27,44.308,43.048,4087542
2024-02-02,44.308,43.73,44.365,43.512,5814765
2024-02-05,43.635,43.588,44.081,43.531,4332022
2024-02-06,43.304,42.64,43.36,42.555,6762029
2024-02-07,42.697,42.29,42.83,42.157,4861627
2024-02-08,42.185,43.067,43.124,42.166,6478284
2024-02-09,42.934,43.038,43.171,42.754,3195549
2024-02-12,43.01,43.446,43.56,42.991,3343202
2024-02-13,43.493,43.19,43.768,42.972,5365631
2024-02-14,43.182,43.583,43.659,43.086,4942269
2024-02-15,43.783,44.708,44.718,43.764,5182727
2024-02-16,44.832,45.443,45.538,44.67,5545539
2024-02-20,46.034,45.786,46.711,45.748,6179396
2024-02-21,45.834,45.605,45.929,45.462,3851021
2024-02-22,45.5,45.633,45.729,44.794,4769413
2024-02-23,45.748,45.986,46.206,45.557,3416745
2024-02-26,45.967,45.08,45.967,44.975,6323744
2024-02-27,45.452,46.139,46.406,45.166,5086621
2024-02-28,46.387,46.292,46.644,46.168,4138454
2024-02-29,46.215,47.322,47.493,45.986,10687630
2024-03-01,47.303,46.892,47.408,46.778,5464748
2024-03-04,46.854,47.093,47.722,46.74,5310499
2024-03-05,47.341,47.198,47.894,47.169,5373701
2024-03-06,47.417,48.161,48.314,47.15,7733426
2024-03-07,49.84,52.921,52.978,49.344,17767262
2024-03-08,52.921,53.388,53.455,52.282,9642441
2024-03-11,53.293,52.454,53.493,52.377,6773394
2024-03-12,52.463,52.759,53.178,52.434,5802491
2024-03-13,52.797,53.493,53.531,52.682,4753340
2024-03-14,53.388,52.95,53.608,52.625,5442948
2024-03-15,52.73,53.474,53.846,52.711,7875615
2024-03-18,53.178,53.598,53.694,53.026,4022098
2024-03-19,53.798,53.875,54.237,53.713,5342220
2024-03-20,53.875,54.209,54.218,53.713,3157164
2024-03-21,54.304,54.39,54.504,53.865,7042278
2024-03-22,54.609,53.942,54.619,53.865,3618795
2024-03-25,53.999,53.379,54.161,53.293,4511901
2024-03-26,53.484,53.789,54.113,53.388,4238715
2024-03-27,53.827,54.275,54.304,53.655,3992714
2024-03-28,54.304,54.495,54.714,54.285,6458585
2024-04-01,54.562,54.361,54.752,54.342,3055343
2024-04-02,54.628,55.153,55.163,54.466,4406209
2024-04-03,55.163,55.096,55.649,54.647,3817624
2024-04-04,55.191,54.791,55.458,54.638,4730524
2024-04-05,54.838,54.667,54.867,54.247,3620707
2024-04-08,53.312,52.816,54.419,52.721,7124238
2024-04-09,52.911,52.864,53.159,52.568,4403080
2024-04-10,52.654,53.989,54.094,52.463,5079734
2024-04-11,54.132,53.56,54.132,53.207,3272564
2024-04-12,53.331,52.654,53.522,52.635,3862880
2024-04-15,53.064,52.806,53.398,52.73,4228124
2024-04-16,53.837,52.73,54.113,52.702,6182765
2024-04-17,52.94,52.711,53.484,52.549,4955823
2024-04-18,52.845,53.007,53.131,52.635,3706972
2024-04-19,53.169,53.961,54.075,52.959,4522756
2024-04-22,54.18,54.304,54.504,53.751,4260438
2024-04-23,54.447,53.064,54.59,52.959,5149087
2024-04-24,52.978,53.56,53.636,52.797,3619665
2024-04-25,53.56,53.331,53.846,53.026,3219121
2024-04-26,53.102,52.93,53.407,52.826,3472039
2024-04-29,52.921,53.007,53.112,52.387,3703149
2024-04-30,52.797,52.826,53.169,52.606,4811617
2024-05-01,52.539,52.244,52.816,51.996,4084804
2024-05-02,52.396,52.549,52.673,52.215,3539239
2024-05-03,52.225,52.253,52.349,51.729,4937997
2024-05-06,52.52,52.692,52.711,52.167,3724822
2024-05-07,52.854,52.759,52.988,52.482,4893263
2024-05-08,52.826,52.826,52.997,52.32,4672475
2024-05-09,52.845,52.463,52.864,52.234,3481432
2024-05-10,52.396,53.322,53.388,52.349,3450799
2024-05-13,53.36,52.654,53.646,52.606,3239647
2024-05-14,52.925,53.011,53.117,52.551,4419586
2024-05-15,52.676,52.148,52.867,51.956,4889793
2024-05-16,52.474,52.206,52.896,52.119,9671773
2024-05-17,52.273,51.975,52.292,51.63,10570778
2024-05-20,52.11,51.678,52.215,51.515,4140052
2024-05-21,51.803,51.458,52.119,51.419,5962315
2024-05-22,51.266,51.707,51.803,51.208,5124750
2024-05-23,51.534,51.122,51.534,50.527,7121762
2024-05-24,51.266,50.815,51.486,50.547,6276910
2024-05-28,50.499,50.163,50.633,49.952,5187180
2024-05-29,50.211,49.76,50.326,49.684,5298808
2024-05-30,49.952,49.847,50.077,49.712,4324345
2024-05-31,49.712,50.221,50.278,49.655,9756937
2024-06-03,49.866,49.732,50.067,49.53,5449718
2024-06-04,49.655,49.904,50.086,49.645,5680145
2024-06-05,49.674,49.559,49.818,49.204,3737293
2024-06-06,49.779,49.818,50.048,49.636,3887196
2024-06-07,49.76,49.847,49.942,49.549,3145569
2024-06-10,49.923,49.521,49.923,49.348,3136627
2024-06-11,49.434,49.262,49.597,49.06,3337593
2024-06-12,49.022,48.111,49.3,48.092,4614901
2024-06-13,48.437,48.447,48.715,47.651,6520899
2024-06-14,48.207,48.312,48.418,47.957,4958753
2024-06-17,48.322,48.955,48.964,48.245,5695631
2024-06-18,50.153,49.847,50.623,49.684,11160009
2024-06-20,50.892,48.216,51.132,47.679,16483587
2024-06-21,48.485,48.149,48.936,47.871,16746540
2024-06-24,48.092,47.967,48.37,47.919,11728039
2024-06-25,47.679,47.775,47.986,47.43,4626373
2024-06-26,47.334,47.353,47.555,47.037,5280373
2024-06-27,47.277,47.344,47.363,47.027,5229371
2024-06-28,47.507,47.881,47.967,47.382,6628674
2024-07-01,47.909,48.485,48.504,47.699,7877443
2024-07-02,48.485,48.36,49.06,48.197,7073301
2024-07-03,48.475,48.667,48.984,48.303,3191500
2024-07-05,48.686,49.712,49.76,48.667,4668557
2024-07-08,49.712,49.808,49.914,49.434,5259443
2024-07-09,49.77,49.732,50.278,49.607,5515177
2024-07-10,50.182,50.815,51.017,49.962,5440229
2024-07-11,50.422,50.585,50.633,50.249,4435113
2024-07-12,50.662,50.336,50.844,50.288,3586450
2024-07-15,50.345,49.981,50.46,49.971,3734256
2024-07-16,50.048,51.4,51.458,49.981,4125890
2024-07-17,51.362,52.551,52.723,51.333,6248704
2024-07-18,52.263,52.56,52.714,51.995,3255245
2024-07-19,52.743,52.273,52.743,52.043,2775112
2024-07-22,52.407,52.608,52.714,52.359,4315084
2024-07-23,52.589,51.63,52.599,51.419,3028399
2024-07-24,51.726,51.956,52.062,51.093,3841739
2024-07-25,52.023,51.122,52.56,51.112,3207040
2024-07-26,51.132,52.043,52.196,51.093,2552485
2024-07-29,51.928,51.975,52.263,51.554,3526213
2024-07-30,52.062,52.455,52.934,51.966,3502524
2024-07-31,52.052,52.263,52.666,52.014,2906393
2024-08-01,52.618,52.829,53.049,52.148,3082025
2024-08-02,53.059,52.1,53.51,51.621,4284804
2024-08-05,52.091,51.688,52.877,51.467,4596364
2024-08-06,51.918,51.908,52.599,51.784,4505066
2024-08-07,52.282,51.688,52.743,51.678,3624979
2024-08-08,51.669,52.091,52.34,51.669,3142096
2024-08-09,51.918,51.707,52.004,51.4,2847448
2024-08-12,51.707,51.055,51.812,50.997,2698260
2024-08-13,51.017,50.451,51.093,49.549,4244901
2024-08-14,50.441,50.537,50.604,50.096,4912101
2024-08-15,51.272,51.03,51.484,50.702,4137504
2024-08-16,51.03,51.32,51.339,50.76,2874806
2024-08-19,51.195,50.905,51.291,50.847,4130258
2024-08-20,50.905,50.21,50.944,49.689,5357184
2024-08-21,50.789,50.857,51.127,50.452,6251523
2024-08-22,50.818,50.384,50.818,49.921,3756225
2024-08-23,50.5,50.124,50.596,49.834,2818462
2024-08-26,50.297,50.915,51.291,50.201,3822932
2024-08-27,51.011,50.866,51.117,50.558,3780997
2024-08-28,50.895,51.387,51.609,50.76,4222526
2024-08-29,51.387,50.654,51.387,50.278,3433393
2024-08-30,50.712,51.339,51.445,50.596,4417168
2024-09-03,51.407,51.812,51.928,51.214,5003038
2024-09-04,52.073,51.484,53.115,51.117,4593583
2024-09-05,51.571,51.494,51.716,50.567,4623688
2024-09-06,51.349,50.432,51.58,50.403,6632147
2024-09-09,50.288,50.143,50.731,50.075,6705255
2024-09-10,50.394,50.461,50.683,49.95,4034460
2024-09-11,49.67,49.689,49.95,48.908,5263359
2024-09-12,50.538,53.259,53.298,49.709,9956548
2024-09-13,53.317,53.944,53.964,52.594,5607388
2024-09-16,54.031,54.214,54.62,53.819,3860343
2024-09-17,54.07,53.105,54.253,53.047,2780304
2024-09-18,53.124,52.7,53.365,52.68,3249849
2024-09-19,52.729,52.902,53.423,52.642,5417370
2024-09-20,52.902,53.443,53.886,52.902,9187110
2024-09-23,53.24,54.166,54.272,53.086,2893130
2024-09-24,54.263,54.089,54.33,53.867,3625212
2024-09-25,54.186,54.61,54.803,53.886,3374576
2024-09-26,54.436,53.52,54.649,53.346,5119855
2024-09-27,53.655,54.533,54.822,53.5,3299652
2024-09-30,54.591,55.285,55.363,54.359,4006895
2024-10-01,55.112,54.716,55.353,54.6,4337566
2024-10-02,54.871,54.118,55.179,54.06,3872894
2024-10-03,54.118,53.665,54.147,53.443,3329314
2024-10-04,53.732,53.925,54.263,53.693,3038966
2024-10-07,54.128,53.993,54.137,53.597,2761043
2024-10-08,53.877,54.031,54.243,53.616,2228556
2024-10-09,54.079,54.176,54.359,53.886,2594361
2024-10-10,54.282,53.269,54.494,53.037,2647382
2024-10-11,53.414,53.414,53.684,53.221,2179146
2024-10-14,53.317,53.327,53.472,52.951,2666147
2024-10-15,53.327,54.166,54.851,53.25,2979886
2024-10-16,53.944,54.658,54.803,53.896,2948013
2024-10-17,54.803,54.552,54.928,54.147,2963711
2024-10-18,54.764,54.543,54.764,54.041,2207566
2024-10-21,54.851,54.359,55.199,54.272,2469919
2024-10-22,54.321,54.446,54.591,53.8,2398238
2024-10-23,54.35,55.594,55.681,54.214,4041607
2024-10-24,55.546,54.697,55.662,54.668,3580857
2024-10-25,55.575,55.353,56.231,55.266,4249881
2024-10-28,55.334,55.102,55.565,55.064,2801035
2024-10-29,54.967,54.021,55.237,54.012,3215042
2024-10-30,53.935,53.78,54.504,53.645,2921307
2024-10-31,53.925,53.809,54.658,53.732,3438170
2024-11-01,54.34,54.581,54.687,54.031,3062433
2024-11-04,54.456,54.292,54.793,54.205,3043096
2024-11-05,54.301,55.372,55.459,54.272,2459473
2024-11-06,56.723,57.698,57.813,56.173,6425624
2024-11-07,57.755,57.225,58.132,57.215,3518885
2024-11-08,57.456,57.804,58.083,57.119,3014010
2024-11-11,57.804,57.505,58.228,57.379,5398742
2024-11-12,57.418,57.582,58.209,57.418,3104344
2024-11-13,57.437,57.485,57.891,57.128,1924722
2024-11-14,57.341,57.003,57.64,56.993,2414228
2024-11-15,57.109,56.284,57.429,56.216,3632647
2024-11-18,56.294,56.323,56.876,56.197,2874183
2024-11-19,56.536,56.362,56.74,55.76,6200498
2024-11-20,56.265,55.886,56.478,55.372,2514019
2024-11-21,56.187,56.827,57.089,55.731,2573605
2024-11-22,57.041,57.448,57.633,57.041,2471597
2024-11-25,57.448,58.292,58.767,57.38,6168791
2024-11-26,58.205,58.758,58.884,57.856,3694846
2024-11-27,59.311,58.69,59.35,58.515,3117429
2024-11-29,59.0,59.253,59.33,58.806,2532170
2024-12-02,58.69,58.35,59.02,57.807,4168589
2024-12-03,58.603,58.176,58.797,57.574,4396798
2024-12-04,58.108,58.118,58.341,57.671,5731034
2024-12-05,56.953,58.894,59.534,56.769,6670532
2024-12-06,57.914,57.458,58.855,57.332,4992636
2024-12-09,57.603,56.042,57.603,55.964,5551562
2024-12-10,56.08,58.913,59.466,56.08,10993930
2024-12-11,58.7,59.495,60.174,58.69,8728987
2024-12-12,61.329,61.406,61.687,60.485,10204899
2024-12-13,61.115,60.203,61.552,60.203,5307928
2024-12-16,60.184,60.164,60.999,59.844,4993465
2024-12-17,59.951,59.34,60.155,58.981,5032489
2024-12-18,59.088,59.068,60.077,58.865,7455762
2024-12-19,58.855,59.136,59.893,58.515,5097124
2024-12-20,59.854,59.999,61.086,59.243,38443092
2024-12-23,59.708,59.136,60.155,58.923,4649432
2024-12-24,59.456,59.98,60.009,59.088,1991553
2024-12-26,59.815,60.882,61.037,59.767,4752982
2024-12-27,60.349,60.475,61.251,60.339,3628444
2024-12-30,60.135,59.398,60.281,59.311,10799891
2024-12-31,59.689,59.32,59.999,59.146,3757976
2025-01-02,59.757,60.087,60.397,59.563,3641977
2025-01-03,60.087,59.621,60.417,59.592,10651194
2025-01-06,60.164,58.806,60.203,58.467,7099048
2025-01-07,58.806,57.371,59.175,56.983,6361821
2025-01-08,57.39,57.138,57.594,56.585,5370824
2025-01-10,57.041,57.351,57.924,56.662,5928409
2025-01-13,57.332,57.71,57.924,57.021,5382591
2025-01-14,57.72,58.127,58.612,57.72,4997244
2025-01-15,58.389,56.934,58.409,56.876,4751537
2025-01-16,56.721,56.866,57.186,56.381,4071333
2025-01-17,57.021,56.614,57.303,56.381,5690343
2025-01-21,57.012,57.274,57.458,56.847,4460912
2025-01-22,57.274,57.002,57.419,56.798,5000299
2025-01-23,56.944,56.818,57.031,56.41,4845558
2025-01-24,56.575,56.944,57.312,56.575,3979721
2025-01-27,57.535,58.67,58.719,57.487,4123492
2025-01-28,59.059,58.564,59.544,58.554,3890879
2025-01-29,58.622,59.233,59.786,58.496,4727705
2025-01-30,59.573,59.214,59.932,58.932,3699991
2025-01-31,58.962,59.796,60.009,58.913,4468907
2025-02-03,59.544,61.435,62.182,59.544,8647508
2025-02-04,61.852,62.066,62.958,61.581,5315662
2025-02-05,62.415,63.463,63.676,62.337,7883938
2025-02-06,63.734,62.968,63.783,62.861,5608690
2025-02-07,62.929,63.055,63.754,62.502,4517592
2025-02-10,63.007,63.327,63.443,62.852,4465602
2025-02-11,63.152,63.104,63.579,62.89,3610916
2025-02-12,62.716,63.831,63.86,62.444,6302465
2025-02-13,63.89,63.666,64.2,63.637,3906509
2025-02-14,63.658,63.492,64.087,63.483,3856718
2025-02-18,63.551,63.619,64.194,63.239,3931153
2025-02-19,63.746,63.804,64.019,62.761,5943513
2025-02-20,62.937,62.771,63.687,62.527,5909842
2025-02-21,62.576,63.424,63.726,61.972,5971199
2025-02-24,62.469,63.249,63.629,62.274,4004649
2025-02-25,63.483,63.824,64.594,63.298,5954276
2025-02-26,62.859,62.196,63.307,62.079,6035476
2025-02-27,62.44,62.323,63.122,62.206,5828615
2025-02-28,62.781,63.19,63.609,62.557,8626866
2025-03-03,61.221,61.309,62.937,61.007,10285598
2025-03-04,61.416,61.592,62.459,61.163,5851118
2025-03-05,60.86,60.958,61.533,60.441,9006610
2025-03-06,61.036,62.176,64.214,61.036,12829716
2025-03-07,61.747,65.023,65.871,61.143,10792104
2025-03-10,65.471,66.017,66.788,64.594,10685900
2025-03-11,66.095,64.877,66.095,64.848,5969872
2025-03-12,64.331,63.356,65.072,63.327,5652338
2025-03-13,63.512,64.438,65.198,63.366,8479104
2025-03-14,64.399,63.463,64.818,62.869,7451658
2025-03-17,63.678,64.721,65.004,63.619,4602923
2025-03-18,64.604,64.331,65.462,64.272,6032427
2025-03-19,64.009,63.834,64.253,63.707,5432128
2025-03-20,63.834,63.093,64.175,62.898,5725068
2025-03-21,63.093,63.756,63.99,63.054,8027625
2025-03-24,63.687,63.756,64.009,63.181,4803778
2025-03-25,63.726,62.722,63.97,62.566,5542383
2025-03-26,63.025,64.37,64.565,63.025,4746236
2025-03-27,64.643,64.477,65.179,64.458,5275960
2025-03-28,64.633,65.043,65.306,64.068,6363918
2025-03-31,65.413,65.988,66.515,64.916,7587099
2025-04-01,65.14,66.427,66.476,65.13,4880334
2025-04-02,66.398,65.579,66.953,65.276,5664131
2025-04-03,66.183,68.961,69.166,66.183,14957966
2025-04-04,68.922,65.491,70.122,65.296,14734575
2025-04-07,64.341,64.789,65.715,63.278,11671998
2025-04-08,65.52,64.701,65.793,63.853,12648209
2025-04-09,63.775,64.175,67.753,63.58,13402318
2025-04-10,64.828,66.193,66.554,64.477,14755352
2025-04-11,66.485,66.505,67.138,65.179,8827394
2025-04-14,66.807,67.343,67.655,65.949,7969513
2025-04-15,67.031,66.427,67.597,66.29,8992593
2025-04-16,66.758,67.275,67.87,66.612,7272640
2025-04-17,67.168,69.429,69.878,67.099,11604915
2025-04-21,69.829,70.492,70.687,69.468,9906230
2025-04-22,70.706,71.145,71.779,70.355,6882044
2025-04-23,70.355,70.19,70.57,69.137,14003702
2025-04-24,69.975,69.556,70.375,69.283,9228007
2025-04-25,69.468,68.24,69.761,67.509,8847230
2025-04-28,68.708,68.601,68.952,67.811,6515840
2025-04-29,68.045,69.585,69.722,67.753,6044374
2025-04-30,69.995,70.394,70.745,69.556,14393698
2025-05-01,69.975,70.365,70.96,69.605,5497411
2025-05-02,70.736,70.209,71.067,69.478,6206466
2025-05-05,70.677,71.048,71.282,70.229,5683820
2025-05-06,71.106,71.135,71.291,70.677,3687010
2025-05-07,71.126,70.56,71.623,70.55,6002877
2025-05-08,70.248,70.005,71.057,69.975,5501782
2025-05-09,69.897,70.063,70.414,69.351,4312766
2025-05-12,69.078,67.304,69.088,65.998,9758595
2025-05-13,67.509,65.793,67.626,65.091,9422925
2025-05-14,65.852,64.672,65.91,64.194,8984660
2025-05-15,65.19,66.218,66.404,64.768,8379298
2025-05-16,66.708,67.443,67.443,66.022,7218055
2025-05-19,67.678,67.55,67.932,67.237,4784820
2025-05-20,68.334,68.079,68.883,67.942,6527438
2025-05-21,67.404,67.492,67.776,67.129,4634759
2025-05-22,67.688,66.561,67.903,66.375,4923696
2025-05-23,67.413,67.188,68.021,66.639,5516823
2025-05-27,67.051,66.444,67.178,65.67,6368161
2025-05-28,66.512,66.306,66.718,66.003,5945162
2025-05-29,65.444,65.582,65.807,64.671,7305769
2025-05-30,65.66,66.835,67.061,65.405,14386054
2025-06-02,66.708,66.806,67.09,65.983,7648798
2025-06-03,66.61,65.709,66.806,64.7,10148471
2025-06-04,65.621,64.984,65.728,64.778,5888307
2025-06-05,65.043,64.886,65.18,64.357,4654525
2025-06-06,64.798,64.798,65.043,64.249,6142492
2025-06-09,64.543,64.151,64.876,63.818,7167350
2025-06-10,64.308,64.093,64.524,63.701,5097210
2025-06-11,63.867,63.299,63.965,62.839,6799348
2025-06-12,63.818,63.73,63.946,63.152,5368603
2025-06-13,63.955,64.22,64.69,63.838,6509599
2025-06-16,64.337,64.661,64.906,63.975,6509679
2025-06-17,64.661,64.602,65.004,64.279,7033201
2025-06-18,64.651,64.181,64.827,63.887,12253923
2025-06-20,66.816,70.499,70.754,66.12,36154630
2025-06-23,70.646,72.487,72.595,70.166,12332400
2025-06-24,71.723,71.919,72.184,70.763,13101104
2025-06-25,71.753,70.744,71.763,70.714,5473307
2025-06-26,70.626,69.823,71.449,69.49,6030393
2025-06-27,69.696,69.96,70.146,69.235,8995763
2025-06-30,70.097,70.264,70.577,69.559,5712530
2025-07-01,70.616,69.892,71.018,69.441,6036798
2025-07-02,69.549,68.794,69.843,68.54,6136418
2025-07-03,68.354,68.403,68.608,67.227,3716237
2025-07-07,68.697,69.99,70.009,68.079,5964048
2025-07-08,69.549,68.314,69.725,68.266,6949409
2025-07-09,68.275,68.824,68.853,67.472,6765191
2025-07-10,68.51,69.265,69.715,68.305,5560582
2025-07-11,69.48,69.137,69.647,68.628,4192188
2025-07-14,69.412,70.793,70.95,68.873,7284279
2025-07-15,70.509,70.411,70.812,70.029,5818604
2025-07-16,70.234,70.44,70.607,69.725,5392956
2025-07-17,70.44,70.744,71.018,70.156,6731913
2025-07-18,70.636,69.931,71.361,69.686,5351133
2025-07-21,69.931,70.548,71.116,69.843,4504830
2025-07-22,70.489,71.126,71.802,70.332,7420508
2025-07-23,71.028,71.39,71.537,70.656,8128345
2025-07-24,71.763,70.901,71.949,70.891,4552656
2025-07-25,70.94,69.999,71.322,69.96,3396939
2025-07-28,69.931,67.903,69.97,67.697,6993859
2025-07-29,68.177,67.883,69.01,67.825,5510343
2025-07-30,67.893,67.883,68.148,67.286,5298211
2025-07-31,67.404,68.667,68.922,67.345,10900152
2025-08-01,69.059,69.901,70.225,69.059,7283693
2025-08-04,69.852,70.127,70.744,69.617,5493732
2025-08-05,70.205,70.283,70.832,69.774,5767045
2025-08-06,70.176,72.223,72.448,69.901,7091333
2025-08-07,71.812,72.252,72.732,71.704,5138439
2025-08-08,72.409,72.723,73.163,72.34,5961493
2025-08-11,72.86,72.83,73.369,72.595,4588525
2025-08-12,72.781,72.047,72.899,71.635,7609236
2025-08-13,69.157,68.892,70.039,66.982,16512387
2025-08-14,68.765,67.815,69.225,67.501,5319713
2025-08-15,67.857,68.615,68.881,67.68,4419589
2025-08-18,68.803,68.665,69.403,68.665,7393980
2025-08-19,68.743,69.63,70.053,68.743,6896276
2025-08-20,69.58,70.722,70.722,69.275,5310120
2025-08-21,70.604,70.319,70.762,69.984,5222304
2025-08-22,70.309,68.487,70.791,67.759,6983633
2025-08-25,68.586,69.058,69.383,68.556,4419044
2025-08-26,69.078,67.926,69.324,67.808,7751348
2025-08-27,67.926,66.932,68.271,66.272,7987085
2025-08-28,66.774,66.42,66.932,65.731,6584857
2025-08-29,66.646,66.794,66.843,66.065,5422607
2025-09-02,67.089,67.582,67.916,66.981,6333706
2025-09-03,67.296,67.148,67.523,66.134,7197253
2025-09-04,67.404,66.794,67.67,66.686,6231049
2025-09-05,66.873,66.705,67.148,66.272,5575671
2025-09-08,66.695,66.951,67.129,66.252,10184596
2025-09-09,66.814,66.587,66.853,65.691,7418123
2025-09-10,66.341,65.996,66.656,65.317,9319779
2025-09-11,67.936,66.193,68.812,65.13,14059717
2025-09-12,66.341,67.237,67.916,66.115,8312365
2025-09-15,67.237,66.371,68.025,66.105,7557216
2025-09-16,66.459,65.721,67.001,65.553,10520987
2025-09-17,66.764,65.928,66.971,65.583,9126301
2025-09-18,65.583,64.972,65.731,64.756,10664230
2025-09-19,64.746,64.569,64.963,63.889,16411010
2025-09-22,64.569,63.525,64.588,63.515,8939500
2025-09-23,63.466,64.342,64.461,63.377,11228450
2025-09-24,64.224,64.539,64.864,64.027,5260366
2025-09-25,64.992,64.48,65.475,64.441,6037453
2025-09-26,64.401,64.451,64.648,63.86,4550900
2025-09-29,64.421,65.406,65.435,64.027,5998060
2025-09-30,65.258,66.371,66.42,65.179,7567842
2025-10-01,66.046,65.484,66.124,64.608,7838276
2025-10-02,65.179,65.337,65.928,64.854,4430609
2025-10-03,65.248,65.278,65.603,64.992,4201573
2025-10-06,64.972,63.801,65.297,63.525,8489594
2025-10-07,63.929,65.849,65.868,63.929,6765557
2025-10-08,66.164,67.07,67.198,65.967,7287378
2025-10-09,67.404,66.518,67.719,66.095,5810195
2025-10-10,66.666,66.735,67.562,65.593,6000223
2025-10-13,65.859,66.095,66.203,64.736,6673051
2025-10-14,66.892,68.064,68.438,66.164,5987852
2025-10-15,67.769,68.035,68.3,67.66,6198544
2025-10-16,67.897,67.818,68.734,67.562,4651724
2025-10-17,68.3,67.926,68.645,67.779,5495028
2025-10-20,67.936,68.084,68.33,67.188,4219542
2025-10-21,67.69,66.558,67.69,66.42,5955272
2025-10-22,66.745,67.542,67.798,66.016,6626047
2025-10-23,67.621,67.601,67.769,67.139,5058491
2025-10-24,67.808,66.075,67.838,65.878,6073245
2025-10-27,65.79,66.981,67.06,65.278,4610978
2025-10-28,66.695,66.646,67.178,66.341,4369174
2025-10-29,66.361,65.022,66.39,64.776,6339782
2025-10-30,64.913,64.421,65.169,64.195,6496201
2025-10-31,63.899,62.649,63.909,61.97,11947837
2025-11-03,62.422,62.462,62.934,61.842,8112633
2025-11-04,63.013,62.777,63.604,62.344,6447407
2025-11-05,62.787,62.176,63.102,61.999,6734701
2025-11-06,62.403,62.452,63.151,61.625,5389544
2025-11-07,62.767,63.909,64.077,62.491,6900562
2025-11-10,63.555,63.446,63.84,62.856,4601656
2025-11-11,63.565,64.017,64.313,63.102,4852597
2025-11-12,63.899,64.392,64.815,63.88,5148624
2025-11-13,64.569,64.953,65.11,64.382,5227138
2025-11-14,65.269,66.031,66.239,64.834,5328023
2025-11-17,66.041,65.428,66.12,65.091,4957121
2025-11-18,65.843,66.695,67.09,65.428,7926330
2025-11-19,66.685,66.724,67.665,66.516,6478829
2025-11-20,66.407,65.23,66.724,64.2,7502979
2025-11-21,65.17,65.388,66.021,64.943,6692030
2025-11-24,65.388,63.636,65.388,63.606,9035448
2025-11-25,64.141,65.477,65.556,64.111,5383503
2025-11-26,65.546,66.348,66.784,65.477,5379740
2025-11-28,66.239,66.596,66.863,66.021,2270497
2025-12-01,66.596,66.863,67.298,66.437,7110414
2025-12-02,66.892,66.348,67.16,65.724,6704731
2025-12-03,66.358,65.527,67.061,65.457,7265856
2025-12-04,62.903,62.498,63.596,60.34,22790981
2025-12-05,62.359,62.072,63.29,62.032,8883142
2025-12-08,61.854,62.735,63.487,61.518,7585468
2025-12-09,62.527,62.26,62.903,61.686,5670154
2025-12-10,61.785,60.617,61.785,60.577,8130054
2025-12-11,61.112,61.577,61.953,60.963,7352686
2025-12-12,61.716,62.547,62.567,61.429,5386474
2025-12-15,62.448,62.023,62.676,61.894,6234044
2025-12-16,62.25,61.468,62.478,61.34,5906486
2025-12-17,61.617,63.161,63.25,61.468,5539588
2025-12-18,62.735,62.151,62.874,62.062,8355522
2025-12-19,62.052,61.775,62.24,61.637,10268631
2025-12-22,61.369,61.656,61.805,61.082,4304859
2025-12-23,62.023,61.666,62.112,61.448,4037459
2025-12-24,61.904,62.29,62.508,61.815,2070669
2025-12-26,62.191,62.607,62.983,62.191,3596405
2025-12-29,62.478,62.072,62.814,61.953,5463766
2025-12-30,61.973,62.042,62.3,61.914,3190566
2025-12-31,61.963,61.844,62.151,61.825,3753138
2026-01-02,61.726,62.319,62.359,61.478,5116186
2026-01-05,61.775,61.161,61.963,60.082,8173315
2026-01-06,61.161,61.112,61.993,60.884,7495406
2026-01-07,60.864,58.677,60.983,58.311,10161235
2026-01-08,58.726,59.182,60.033,58.004,7613613
2026-01-09,59.172,58.905,59.469,58.152,7337100
2026-01-12,59.162,60.488,60.855,59.093,7103293
2026-01-13,60.181,60.845,60.904,59.469,5404462
2026-01-14,60.558,61.825,62.161,60.558,6220522
2026-01-15,61.498,61.854,62.112,60.35,7415272
2026-01-16,61.508,62.547,62.983,61.419,7922881
2026-01-20,62.468,62.508,62.805,61.983,7431165
2026-01-21,62.735,63.27,63.586,62.616,6316418
2026-01-22,63.389,62.013,63.567,61.231,6733434
2026-01-23,62.141,63.596,63.646,61.884,5742405
2026-01-26,64.131,63.042,64.517,62.745,6382071
2026-01-27,62.894,61.478,63.171,60.399,7519242
2026-01-28,61.25,61.191,61.735,60.756,5658199
2026-01-29,61.379,61.122,62.339,61.043,4911609
2026-01-30,61.389,62.211,62.3,61.201,6600078
2026-02-02,62.379,62.418,62.993,61.082,5881878
2026-02-03,61.884,63.517,63.973,61.864,6096442
2026-02-04,63.814,66.12,66.774,63.814,10701609
2026-02-05,66.625,65.992,66.972,65.101,6738728
2026-02-06,65.932,66.813,66.962,65.606,4197898
2026-02-09,70.525,69.387,72.436,68.961,16070149
2026-02-10,69.09,67.328,69.209,66.754,8001932
2026-02-11,67.318,67.962,68.239,66.972,5863325
2026-02-12,67.981,69.426,71.505,67.813,8080966
2026-02-13,69.427,70.88,70.88,69.139,6441151
2026-02-17,71.128,69.298,71.825,69.218,5271401
2026-02-18,69.178,68.502,69.318,67.895,5530447
2026-02-19,68.412,67.278,68.83,66.92,5134010
2026-02-20,67.318,66.015,67.477,65.796,5153143
2026-02-23,65.856,67.905,68.034,65.697,5243665
2026-02-24,67.955,69.397,69.447,67.945,5710980
2026-02-25,67.378,67.239,68.343,66.791,6626511
2026-02-26,67.547,66.831,67.547,66.095,5165142
2026-02-27,67.01,67.885,68.303,66.821,6773460
2026-03-02,67.766,68.691,68.91,67.358,5492343
2026-03-03,68.9,68.283,69.407,67.776,5307346
2026-03-04,68.422,67.637,68.422,66.831,8015044
2026-03-05,66.9,71.198,71.476,66.89,15154363
2026-03-06,71.277,73.725,74.461,71.188,10637139
2026-03-09,73.207,72.989,74.411,72.959,8411781
2026-03-10,72.64,71.864,73.207,71.407,7992687
2026-03-11,71.845,71.815,72.083,70.989,5693396
2026-03-12,71.924,74.57,76.182,71.795,9621602
2026-03-13,74.371,75.207,75.476,73.615,6069923
2026-03-16,75.048,74.103,75.107,73.983,7241706
2026-03-17,73.884,73.735,75.008,73.148,4705034
2026-03-18,73.645,72.899,74.003,72.372,6349752
2026-03-19,73.158,73.376,74.69,73.158,6611828
2026-03-20,73.526,72.819,73.914,72.601,17799060
2026-03-23,72.65,72.322,72.65,71.238,9870696
2026-03-24,72.183,71.506,73.178,71.317,4098812
2026-03-25,71.775,69.994,71.775,69.596,6392918
2026-03-26,70.392,71.417,71.486,70.213,4984863
2026-03-27,71.954,72.839,73.556,71.457,5923306
2026-03-30,72.72,73.337,74.063,72.601,4391264
2026-03-31,72.969,71.984,73.436,71.327,6694046
2026-04-01,71.516,70.173,71.695,69.397,6761112
2026-04-02,71.307,71.974,72.312,70.979,4047939
2026-04-06,72.372,72.65,73.506,72.103,3507842
2026-04-07,72.461,72.302,73.396,72.232,4471590
2026-04-08,69.646,70.591,70.611,66.97,7205206
2026-04-09,69.815,69.984,71.367,69.596,3889581
2026-04-10,69.109,67.637,69.726,67.457,5195611
2026-04-13,68.174,67.676,68.412,67.258,3690223
2026-04-14,66.423,66.841,67.209,65.458,5335187
2026-04-15,66.353,66.284,67.02,65.746,3782925
2026-04-16,65.816,67.418,67.507,65.816,3937108
2026-04-17,66.463,67.835,67.855,65.309,6470230
2026-04-20,68.194,67.537,68.492,67.219,3892063
2026-04-21,67.696,68.452,68.661,67.159,5810428
2026-04-22,68.333,67.716,68.89,67.408,3546693
2026-04-23,68.144,68.741,68.96,67.716,4384492
2026-04-24,68.164,66.88,68.253,66.473,3830010
2026-04-27,66.821,65.557,67.149,65.279,4458277
2026-04-28,66.562,66.582,66.642,65.398,5470854
2026-04-29,66.303,66.751,67.099,66.134,5719304
2026-04-30,66.542,67.716,68.084,66.224,5870254
2026-05-01,68.024,67.418,68.134,67.079,3460298
2026-05-04,67.079,67.199,67.716,66.522,3418250
2026-05-05,66.94,66.572,67.288,66.323,3370928
2026-05-06,66.303,65.667,66.303,64.99,4484043
2026-05-07,65.159,66.065,66.204,64.841,4899061
2026-05-08,65.866,65.299,66.214,65.299,3374680
2026-05-11,65.448,64.463,65.458,64.065,4833492
2026-05-12,64.801,64.284,64.911,63.707,6446363
2026-05-13,64.473,65.896,66.124,64.025,8324138
2026-05-14,66.154,66.443,66.592,65.508,4022908
2026-05-15,67.25,66.02,67.48,65.87,4058961
2026-05-18,66.14,68.32,68.37,65.79,4756089
2026-05-19,68.85,70.6,71.71,68.82,7840256
2026-05-20,70.03,68.68,70.03,68.46,5748076
2026-05-21,65.28,67.07,67.73,65.25,7865666
2026-05-22,67.0,67.25,67.4,66.37,5117430
2026-05-26,66.2,64.55,66.43,64.47,9242357
2026-05-27,64.78,64.69,65.79,64.64,5611963
2026-05-28,65.09,63.66,65.51,63.23,6895848
2026-05-29,63.52,62.15,63.73,61.73,12761488
2026-06-01,62.6,61.52,63.0,61.39,8256420
2026-06-02,61.95,61.56,62.25,61.35,7847696
2026-06-03,61.36,61.23,61.89,61.01,6977229
2026-06-04,62.15,62.24,62.84,61.81,7748493
2026-06-05,62.7,63.57,64.2,62.7,8814737
2026-06-08,62.75,62.96,63.6,62.48,6921271
2026-06-09,62.71,62.99,64.3,62.1,8918480
2026-06-10,63.86,64.46,64.86,62.96,9302768
2026-06-11,64.22,64.12,65.04,63.59,7227281
2026-06-12,64.06,64.71,64.76,64.02,5040470
2026-06-15,63.82,64.06,64.98,63.78,7603710
2026-06-16,64.07,64.13,64.48,62.94,7047075
2026-06-17,64.06,61.82,64.06,61.27,13074579
2026-06-18,64.06,61.82,64.06,61.27,13075022
