Date,Open,Close,High,Low,Volume
2019-09-26,27,25.76,27.98,24.75, 0 
2019-09-27,26.17,25.24,26.17,23.75, 0 
2019-09-30,25.26,25.1,25.85,25, 0 
2019-10-01,25,22.51,25.17,22.51, 0 
2019-10-02,22.25,22.6,23.18,21.76, 0 
2019-10-03,22.49,22.33,22.82,21.14, 0 
2019-10-04,22.35,23.01,23.42,22.306, 0 
2019-10-07,23.07,23.51,24.33,22.49, 0 
2019-10-08,23.6,23.21,23.9,22.33, 0 
2019-10-09,23.63,24,24.8,23.25, 0 
2019-10-10,24.1,23.14,24.2,22.8, 0 
2019-10-11,23.1,22.39,23.4,22.11, 0 
2019-10-14,22.17,21.47,22.28,21.4, 0 
2019-10-15,21.51,23.445,23.68,21.51, 0 
2019-10-16,23.54,23.03,23.54,22.46, 0 
2019-10-17,23,23.86,23.96,23, 0 
2019-10-18,24.3,23.52,24.68,23.12, 0 
2019-10-21,23.99,22.26,24.37,21.774, 0 
2019-10-22,22.67,21.16,22.698,20.93, 0 
2019-10-23,21.13,21.08,21.74,20.46, 0 
2019-10-24,21.24,21.34,21.45,20.7, 0 
2019-10-25,21.13,22.4,23.09,21, 0 
2019-10-28,22.55,21.46,22.67,21.45, 0 
2019-10-29,21.57,23.18,24.16,21.43, 0 
2019-10-30,23.32,23.72,23.735,22.66, 0 
2019-10-31,23.49,23.87,23.94,22.91, 0 
2019-11-01,23.87,24.99,25.3,23.753, 0 
2019-11-04,25.3,24.61,26.5,23.54, 0 
2019-11-05,24.05,22.74,24.25,22.25, 0 
2019-11-06,22.93,23.02,23.2,22.29, 0 
2019-11-07,23.02,22.63,23.31,22.41, 0 
2019-11-08,22.45,23.52,23.55,22.25, 0 
2019-11-11,23.44,24.04,24.17,22.45, 0 
2019-11-12,24.32,24.69,24.99,24.19, 0 
2019-11-13,24.46,25.98,26.853,24.15, 0 
2019-11-14,26.2,25.93,26.26,25.4, 0 
2019-11-15,26.01,27.23,28.82,25.71, 0 
2019-11-18,27.34,30.25,30.36,26.24, 0 
2019-11-19,29.99,29.24,32.01,28.8, 0 
2019-11-20,29.09,29.1,29.99,27.75, 0 
2019-11-21,29.13,29.8,30,28.661, 0 
2019-11-22,30.11,29.36,30.65,28.9, 0 
2019-11-25,29.49,30.87,31.11,29.49, 0 
2019-11-26,31.41,30.96,31.5,29.747, 0 
2019-11-27,31.05,32.16,33.07,29.85, 0 
2019-11-29,32.66,35.23,35.75,32.51, 0 
2019-12-02,35.3,36.84,37.02,32.96, 0 
2019-12-03,35.91,33.48,36,33.14, 0 
2019-12-04,34.78,32.96,35.3,31.22, 0 
2019-12-05,33.65,31.31,33.65,30.51, 0 
2019-12-06,31.8,32.63,33.39,31.36, 0 
2019-12-09,33.31,34.77,35.35,33.04, 0 
2019-12-10,35.04,32.78,35.1,31.62, 0 
2019-12-11,32.12,32.03,32.38,29.87, 0 
2019-12-12,31.62,30.85,32.36,29.86, 0 
2019-12-13,30.99,31.53,31.97,30.25, 0 
2019-12-16,31.65,31.34,31.92,30.21, 0 
2019-12-17,31.6,32.93,33.32,30.6, 0 
2019-12-18,32.71,31.89,33.5,31.354, 0 
2019-12-19,31.74,31.93,32.39,31, 0 
2019-12-20,32,29.99,32.25,29.8, 0 
2019-12-23,30.15,29.22,30.2,28.87, 0 
2019-12-24,29.07,28.75,29.25,28.56, 0 
2019-12-26,29,27,29.18,26.74, 0 
2019-12-27,27,27,27.3,25.67, 0 
2019-12-30,26.83,27.69,28.108,26.47, 0 
2019-12-31,27.48,28.4,29.06,27.31, 0 
2020-01-02,28.9,29.74,30.02,27.8, 0 
2020-01-03,29.49,30.6,31.25,29.29, 0 
2020-01-06,30.61,29.75,31.705,29.72, 0 
2020-01-07,29.44,30.4,30.84,28.83, 0 
2020-01-08,30.07,29.65,30.25,28.85, 0 
2020-01-09,29.38,27.87,29.94,27.585, 0 
2020-01-10,27.85,28.01,28.15,26.89, 0 
2020-01-13,28.3,28.53,28.97,27.24, 0 
2020-01-14,28.8,29.69,30.26,28.35, 0 
2020-01-15,30.96,30.86,31.44,29.774, 0 
2020-01-16,31.1,30.83,31.8,30.36, 0 
2020-01-17,31,31.7,31.95,30.783, 0 
2020-01-21,31.69,32,33.7,31.6, 0 
2020-01-22,32.32,30.68,33.2,30.53, 0 
2020-01-23,30.69,30.06,31.59,29.96, 0 
2020-01-24,30.08,30.5,30.77,28.85, 0 
2020-01-27,29.67,31.25,31.38,29.2, 0 
2020-01-28,31.56,31.38,31.65,30.56, 0 
2020-01-29,32.36,31.5,32.36,30.81, 0 
2020-01-30,31.25,32.26,32.3,31.25, 0 
2020-01-31,32.25,32.36,32.52,31.021, 0 
2020-02-03,32.87,33.37,33.5,31.94, 0 
2020-02-04,33.91,33.47,34.6,33.28, 0 
2020-02-05,34.04,32.7,34.09,31.64, 0 
2020-02-06,29.94,29,30.75,28.82, 0 
2020-02-07,28.59,27.86,28.59,27.05, 0 
2020-02-10,27.83,28.6,29.06,27.62, 0 
2020-02-11,28.75,28.65,29.18,28.2, 0 
2020-02-12,28.84,28.34,29.21,28.25, 0 
2020-02-13,28.2,28.85,30.27,27.4, 0 
2020-02-14,28.89,27.66,28.89,27.5, 0 
2020-02-18,27.5,27.08,27.88,26.84, 0 
2020-02-19,27.3,27.1,27.69,26.8, 0 
2020-02-20,27.1,26.98,27.8,26.6, 0 
2020-02-21,26.81,25.49,26.9,25.32, 0 
2020-02-24,24.7,26.5,27.07,24.52, 0 
2020-02-25,26.65,27.11,28.02,26.02, 0 
2020-02-26,27.95,29.19,29.64,27.27, 0 
2020-02-27,28.9,28.72,29,26.69, 0 
2020-02-28,28,26.69,28.29,25.925, 0 
2020-03-02,27.2,27.92,29.32,26.33, 0 
2020-03-03,27.34,26.685,27.5,26.18, 0 
2020-03-04,27.01,27.25,27.45,25.78, 0 
2020-03-05,26.51,27.1,27.18,25.845, 0 
2020-03-06,25.95,24.98,26.141,24.36, 0 
2020-03-09,23,23.21,24.725,22.53, 0 
2020-03-10,24.1,22.97,24.33,22.31, 0 
2020-03-11,22.5,22,23.38,21.64, 0 
2020-03-12,20.74,19.51,20.99,18.01, 0 
2020-03-13,20.52,19.72,20.6,17.83, 0 
2020-03-16,18.64,22.25,22.94,17.7, 0 
2020-03-17,24.22,25.45,27,22.69, 0 
2020-03-18,24.5,25.79,27.38,24.43, 0 
2020-03-19,26,24.99,26.58,23.181, 0 
2020-03-20,25,23.01,25.4,21.78, 0 
2020-03-23,23.41,23.34,24.76,23.07, 0 
2020-03-24,24.21,24.57,25,23.62, 0 
2020-03-25,24.57,24.52,25.141,23.67, 0 
2020-03-26,24.56,25.75,26.05,24.31, 0 
2020-03-27,25.6,25.98,26.18,24.58, 0 
2020-03-30,26.8,27.7,28.67,26.26, 0 
2020-03-31,27.89,26.55,28.565,26.54, 0 
2020-04-01,26.44,27.96,29.34,26.087, 0 
2020-04-02,28.05,26.74,28.48,25.85, 0 
2020-04-03,27.07,28.75,29.11,26.95, 0 
2020-04-06,29.19,28.37,29.45,28.02, 0 
2020-04-07,28.8,27.58,28.96,26.06, 0 
2020-04-08,27.3,27.5,27.74,26.91, 0 
2020-04-09,27.62,28.45,29.03,27.32, 0 
2020-04-13,28.53,31.99,32.28,28.46, 0 
2020-04-14,32.33,31.88,32.48,30.57, 0 
2020-04-15,32.13,35.61,36.03,31.7, 0 
2020-04-16,34.5,36.35,38.08,34.11, 0 
2020-04-17,33.9,33.49,35.05,32.107, 0 
2020-04-20,31.86,31.07,32.87,30.97, 0 
2020-04-21,31.27,31.39,32.32,29.51, 0 
2020-04-22,31.8,31.18,32.02,30.42, 0 
2020-04-23,31.16,29.89,31.75,29.33, 0 
2020-04-24,30.25,31.74,33.02,30.01, 0 
2020-04-27,32.44,31.78,33.736,31.73, 0 
2020-04-28,31.94,30,32.17,29.8, 0 
2020-04-29,29.67,31.89,32.2,29.64, 0 
2020-04-30,32.44,31.5,32.49,31.2, 0 
2020-05-01,31.03,32.05,32.66,30.7, 0 
2020-05-04,32.36,33.9,34.17,32.03, 0 
2020-05-05,34.96,36.22,36.36,34.25, 0 
2020-05-06,36.83,38.03,39.256,35.21, 0 
2020-05-07,45.69,44.12,45.7,40.8, 0 
2020-05-08,42.11,43,43.27,41.27, 0 
2020-05-11,42.51,42.8,44.35,42.01, 0 
2020-05-12,44.32,46.17,47.83,44.05, 0 
2020-05-13,46.69,45.17,46.8,42.39, 0 
2020-05-14,45.39,45.11,47.38,44.811, 0 
2020-05-15,45.25,48.42,49.68,45.13, 0 
2020-05-18,47.29,43.61,48.215,43.4, 0 
2020-05-19,45.08,44.8,45.35,44, 0 
2020-05-20,44.85,45.11,45.89,44.13, 0 
2020-05-21,44.98,45.3,45.668,44.03, 0 
2020-05-22,45.14,45.81,46.87,44.8, 0 
2020-05-26,44.74,41.7,45.5,41.68, 0 
2020-05-27,41,41.07,41.37,38.8, 0 
2020-05-28,40.85,42.61,42.94,40.77, 0 
2020-05-29,43.04,42.19,44.39,41.14, 0 
2020-06-01,42.101,45.85,45.91,41.26, 0 
2020-06-02,45.8,49.01,49.3,45.56, 0 
2020-06-03,48.21,47.83,48.4,46.26, 0 
2020-06-04,47.4,47.88,49.19,46.65, 0 
2020-06-05,45.12,45.9,46.88,44.41, 0 
2020-06-08,45.2,44.78,45.41,42.9, 0 
2020-06-09,45.37,47.64,48.05,45.11, 0 
2020-06-10,48.2,47.11,48.782,46.53, 0 
2020-06-11,45.93,45.98,49.4,45.51, 0 
2020-06-12,47.075,47.1,48.25,45.64, 0 
2020-06-15,48.27,49.94,51,47.08, 0 
2020-06-16,48.45,49.91,51.45,47.04, 0 
2020-06-17,50.12,49.17,51.71,48.73, 0 
2020-06-18,49.72,51.08,51.25,49.25, 0 
2020-06-19,51.13,50.89,51.95,50.39, 0 
2020-06-22,52,53.03,55.03,51.65, 0 
2020-06-23,54.49,54.88,56.6,53.72, 0 
2020-06-24,55.98,55.55,57.27,52.42, 0 
2020-06-25,56.39,58.06,58.3,55, 0 
2020-06-26,58.5,58.43,60,56.395, 0 
2020-06-29,58.05,57.21,58.4,55.68, 0 
2020-06-30,56.24,57.77,59.11,56.18, 0 
2020-07-01,57.54,60.25,61,56.92, 0 
2020-07-02,60.85,59.16,61.39,58.91, 0 
2020-07-06,59.25,60.48,62.34,59.24, 0 
2020-07-07,61,60.82,62.2,59.7, 0 
2020-07-08,61.04,62.52,63.25,61.04, 0 
2020-07-09,63.881,64.49,65.72,63.56, 0 
2020-07-10,64.82,68.47,68.78,63.8, 0 
2020-07-13,69.25,61.58,69.728,61.01, 0 
2020-07-14,62.58,62.95,65.08,60.1, 0 
2020-07-15,61.43,63.13,63.72,60.87, 0 
2020-07-16,62.21,61.29,62.89,60.65, 0 
2020-07-17,61.55,58.53,61.88,58.23, 0 
2020-07-20,59.721,64.71,64.995,59.58, 0 
2020-07-21,64.85,62.88,65.31,61.9, 0 
2020-07-22,62.9,64.14,64.41,62.881, 0 
2020-07-23,64.31,62.31,65.28,60.89, 0 
2020-07-24,61.56,61.82,62.337,59.68, 0 
2020-07-27,62.58,63.68,63.91,61.75, 0 
2020-07-28,64.3,64.11,66.87,63.93, 0 
2020-07-29,64.72,66.65,66.9,64.6, 0 
2020-07-30,66.17,65.28,66.65,62.72, 0 
2020-07-31,66.69,68.22,68.94,65.6, 0 
2020-08-03,69.6,72.68,73.21,69.1, 0 
2020-08-04,70.95,70.01,71.5,69.012, 0 
2020-08-05,69.73,71.21,71.74,69.67, 0 
2020-08-06,71.73,69.72,72.5,69.68, 0 
2020-08-07,69.99,68.3,70.68,66.37, 0 
2020-08-10,68.48,67.12,69.57,65.15, 0 
2020-08-11,65.69,64.96,67.2,64.15, 0 
2020-08-12,65.21,64.36,65.73,63.76, 0 
2020-08-13,63,65.71,66.35,62.5, 0 
2020-08-14,66.64,64.34,67.75,64.08, 0 
2020-08-17,64.88,65.26,65.45,63.23, 0 
2020-08-18,65.85,69.82,70.78,65.56, 0 
2020-08-19,69.32,67.59,69.76,67.46, 0 
2020-08-20,67.59,68.72,69.09,67.1, 0 
2020-08-21,68.71,69.35,70.95,68.56, 0 
2020-08-24,69.95,66.87,70.25,66.21, 0 
2020-08-25,66.47,66.45,67.46,65.29, 0 
2020-08-26,66.97,67.3,68.613,66.735, 0 
2020-08-27,72.4,70.3,72.412,68.06, 0 
2020-08-28,72.41,75.96,77.455,72.25, 0 
2020-08-31,76,76.67,77.8,75.41, 0 
2020-09-01,78.39,83.67,84.63,78, 0 
2020-09-02,91.8,91.06,92.5,84.25, 0 
2020-09-03,87.8,82.28,87.9,80.51, 0 
2020-09-04,81.55,80.63,84.972,72.11, 0 
2020-09-08,79.38,85.6,91.84,79.29, 0 
2020-09-09,90.16,91.17,92.08,86.22, 0 
2020-09-10,93.55,87.75,98.61,86.38, 0 
2020-09-11,98.11,84.04,98.11,83.58, 0 
2020-09-14,81.72,82.01,83.5,78.83, 0 
2020-09-15,83.5,85.45,88.5,82.5, 0 
2020-09-16,83.77,82.59,86.35,82.2, 0 
2020-09-17,79.69,85.2,85.7,79.02, 0 
2020-09-18,85.25,89.7,90.01,83.28, 0 
2020-09-21,89.4,94.8,96.5,87.78, 0 
2020-09-22,90.33,94.39,94.65,88.43, 0 
2020-09-23,95.81,95.23,100.44,93.91, 0 
2020-09-24,93.9,88.56,95.25,88, 0 
2020-09-25,90.76,97.73,98.48,90.5, 0 
2020-09-28,97.27,96.91,99.4,94.42, 0 
2020-09-29,96.84,100.47,102.83,96.27, 0 
2020-09-30,99.99,99.24,101.88,98.1, 0 
2020-10-01,99.83,105.2,105.74,99.31, 0 
2020-10-02,105,107.51,110.25,104.09, 0 
2020-10-05,107.67,110.74,110.85,106.11, 0 
2020-10-06,110.78,111.31,113.87,109.38, 0 
2020-10-07,113.48,116.96,118.44,113.01, 0 
2020-10-08,118.92,115,119.89,113.7, 0 
2020-10-09,115.71,123.02,123.58,114.78, 0 
2020-10-12,125.1,127.3,129.41,122.24, 0 
2020-10-13,127,130.97,131.92,124.31, 0 
2020-10-14,132.11,131.44,135.31,128.26, 0 
2020-10-15,127.82,136.43,137.24,126.55, 0 
2020-10-16,137.6,131.33,139.75,128.67, 0 
2020-10-19,130.94,133.01,134.57,126.95, 0 
2020-10-20,133.75,131.93,134.55,130.33, 0 
2020-10-21,132.79,124.3,136.95,124.28, 0 
2020-10-22,119.75,120.8,126.59,118.61, 0 
2020-10-23,121.1,122.53,123.65,117.58, 0 
2020-10-26,123.02,118.1,125.65,116.1, 0 
2020-10-27,120.36,121.15,122.53,118.31, 0 
2020-10-28,122.11,122.12,124.34,119.56, 0 
2020-10-29,124.3,115.91,124.9,114.24, 0 
2020-10-30,114.1,110.21,116.21,109.01, 0 
2020-11-02,112.36,113.44,116.32,110.92, 0 
2020-11-03,113.51,111.7,114.05,110.13, 0 
2020-11-04,113.99,118.6,118.93,112.96, 0 
2020-11-05,122.94,126.63,126.91,117.82, 0 
2020-11-06,123,125.46,132.79,122.49, 0 
2020-11-09,106.69,100.01,108.48,94.12, 0 
2020-11-10,103.1,105.21,108.65,92.03, 0 
2020-11-11,103,106.21,107.35,99.83, 0 
2020-11-12,107.11,108.72,112,106.45, 0 
2020-11-13,109.03,100.79,109.69,99.5, 0 
2020-11-16,97.3,101.9,102.06,95.86, 0 
2020-11-17,102.33,102.49,102.78,99.63, 0 
2020-11-18,101.49,104.49,105.56,100.26, 0 
2020-11-19,104.1,105.26,106.42,102.78, 0 
2020-11-20,106,110.9,112.81,104.2, 0 
2020-11-23,110.43,112.05,113.94,106.07, 0 
2020-11-24,109.46,105.42,110.07,104.15, 0 
2020-11-25,106.29,106.94,108.25,105.56, 0 
2020-11-27,107.33,108.98,109.9,105.29, 0 
2020-11-30,110.03,116.35,116.52,105.69, 0 
2020-12-01,113.73,112.03,115.66,110.3, 0 
2020-12-02,110.83,113.18,117.75,110.2, 0 
2020-12-03,112.92,116.2,116.25,112.73, 0 
2020-12-04,115.25,114.45,115.7,111.93, 0 
2020-12-07,114.07,116.63,117.15,113.12, 0 
2020-12-08,115.92,118.25,118.55,113.06, 0 
2020-12-09,117.65,110.79,120.31,110.11, 0 
2020-12-10,109.53,117.99,119.13,108.18, 0 
2020-12-11,117.99,117.1,119.44,114.59, 0 
2020-12-14,118.01,121.91,124.86,117.75, 0 
2020-12-15,122.02,127.78,127.81,119.78, 0 
2020-12-16,128.7,134,134.22,128.51, 0 
2020-12-17,133.97,136.8,137.67,133.43, 0 
2020-12-18,137.88,139.84,142,135.6, 0 
2020-12-21,141.8,144.39,144.88,137.77, 0 
2020-12-22,159.2,161.21,166.23,155.4, 0 
2020-12-23,160.6,162.76,163.58,154.25, 0 
2020-12-24,161.9,162.72,167.37,161.3, 0 
2020-12-28,164,152.18,164.4,151.67, 0 
2020-12-29,150,150.1,154.11,146.37, 0 
2020-12-30,150.77,154.96,155.2,148.33, 0 
2020-12-31,155.01,151.72,155.22,150.62, 0 
2021-01-04,152.51,145.96,152.78,143.09, 0 
2021-01-05,145.74,148.53,149.78,144.47, 0 
2021-01-06,144.36,143.76,144.97,140.74, 0 
2021-01-07,145.65,154,154.47,145.21, 0 
2021-01-08,155.82,158.88,159.03,152.27, 0 
2021-01-11,156.77,152.34,159.12,152.01, 0 
2021-01-12,152.58,156.04,157.36,147.76, 0 
2021-01-13,156.5,167.42,169,156.5, 0 
2021-01-14,166.1,165.25,171.09,163.96, 0 
2021-01-15,165.82,157.81,166.08,157.24, 0 
2021-01-19,152.55,150.14,152.94,144.9, 0 
2021-01-20,153.8,155.79,156.73,152, 0 
2021-01-21,155.78,158.13,159.7,153.14, 0 
2021-01-22,157.67,159.75,160.41,155.94, 0 
2021-01-25,160.85,157.14,166.57,156.7, 0 
2021-01-26,156.5,147.79,158.67,147.49, 0 
2021-01-27,146.46,144.96,150.64,139.02, 0 
2021-01-28,145.13,145.83,150.46,143.42, 0 
2021-01-29,144.97,146.13,149.21,142.37, 0 
2021-02-01,147.7,146.79,150.3,144.55, 0 
2021-02-02,148.64,147.73,150.97,145.01, 0 
2021-02-03,149.51,147.17,150.78,145.59, 0 
2021-02-04,148.57,157.53,157.83,148.01, 0 
2021-02-05,149,148.3,151.79,142.7, 0 
2021-02-08,148.84,144.99,149.46,143.33, 0 
2021-02-09,147.01,147.76,149.92,145.1, 0 
2021-02-10,148.75,145.04,150.5,143.45, 0 
2021-02-11,146.66,146.48,148.04,144.03, 0 
2021-02-12,145.95,154.67,154.83,144.88, 0 
2021-02-16,155.5,145.88,155.52,145.72, 0 
2021-02-17,145.17,139.23,145.6,135.03, 0 
2021-02-18,136.13,138.45,140.66,135.2, 0 
2021-02-19,139.66,139.71,141.67,137.85, 0 
2021-02-22,137.32,125.75,138.61,125.08, 0 
2021-02-23,122.23,126.89,126.95,111.94, 0 
2021-02-24,123,122.72,127.11,118.85, 0 
2021-02-25,121.14,115.21,124.56,113.84, 0 
2021-02-26,118.21,120.47,121.78,114.61, 0 
2021-03-01,122.48,123.81,124.4,118.77, 0 
2021-03-02,125,117.97,126.74,117.63, 0 
2021-03-03,117.91,108.08,118,107.8, 0 
2021-03-04,107.74,104.75,110.97,97.19, 0 
2021-03-05,105.15,105.13,107.74,94, 0 
2021-03-08,108.69,101.35,115.39,100.42, 0 
2021-03-09,108.18,116.02,116.46,106.29, 0 
2021-03-10,117.99,111.32,119.12,110.88, 0 
2021-03-11,115.4,117.65,118.2,114.01, 0 
2021-03-12,113.49,111.55,115.2,109.25, 0 
2021-03-15,111.67,112.74,112.75,107.35, 0 
2021-03-16,113.61,107.96,113.98,106.2, 0 
2021-03-17,105.53,107.79,109.39,102.26, 0 
2021-03-18,105.01,102.74,107.48,101.67, 0 
2021-03-19,103.15,108.31,108.93,102.03, 0 
2021-03-22,108.97,109.54,110.73,106.65, 0 
2021-03-23,111,113.35,116.29,109.51, 0 
2021-03-24,112.48,101.79,112.89,101.12, 0 
2021-03-25,99.67,103.23,104.47,98.73, 0 
2021-03-26,104.11,106.42,106.56,102.4, 0 
2021-03-29,106,105.02,108.45,103.9, 0 
2021-03-30,103.81,107.17,107.48,101.81, 0 
2021-03-31,109,112.44,114.5,108.25, 0 
2021-04-01,114.99,112.09,118.96,111.67, 0 
2021-04-05,112.88,109.09,112.98,107.73, 0 
2021-04-06,109.24,115.38,117.45,108.28, 0 
2021-04-07,114.3,115.2,116.2,111.62, 0 
2021-04-08,117.5,123.62,124.5,116.63, 0 
2021-04-09,122.49,118.6,122.7,118.41, 0 
2021-04-12,118.06,118.97,119.43,115.26, 0 
2021-04-13,121.49,122.36,124.8,120.59, 0 
2021-04-14,122.66,117.8,122.91,117.39, 0 
2021-04-15,120,119.9,121.8,118.2, 0 
2021-04-16,119.35,116.21,119.48,115.76, 0 
2021-04-19,108.62,107.75,112.91,104.58, 0 
2021-04-20,108.11,106.5,109.14,103.92, 0 
2021-04-21,103.29,99.93,104.25,99.12, 0 
2021-04-22,101.16,101.49,105.08,100.03, 0 
2021-04-23,102.38,101.07,103.59,99.74, 0 
2021-04-26,102.66,103.27,103.27,100.41, 0 
2021-04-27,103.99,102.34,104.39,101.36, 0 
2021-04-28,101.71,103.22,104.39,100.27, 0 
2021-04-29,103.2,98.9,103.44,96.54, 0 
2021-04-30,97.65,98.35,101.4,97.25, 0 
2021-05-03,98.26,95.84,99.82,95.31, 0 
2021-05-04,95,96.7,97.27,92.72, 0 
2021-05-05,97.75,82.62,98.8,81.41, 0 
2021-05-06,80.5,83.78,85.38,80.48, 0 
2021-05-07,89.55,83.81,92.02,82.91, 0 
2021-05-10,82.59,87.49,88.27,81.06, 0 
2021-05-11,84.14,91.01,91.38,83.63, 0 
2021-05-12,88.5,89.35,92.59,86.51, 0 
2021-05-13,90.69,95.29,95.55,90.53, 0 
2021-05-14,95.64,96.58,97.8,92.9, 0 
2021-05-17,95.85,92.29,96.97,89.43, 0 
2021-05-18,92.96,95.19,97.85,92.55, 0 
2021-05-19,93.35,96.55,97.57,92.63, 0 
2021-05-20,98.2,100.46,100.75,97.8, 0 
2021-05-21,99.99,100.9,102.25,98.57, 0 
2021-05-24,101.72,101.16,102.11,98.12, 0 
2021-05-25,101.16,99.44,102.72,98.68, 0 
2021-05-26,99.96,109.56,110.49,99.96, 0 
2021-05-27,109.32,112.6,112.9,106.95, 0 
2021-05-28,112.48,110.31,114,110.12, 0 
2021-06-01,110.9,108.89,112.99,108.56, 0 
2021-06-02,109.23,108.55,110.57,105.95, 0 
2021-06-03,106.94,103.1,107.65,102.91, 0 
2021-06-04,103.68,103.01,104.59,101.52, 0 
2021-06-07,105.2,109.79,110.97,104.25, 0 
2021-06-08,110.31,109.69,112.46,108.38, 0 
2021-06-09,109.3,106.97,110.45,106.28, 0 
2021-06-10,106.11,106.08,107.95,104.49, 0 
2021-06-11,104.86,113.12,113.23,104.62, 0 
2021-06-14,112.37,112.09,114.75,111.55, 0 
2021-06-15,111.99,106.11,111.99,105.63, 0 
2021-06-16,105.72,105.07,106.58,102.7, 0 
2021-06-17,104.9,108.81,109.87,104.61, 0 
2021-06-18,107.59,109.12,110.19,107.24, 0 
2021-06-21,107.59,108.11,108.6,104.12, 0 
2021-06-22,107.45,117.17,117.66,107.45, 0 
2021-06-23,116.82,117.48,119.61,115.52, 0 
2021-06-24,117.88,121.85,124.23,117, 0 
2021-06-25,121.95,121.49,122.42,118.83, 0 
2021-06-28,122.07,126.92,127.98,121.4, 0 
2021-06-29,125.36,125.68,127.16,122.22, 0 
2021-06-30,125.09,124.02,125.66,123.37, 0 
2021-07-01,125,122.16,126.25,121.31, 0 
2021-07-02,123.09,121.6,124.98,120.17, 0 
2021-07-06,121.47,123.69,124.07,119.73, 0 
2021-07-07,125.28,123.51,129.7,123.2, 0 
2021-07-08,119.86,124.06,124.97,118.61, 0 
2021-07-09,123.86,117.84,123.98,117.71, 0 
2021-07-12,118.73,120.31,121.18,114.54, 0 
2021-07-13,119.57,119.85,121.61,118.5, 0 
2021-07-14,116,113.36,116.99,113.3, 0 
2021-07-15,111.98,111.19,114.71,108.1, 0 
2021-07-16,111.67,110.54,111.95,109.26, 0 
2021-07-19,109.99,118.43,118.67,109.67, 0 
2021-07-20,124.09,126.35,127.57,120.51, 0 
2021-07-21,124.74,126.43,127.17,123.28, 0 
2021-07-22,125.73,119.67,126.19,119.01, 0 
2021-07-23,119.05,121.55,122.97,117.57, 0 
2021-07-26,121.06,122.68,123.23,117.75, 0 
2021-07-27,122.85,121.36,123.94,117.27, 0 
2021-07-28,121.75,121.92,123.6,120.36, 0 
2021-07-29,121.62,118.1,123.43,117.91, 0 
2021-07-30,116.1,118.05,120.6,115.77, 0 
2021-08-02,117.9,120.69,122.69,114.63, 0 
2021-08-03,120.84,119.27,122.99,117.91, 0 
2021-08-04,119.54,120.93,121.1,118.14, 0 
2021-08-05,119.42,120.22,121.36,116.8, 0 
2021-08-06,118.81,112.69,121.17,112.65, 0 
2021-08-09,113.11,116.58,117.62,111.17, 0 
2021-08-10,115.97,113.84,118.24,113.56, 0 
2021-08-11,114.01,112.95,115.05,111.86, 0 
2021-08-12,112.92,112.64,114.51,111.66, 0 
2021-08-13,112.13,110.88,113.08,109.88, 0 
2021-08-16,109.91,110,111.95,107.19, 0 
2021-08-17,109.31,113.25,113.72,108.53, 0 
2021-08-18,113.45,110.65,113.9,109.76, 0 
2021-08-19,109.11,107.8,110.05,107.41, 0 
2021-08-20,109,108.07,111.02,107.85, 0 
2021-08-23,105.65,106.59,108.05,105.34, 0 
2021-08-24,110.29,113.71,114.26,110.01, 0 
2021-08-25,113,116.25,116.62,112.56, 0 
2021-08-26,116.5,114.09,120.62,113.35, 0 
2021-08-27,108.05,104.34,108.8,102.91, 0 
2021-08-30,103.75,101.48,105.24,100.55, 0 
2021-08-31,100.26,100.19,103.14,99.1, 0 
2021-09-01,99.91,100.04,101.75,98.29, 0 
2021-09-02,100.18,101,102.28,99.56, 0 
2021-09-03,100.86,98.56,101.35,96.95, 0 
2021-09-07,98.1,96.48,98.89,96.06, 0 
2021-09-08,96.2,97.5,99.12,96.06, 0 
2021-09-09,99.19,107.08,107.79,98.87, 0 
2021-09-10,106.91,114.39,118.61,106.54, 0 
2021-09-13,113.67,111.51,114.5,110.11, 0 
2021-09-14,111.58,108.5,113.88,107.82, 0 
2021-09-15,108.99,105.56,108.99,103.82, 0 
2021-09-16,105.56,104.92,106.6,103.93, 0 
2021-09-17,104.18,103.42,105.23,102.5, 0 
2021-09-20,101.4,100.73,104.13,99.3, 0 
2021-09-21,101.25,100.92,103.93,100.44, 0 
2021-09-22,99.51,94.55,99.98,92.61, 0 
2021-09-23,94.81,94.38,96.57,94.01, 0 
2021-09-24,94.13,92.64,94.13,91.76, 0 
2021-09-27,91.71,92.07,94.38,89.63, 0 
2021-09-28,91,87.8,91,87.05, 0 
2021-09-29,87.99,85.4,89.88,85.2, 0 
2021-09-30,85.06,87.05,87.9,84.67, 0 
2021-10-01,86.19,86.71,87.16,84.32, 0 
2021-10-04,86.25,82.35,86.47,81.33, 0 
2021-10-05,82.21,82.56,84.14,81.5, 0 
2021-10-06,82.2,83.76,85.19,81.04, 0 
2021-10-07,84.5,87.74,89.47,84.42, 0 
2021-10-08,87.5,86.11,88.22,85.13, 0 
2021-10-11,85.84,84.87,87.4,84.8, 0 
2021-10-12,85.85,86.65,87.34,84.87, 0 
2021-10-13,87.23,86.71,88.4,86.25, 0 
2021-10-14,87.97,85.85,88.2,85.31, 0 
2021-10-15,86.1,85.11,86.6,84.47, 0 
2021-10-18,85.11,87.65,88.9,83.58, 0 
2021-10-19,87.55,88.19,88.3,85.87, 0 
2021-10-20,91.41,90.65,93.75,89.78, 0 
2021-10-21,90.41,94.83,95.59,90.35, 0 
2021-10-22,93.95,93.83,94.91,92.18, 0 
2021-10-25,93.5,96.6,97.53,93.29, 0 
2021-10-26,97.15,93.46,99.36,92.2, 0 
2021-10-27,93.26,88.45,93.42,87.98, 0 
2021-10-28,88.78,90.31,90.67,88.53, 0 
2021-10-29,89.91,91.44,92.49,88.94, 0 
2021-11-01,91.6,92.83,92.95,89.86, 0 
2021-11-02,92.75,89.37,92.75,87.92, 0 
2021-11-03,88.94,89.9,91.46,88.79, 0 
2021-11-04,90.39,86.06,90.49,85.75, 0 
2021-11-05,57.13,55.64,61.7,55.21, 0 
2021-11-08,53.36,51.25,53.6,49.11, 0 
2021-11-09,52.95,50.13,53,48.93, 0 
2021-11-10,49.77,48.95,51.41,48.3, 0 
2021-11-11,49.08,50.52,50.85,47.57, 0 
2021-11-12,50.67,49.22,51.39,48.73, 0 
2021-11-15,49.61,47.49,49.71,46.7, 0 
2021-11-16,50.09,54.85,54.94,48.85, 0 
2021-11-17,52.66,51.13,53.39,50.81, 0 
2021-11-18,51.23,48.4,51.8,45.9, 0 
2021-11-19,49.55,47.14,50.08,47, 0 
2021-11-22,47.05,44.08,47.15,43.3, 0 
2021-11-23,44,42.97,44.34,41.13, 0 
2021-11-24,42.55,43.92,44.58,41.74, 0 
2021-11-26,47.72,46.41,47.75,45, 0 
2021-11-29,44.68,44.39,45.58,42.74, 0 
2021-11-30,44.72,44,46.13,42.5, 0 
2021-12-01,43.81,42.25,45.76,42.19, 0 
2021-12-02,43.89,44.45,46.24,43.41, 0 
2021-12-03,46.16,43.55,46.5,42.29, 0 
2021-12-06,42.36,42.49,43.52,40.84, 0 
2021-12-07,42.58,41.78,43.89,41.38, 0 
2021-12-08,41.84,45.91,46.35,40.97, 0 
2021-12-09,45.21,40.7,45.79,40.27, 0 
2021-12-10,39.85,38.51,41.25,37.67, 0 
2021-12-13,39.62,41.34,41.46,37.75, 0 
2021-12-14,38.7,39.26,42.75,38.67, 0 
2021-12-15,39.33,38.5,39.34,36.42, 0 
2021-12-16,38.5,39.81,40.18,38.43, 0 
2021-12-17,40.04,42.45,43.03,39.16, 0 
2021-12-20,42.16,38.7,42.46,38.19, 0 
2021-12-21,38.88,39.19,39.78,37.94, 0 
2021-12-22,39.21,37.78,39.71,36.64, 0 
2021-12-23,37.42,38.59,38.81,35.9, 0 
2021-12-27,38.12,36.71,38.47,36.47, 0 
2021-12-28,36.61,35.13,37.3,35.03, 0 
2021-12-29,35.13,34.56,35.68,33.91, 0 
2021-12-30,34.53,37.19,37.9,34.48, 0 
2021-12-31,36.1,35.76,37.4,35.66, 0 
2022-01-03,36.08,35.2,36.26,34.72, 1276132800 
2022-01-04,35,33.82,35.25,32.39, 2175616000 
2022-01-05,33.12,32.23,34.6,32, 1543270200 
2022-01-06,32.25,33.86,34.67,31.51, 1805029300 
2022-01-07,33.55,35.58,36.01,33.03, 1706858600 
2022-01-10,34.7,34.37,35.1,32.23, 1708713800 
2022-01-11,34.27,36.56,37.68,34.05, 1618050100 
2022-01-12,36.34,34.49,37.08,34.47, 1281868400 
2022-01-13,34.68,32.15,34.71,31.98, 2037959300 
2022-01-14,31,31.33,32.32,30.35, 2126522200 
2022-01-18,30.85,30.23,30.92,29.11, 2730023500 
2022-01-19,30.02,31.84,32.39,29.54, 2820536500 
2022-01-20,32.05,24.22,32.64,23.25, 10356887500 
2022-01-21,25.81,27.06,28.7,24.34, 10880224500 
2022-01-24,25.85,29.71,30.27,25.81, 6349578600 
2022-01-25,29.04,26.53,29.71,26.45, 3046853100 
2022-01-26,27.13,24.75,27.6,24.67, 2472935300 
2022-01-27,24.8,23.97,25.57,23.76, 2025515600 
2022-01-28,24,25.64,25.71,22.81, 2149536500 
2022-01-31,26.55,27.33,27.66,26.01, 2414117200 
2022-02-01,27.39,28.02,28.57,26.59, 1378741700 
2022-02-02,27.9,26.7,27.9,25.88, 1545901600 
2022-02-03,26.27,24.25,26.6,24.2, 1041214500 
2022-02-04,24.66,24.6,24.79,23.21, 2159878000 
2022-02-07,31.62,29.75,32.22,27.91, 10565633700 
2022-02-08,30.2,37.27,40.35,29.7, 24530628400 
2022-02-09,36.52,38.77,38.93,35.61, 7799598200 
2022-02-10,36.96,37.46,39.63,36.41, 3363896300 
2022-02-11,36.81,34.68,37.3,33.68, 2976948000 
2022-02-14,33.71,32.83,34.96,32.18, 2077595400 
2022-02-15,33,33.25,33.65,31.95, 1604083200 
2022-02-16,33.16,32.05,34.2,31.53, 1443139600 
2022-02-17,31.97,30.59,33.01,30.21, 1099314500 
2022-02-18,30.57,29.63,31.69,29.08, 1308539800 
2022-02-22,29.48,28.55,30.31,28.4, 1091278900 
2022-02-23,28.73,27,29.12,26.7, 1377141200 
2022-02-24,25.5,28.3,28.6,25.26, 2043673800 
2022-02-25,28.08,28.19,28.44,26.75, 966080000 
2022-02-28,28.95,29.06,29.12,27.11, 1049667300 
2022-03-01,28.89,27.62,29.15,27.2, 822620800 
2022-03-02,27.47,26.73,27.51,25.85, 1020952800 
2022-03-03,26.97,24.52,27.02,24.4, 1597185800 
2022-03-04,24.8,23.49,24.82,22.46, 1892888400 
2022-03-07,23.59,22.52,24.08,22.14, 1185550000 
2022-03-08,22.22,22.55,23.51,21.33, 10392014 
2022-03-09,22.82,23.44,23.86,22.69, 7501141 
2022-03-10,22.59,22.61,23.13,21.99, 8629180 
2022-03-11,22.64,21.14,22.71,21.04, 9021373 
2022-03-14,20.81,20.2,21.88,20.11, 11106560 
2022-03-15,21.01,22.61,22.82,20.56, 13301717 
2022-03-16,22.87,23.31,23.44,22.08, 9640516 
2022-03-17,23.21,24.7,24.73,22.92, 7399655 
2022-03-18,24.64,26.62,26.7,24.61, 11291108 
2022-03-21,26.37,26.25,26.72,24.98, 6553750 
2022-03-22,25.93,27.53,28.14,25.85, 7280652 
2022-03-23,27.33,28.71,29.86,26.86, 11043861 
2022-03-24,28.37,28.94,29.18,27.17, 8149824 
2022-03-25,29.23,28.42,29.66,27.82, 9139713 
2022-03-28,28.44,28.07,29.12,26.88, 7858084 
2022-03-29,28.65,30.89,32.14,28.37, 14294313 
2022-03-30,30.06,28.44,30.78,27.92, 11089811 
2022-03-31,28.56,26.42,28.91,26.25, 10141450 
2022-04-01,26.57,26.31,26.92,25.8, 5939623 
2022-04-04,26.49,27.81,27.83,25.83, 6353638 
2022-04-05,27.71,26.2,27.95,25.88, 6889617 
2022-04-06,25.57,24.91,25.85,24.25, 10038568 
2022-04-07,24.67,24.06,25.21,22.85, 10194305 
2022-04-08,24.4,23.56,24.59,23.4, 7830367 
2022-04-11,23.01,24.18,24.6,22.53, 6189172 
2022-04-12,24.18,23.71,25.08,23.57, 5599831 
2022-04-13,23.66,25.03,25.05,23.29, 4851602 
2022-04-14,24.82,23.87,26.5,23.1, 15065440 
2022-04-18,23.51,23.91,24.05,21.9, 9825775 
2022-04-19,23.76,24.53,25.13,23.51, 5757015 
2022-04-20,24.57,21.77,24.57,21.74, 11514502 
2022-04-21,22.02,20.47,22.35,20.41, 8686080 
2022-04-22,20.72,20.39,20.88,19.66, 10773342 
2022-04-25,20.04,20.41,20.5,19.53, 8679933 
2022-04-26,20.19,19.02,20.47,18.91, 8822413 
2022-04-27,18.55,18.64,19.5,18.34, 7262048 
2022-04-28,18.71,18.47,19.04,17.38, 12648623 
2022-04-29,18.84,17.56,19.93,17.53, 11659941 
2022-05-02,17.65,18.73,18.83,17.21, 9323840 
2022-05-03,18.45,18.31,18.85,17.96, 9009157 
2022-05-04,18.27,18.71,18.86,16.78, 13104541 
2022-05-05,18.53,17.01,18.53,16.67, 10827489 
2022-05-06,16.74,15.7,16.94,14.7, 18179027 
2022-05-09,15.34,14.13,15.61,14.06, 15995025 
2022-05-10,12.1,12.9,13.48,11.25, 63037678 
2022-05-11,13.33,12.34,13.94,12.24, 28635669 
2022-05-12,12.05,13.62,14.14,11.8, 23504591 
2022-05-13,13.89,15.87,15.9,13.82, 23371302 
2022-05-16,15.56,15.48,16.16,15.26, 16844101 
2022-05-17,15.83,15.55,16.22,14.68, 19239412 
2022-05-18,15.24,14.42,15.92,14.32, 11321161 
2022-05-19,14.29,14.73,15.07,14.14, 11288903 
2022-05-20,14.96,14.51,15.04,13.68, 10296138 
2022-05-23,14.58,13.62,14.58,13.05, 9707087 
2022-05-24,13.47,12.52,13.47,12.34, 10298333 
2022-05-25,12.43,13.05,13.27,12.43, 12435812 
2022-05-26,13.17,13.9,13.95,12.87, 12969193 
2022-05-27,13.96,14.51,14.52,13.87, 8389485 
2022-05-31,14.46,13.96,14.74,13.77, 11233772 
2022-06-01,13.88,12.94,14.31,12.89, 13768071 
2022-06-02,12.99,13.17,13.41,12.92, 13431423 
2022-06-03,13.02,12.53,13.1,12.37, 8510214 
2022-06-06,12.65,12.48,12.87,12.29, 9051057 
2022-06-07,12.22,12.43,12.53,11.9, 14529391 
2022-06-08,12.42,12.19,13.01,12.13, 10673530 
2022-06-09,12.07,11.12,12.1,11.1, 15193365 
2022-06-10,10.9,10.51,11.08,10.46, 12983795 
2022-06-13,10.01,9.84,10.35,9.61, 13492689 
2022-06-14,9.97,9.58,10.08,9.45, 10078392 
2022-06-15,9.61,10.13,10.24,9.61, 10847498 
2022-06-16,9.75,9.45,9.97,9.29, 10372652 
2022-06-17,9.43,9.74,9.92,9.37, 9527374 
2022-06-21,9.89,9.7,10.33,9.68, 9044704 
2022-06-22,9.54,9.77,10.24,9.51, 9321032 
2022-06-23,9.85,10.51,10.56,9.61, 9816528 
2022-06-24,10.52,11.01,11.02,10.39, 18093180 
2022-06-27,11.12,10.79,11.22,10.3, 8559712 
2022-06-28,10.7,9.86,10.94,9.82, 7490453 
2022-06-29,9.78,9.45,9.81,9.11, 11346332 
2022-06-30,9.38,9.18,9.42,8.74, 11784107 
2022-07-01,9.12,9.13,9.46,8.88, 9338515 
2022-07-05,9.12,10.41,10.42,8.73, 12556074 
2022-07-06,10.31,10.15,10.64,10.06, 8189812 
2022-07-07,10.17,10.65,10.71,10.1, 6899227 
2022-07-08,10.52,10.21,10.93,10.12, 9583679 
2022-07-11,10.06,8.92,10.11,8.91, 11374581 
2022-07-12,9.37,9.25,9.53,9.02, 16359030 
2022-07-13,8.94,8.93,9.19,8.66, 14000242 
2022-07-14,8.89,8.34,8.93,8.32, 12778912 
2022-07-15,8.44,8.48,8.68,8.22, 9637187 
2022-07-18,8.75,8.63,9.14,8.57, 9571258 
2022-07-19,8.77,9.4,9.47,8.5, 14258597 
2022-07-20,9.45,11.03,11.04,9.38, 26784955 
2022-07-21,10.81,11.26,11.4,10.7, 13882650 
2022-07-22,11.1,9.77,11.11,9.72, 15741460 
2022-07-25,9.85,9.55,9.86,9.27, 7980838 
2022-07-26,9.31,8.71,9.31,8.59, 10864533 
2022-07-27,9,9,9.09,8.56, 8816181 
2022-07-28,9.02,9.33,9.36,8.68, 10579041 
2022-07-29,9.24,9.49,9.55,8.88, 8819457 
2022-08-01,9.5,9.69,9.81,9.17, 8974901 
2022-08-02,9.63,10.72,10.95,9.56, 13290546 
2022-08-03,10.84,11.39,11.48,10.64, 11918148 
2022-08-04,11.31,10.5,11.49,10.45, 11412184 
2022-08-05,10.34,11.79,11.87,10.05, 15169151 
2022-08-08,11.93,11.91,12.67,11.66, 14643120 
2022-08-09,11.57,11.09,11.66,10.88, 9641501 
2022-08-10,11.62,11.92,12.07,11.41, 9047343 
2022-08-11,12.24,11.91,13.57,11.73, 16592958 
2022-08-12,12.08,13.53,13.79,11.82, 28058111 
2022-08-15,13.34,13.53,13.77,12.69, 16205612 
2022-08-16,13.38,13.69,14.32,12.91, 15441278 
2022-08-17,13.32,12.94,13.65,12.85, 11485366 
2022-08-18,12.86,12.66,12.86,12.29, 11137538 
2022-08-19,12.32,11.71,12.41,11.36, 10943421 
2022-08-22,11.38,11.58,11.75,11.13, 10048931 
2022-08-23,11.5,11.2,11.64,10.78, 14795370 
2022-08-24,12.35,13.48,13.66,12.16, 83422136 
2022-08-25,11.68,11.01,11.86,10.66, 59490220 
2022-08-26,11.03,10.61,11.04,10.12, 25524295 
2022-08-29,10.48,10.47,10.92,10.35, 15778646 
2022-08-30,10.76,9.58,10.89,9.52, 19154700 
2022-08-31,9.75,10.19,10.27,9.67, 30546903 
2022-09-01,9.96,10.28,10.3,9.65, 11753559 
2022-09-02,10.31,9.44,10.47,9.4, 16349201 
2022-09-06,9.36,8.69,9.39,8.68, 13447131 
2022-09-07,8.6,8.97,9.16,8.57, 9401903 
2022-09-08,8.84,9.1,9.19,8.64, 8157383 
2022-09-09,9.3,10.31,10.39,9.3, 18726405 
2022-09-12,10.26,11.05,11.08,10.24, 12914660 
2022-09-13,10.45,9.91,10.45,9.48, 23635147 
2022-09-14,10.04,10.23,10.27,9.67, 8889950 
2022-09-15,10.07,10.68,10.85,10, 10391659 
2022-09-16,10.4,9.74,10.4,9.71, 14167185 
2022-09-19,9.71,9.92,9.99,9.59, 6869733 
2022-09-20,9.9,9.65,10.24,9.63, 10417521 
2022-09-21,9.85,9.05,9.9,9.05, 12121325 
2022-09-22,8.99,8.59,9.11,8.59, 9724372 
2022-09-23,8.46,8.51,8.69,8.28, 10984820 
2022-09-26,8.5,8.22,8.85,8.06, 12342482 
2022-09-27,8.32,8.2,8.79,8.06, 13653713 
2022-09-28,8.22,8.24,8.42,8.03, 9182458 
2022-09-29,8.18,7.05,8.18,6.82, 26183256 
2022-09-30,7.01,6.93,7.3,6.86, 13325031 
2022-10-03,7.1,7.47,7.48,6.66, 18285924 
2022-10-04,7.67,8.86,8.86,7.67, 28308895 
2022-10-05,8.55,8.49,8.84,8.1, 16018282 
2022-10-06,8.47,8.83,9.17,8.35, 19532903 
2022-10-07,8.48,8.69,8.82,8.4, 14305193 
2022-10-10,8.74,9.09,9.42,8.56, 19635095 
2022-10-11,9.21,8.78,9.23,8.24, 16169833 
2022-10-12,8.74,8.53,8.81,8.09, 12904974 
2022-10-13,8.03,8.71,9.01,7.83, 19434899 
2022-10-14,8.78,7.24,8.97,7.23, 24643138 
2022-10-17,7.56,7.75,7.96,7.36, 15212251 
2022-10-18,8.14,7.83,8.26,7.54, 12989815 
2022-10-19,7.71,7.39,7.72,7.32, 11526340 
2022-10-20,7.4,7.41,7.97,7.28, 13573257 
2022-10-21,7.29,7.34,7.44,7.03, 9801301 
2022-10-24,7.2,7,7.22,6.76, 14132077 
2022-10-25,7.08,7.48,7.69,7.07, 17611573 
2022-10-26,7.33,7.69,8.16,7.25, 12848704 
2022-10-27,7.81,7.81,8.25,7.7, 13766281 
2022-10-28,7.8,8.01,8.06,7.59, 15489870 
2022-10-31,8.05,8.4,8.67,7.98, 17479691 
2022-11-01,8.78,8.94,9.02,8.76, 12394624 
2022-11-02,8.89,8.63,9.21,8.41, 18197678 
2022-11-03,7.45,9.34,9.34,7.24, 33515277 
2022-11-04,9.29,9.39,9.71,8.92, 20116484 
2022-11-07,9.41,9.41,9.67,8.93, 10806167 
2022-11-08,9.43,9.58,9.86,8.78, 15198849 
2022-11-09,9.38,8.57,9.45,8.39, 11969908 
2022-11-10,9.33,9.96,10,9.22, 15777940 
2022-11-11,9.76,10.33,10.6,9.5, 15066314 
2022-11-14,10.06,10.94,11.04,10.04, 14722220 
2022-11-15,11.28,11.84,12.02,11.15, 16118247 
2022-11-16,11.6,10.94,11.68,10.71, 13986352 
2022-11-17,10.54,10.89,11.06,10.42, 11525532 
2022-11-18,11,10.31,11.22,10.18, 7597643 
2022-11-21,10.03,9.76,10.21,9.49, 8805275 
2022-11-22,9.53,9.65,9.72,9.33, 10177490 
2022-11-23,9.78,10.03,10.06,9.67, 7025911 
2022-11-25,9.84,10.06,10.13,9.79, 3608431 
2022-11-28,9.98,10.14,10.94,9.94, 15594223 
2022-11-29,10.31,10.49,10.86,10.1, 7915064 
2022-11-30,10.42,11.38,11.39,10.14, 11759264 
2022-12-01,11.49,11.77,11.86,10.99, 11875612 
2022-12-02,11.5,13.3,13.33,11.41, 27053106 
2022-12-05,13.06,12.92,13.35,12.75, 14984438 
2022-12-06,12.83,12.46,12.89,11.93, 12636434 
2022-12-07,12.27,11.85,12.77,11.85, 11052485 
2022-12-08,11.92,12.57,12.67,11.7, 9985209 
2022-12-09,12.42,11.51,12.47,11.48, 11560916 
2022-12-12,11.37,11.71,11.74,11.11, 8934534 
2022-12-13,12.42,11.71,12.58,11.41, 13802432 
2022-12-14,11.55,12.16,12.28,11.52, 9566524 
2022-12-15,11.91,11.36,12.11,11.21, 11910489 
2022-12-16,11.19,10.71,11.63,10.69, 12728867 
2022-12-19,10.59,10.48,10.63,10.23, 6284162 
2022-12-20,10.32,10.45,10.85,10.18, 9439143 
2022-12-21,10.47,9.88,10.61,9.86, 11384411 
2022-12-22,9.74,9.21,9.74,8.83, 10146776 
2022-12-23,9.21,8.89,9.24,8.66, 7653813 
2022-12-27,8.79,8.14,8.81,8.12, 12128553 
2022-12-28,8.12,7.88,8.31,7.86, 9501641 
2022-12-29,8.05,8.09,8.31,7.92, 8878116 
2022-12-30,7.85,7.94,8.03,7.68, 10481534 
2023-01-03,8.17,8.12,8.45,7.89, 11626280 
2023-01-04,8.26,8.84,8.86,7.99, 9931473 
2023-01-05,8.58,8.58,8.73,8.31, 7781211 
2023-01-06,8.56,8.92,9.03,8.31, 9836818 
2023-01-09,9.09,9.33,9.53,9.02, 11044718 
2023-01-10,9.32,9.8,9.88,9.31, 9265875 
2023-01-11,9.86,10.82,10.84,9.77, 13106561 
2023-01-12,10.89,11.1,11.15,10.21, 10512774 
2023-01-13,10.89,11.63,11.73,10.83, 10993890 
2023-01-17,11.53,11.94,12.08,11.33, 16358431 
2023-01-18,12.1,11.09,12.14,11.03, 19264295 
2023-01-19,10.77,10.44,10.94,10.19, 10553902 
2023-01-20,10.63,11.06,11.09,10.46, 7982372 
2023-01-23,11.1,11.66,11.74,10.86, 8967556 
2023-01-24,11.22,11.06,11.45,10.87, 9116574 
2023-01-25,10.8,11.41,11.47,10.52, 8225818 
2023-01-26,11.74,11.8,12.05,11.42, 8764653 
2023-01-27,11.77,12.65,12.99,11.65, 16963177 
2023-01-30,12.71,12.5,13.37,12.3, 18199314 
2023-01-31,12.59,12.93,13.12,12.5, 21405940 
2023-02-01,13.75,16.36,16.79,13.6, 79365193 
2023-02-02,15.75,16.98,17.6,15.18, 39055211 
2023-02-03,16.25,16.28,17.83,16.14, 32668460 
2023-02-06,15.83,15.79,16.37,15.15, 18220296 
2023-02-07,15.72,15.76,16.24,15.42, 20432896 
2023-02-08,15.48,15.43,15.76,15.05, 10016812 
2023-02-09,15.68,14.8,15.82,14.66, 11687983 
2023-02-10,14.62,13.83,14.88,13.82, 14482521 
2023-02-13,13.81,13.63,13.92,13.44, 10024115 
2023-02-14,13.33,13.56,13.91,12.86, 11282915 
2023-02-15,13.51,14.31,14.35,13.5, 8727426 
2023-02-16,13.91,13.75,14.89,13.66, 10738099 
2023-02-17,13.71,13.6,13.74,13.16, 8741254 
2023-02-21,13.22,13.25,13.4,12.69, 13366455 
2023-02-22,13.3,13.43,13.54,13.02, 6903013 
2023-02-23,13.46,13.08,13.49,12.65, 8225633 
2023-02-24,12.75,12.7,12.88,12.48, 5944773 
2023-02-27,12.9,12.94,13.01,12.51, 8001998 
2023-02-28,12.87,12.92,13.25,12.78, 7217961 
2023-03-01,12.96,12.66,13.02,12.58, 7380602 
2023-03-02,12.37,12.92,12.94,12.16, 10217239 
2023-03-03,12.99,13.86,14.2,12.95, 13906863 
2023-03-06,14.02,13.88,14.36,13.75, 7432698 
2023-03-07,13.82,13.25,14.21,13.24, 9676646 
2023-03-08,13.25,13.63,13.7,12.86, 7164807 
2023-03-09,13.64,12.74,13.64,12.41, 9185527 
2023-03-10,12.58,11.78,12.59,11.21, 17319037 
2023-03-13,11.52,11.37,11.85,10.81, 7358594 
2023-03-14,11.79,10.6,11.8,10.56, 11839266 
2023-03-15,10.4,10.91,10.96,10.26, 7886521 
2023-03-16,10.75,10.64,11.03,10.52, 10179216 
2023-03-17,10.69,10.08,10.69,9.68, 11910238 
2023-03-20,10.02,9.38,10.04,9.19, 14079790 
2023-03-21,9.59,9.86,10.17,9.57, 13551619 
2023-03-22,9.91,9.26,9.94,9.19, 10847638 
2023-03-23,9.41,9.29,9.92,9.17, 10585660 
2023-03-24,9.16,9.53,9.64,9.09, 8242746 
2023-03-27,9.64,9.78,9.92,9.36, 9586995 
2023-03-28,9.8,9.81,9.98,9.58, 6703221 
2023-03-29,10.12,10.41,10.5,9.98, 7048303 
2023-03-30,10.59,10.57,10.77,10.38, 6769990 
2023-03-31,10.67,11.34,11.37,10.47, 7695890 
2023-04-03,11.13,11.71,11.77,11.11, 6606035 
2023-04-04,11.82,11.73,12.02,11.47, 4955505 
2023-04-05,11.56,11.13,11.57,11.01, 7250156 
2023-04-06,11.12,11.41,11.58,10.97, 7742834 
2023-04-10,11.19,11.37,11.5,11.09, 6681651 
2023-04-11,11.53,11.49,11.78,11.4, 7379820 
2023-04-12,11.67,10.2,11.67,10.01, 16153209 
2023-04-13,10.25,10.12,10.44,10, 9460854 
2023-04-14,10.08,9.58,10.1,9.56, 9267830 
2023-04-17,9.54,9.77,9.82,9.48, 5597591 
2023-04-18,9.9,9.9,10.13,9.72, 5384091 
2023-04-19,9.53,9.52,9.73,9.44, 7494136 
2023-04-20,9.34,9.08,9.52,8.96, 8271495 
2023-04-21,9.07,9.48,9.52,9, 6063633 
2023-04-24,9.44,9.34,9.65,9.02, 5788462 
2023-04-25,9.2,8.81,9.3,8.8, 5846456 
2023-04-26,8.9,8.6,9.11,8.53, 6373683 
2023-04-27,8.69,8.76,8.88,8.58, 5463083 
2023-04-28,8.69,8.88,9.04,8.54, 5446251 
2023-05-01,8.84,9.07,9.18,8.73, 6588988 
2023-05-02,9.08,8.61,9.14,8.53, 6236030 
2023-05-03,8.57,8.83,9.19,8.57, 10853224 
2023-05-04,7.63,7.64,7.81,7.31, 27471215 
2023-05-05,7.75,7.81,7.89,7.31, 17794175 
2023-05-08,8.03,8.09,8.38,7.86, 12643693 
2023-05-09,7.91,7.83,7.99,7.65, 10639718 
2023-05-10,8,7.53,8,7.26, 14511845 
2023-05-11,6.94,6.86,7.29,6.76, 20899676 
2023-05-12,6.92,6.94,6.96,6.62, 16364107 
2023-05-15,6.91,7.44,7.56,6.81, 12965071 
2023-05-16,7.32,6.98,7.44,6.86, 11849605 
2023-05-17,7,7.14,7.35,6.91, 8751618 
2023-05-18,7.11,7.35,7.39,7.07, 5928528 
2023-05-19,7.3,7.17,7.3,7.04, 8508498 
2023-05-22,7.16,7.33,7.5,7.02, 9560047 
2023-05-23,7.23,7.25,7.64,7.15, 8782725 
2023-05-24,7.19,7.06,7.19,6.89, 11121934 
2023-05-25,7.15,6.99,7.15,6.9, 7565083 
2023-05-26,7,6.89,7.1,6.88, 7829790 
2023-05-30,7.02,7.05,7.44,6.92, 10988566 
2023-05-31,7,7.28,7.35,6.94, 8561082 
2023-06-01,7.27,7.73,8,7.16, 11412196 
2023-06-02,7.91,8.37,8.51,7.87, 11967344 
2023-06-05,8.32,8.18,8.56,8.05, 7243980 
2023-06-06,8.07,8.26,8.66,8.07, 7845033 
2023-06-07,8.51,8.1,8.57,7.99, 6097455 
2023-06-08,8.15,8.22,8.34,7.85, 6170200 
2023-06-09,8.41,8.31,9.82,8.19, 37828399 
2023-06-12,8.4,8.93,9.01,8.4, 14957100 
2023-06-13,9.01,9.45,9.71,9.01, 13818848 
2023-06-14,9.51,9.69,9.76,9.3, 11011265 
2023-06-15,9.5,8.96,9.5,8.72, 15924141 
2023-06-16,9.02,8.64,9.2,8.56, 11196228 
2023-06-20,8.54,8.26,8.62,8.14, 9885796 
2023-06-21,7.9,7.58,7.91,7.32, 17893446 
2023-06-22,7.53,7.53,7.62,7.35, 7321598 
2023-06-23,7.35,7.31,7.42,7.25, 15908337 
2023-06-26,7.25,7.24,7.56,7.22, 5952582 
2023-06-27,7.3,7.5,7.57,7.14, 5936398 
2023-06-28,7.44,7.3,7.46,7.2, 10368309 
2023-06-29,7.29,7.46,8.01,7.26, 12988632 
2023-06-30,7.64,7.69,7.95,7.46, 10034186 
2023-07-03,7.85,8.19,8.52,7.85, 8738697 
2023-07-05,8.12,8.23,8.32,7.88, 6696089 
2023-07-06,7.98,7.68,8.02,7.4, 11839544 
2023-07-07,7.73,8.07,8.39,7.7, 9732815 
2023-07-10,8.05,8.39,8.43,7.9, 7788762 
2023-07-11,8.57,9.11,9.2,8.45, 13456871 
2023-07-12,9.25,9.47,9.52,9.05, 12922107 
2023-07-13,9.57,9.6,9.73,9.41, 11342123 
2023-07-14,9.64,8.69,9.64,8.64, 10511872 
2023-07-17,8.68,8.83,9.18,8.51, 8072463 
2023-07-18,8.77,8.92,9.17,8.7, 6735891 
2023-07-19,9.15,9.78,9.83,9.06, 12370659 
2023-07-20,9.63,9.27,9.81,9.19, 6639473 
2023-07-21,9.47,9.12,9.62,9.02, 7573938 
2023-07-24,9.11,8.7,9.11,8.69, 6709509 
2023-07-25,8.8,8.5,8.92,8.45, 6590987 
2023-07-26,8.6,8.76,8.84,8.5, 6450071 
2023-07-27,8.88,8.31,9,8.24, 7025790 
2023-07-28,8.55,8.71,8.85,8.52, 5417286 
2023-07-31,8.7,9.71,9.87,8.68, 16457729 
2023-08-01,9.53,9.61,9.72,9.08, 8031204 
2023-08-02,9.25,9.05,9.37,8.8, 6766394 
2023-08-03,8.94,9.05,9.2,8.91, 4796397 
2023-08-04,9.24,8.67,9.5,8.66, 7883261 
2023-08-07,8.73,8.47,8.74,8.26, 5531332 
2023-08-08,8.27,8.52,8.56,8.16, 4647178 
2023-08-09,8.51,8.19,8.56,8.19, 5115977 
2023-08-10,8.31,8.07,8.51,8.01, 5349833 
2023-08-11,7.99,7.56,8.01,7.54, 14048377 
2023-08-14,7.51,7.75,7.79,7.35, 9733548 
2023-08-15,7.64,7.43,7.75,7.41, 6138798 
2023-08-16,7.38,7.21,7.39,7.19, 6883383 
2023-08-17,7.37,6.9,7.43,6.9, 10895115 
2023-08-18,6.8,7.01,7.07,6.7, 9387868 
2023-08-21,7.03,7.02,7.15,6.86, 7980049 
2023-08-22,7.13,6.99,7.49,6.93, 15969321 
2023-08-23,5.15,5.41,5.8,5.05, 69163225 
2023-08-24,5.35,5.52,5.69,5.27, 18889552 
2023-08-25,5.56,5.83,5.97,5.54, 15527111 
2023-08-28,5.87,5.86,6.02,5.74, 8676224 
2023-08-29,5.82,6.08,6.17,5.74, 8941487 
2023-08-30,5.9,6.24,6.33,5.8, 10381638 
2023-08-31,6.24,6.38,6.52,6.22, 7725637 
2023-09-01,6.41,6.55,6.63,6.41, 7456623 
2023-09-05,6.42,6.59,6.71,6.37, 6689810 
2023-09-06,6.56,6.1,6.66,6.05, 11118712 
2023-09-07,5.92,5.82,5.97,5.68, 8153558 
2023-09-08,5.77,5.45,5.85,5.39, 14798327 
2023-09-11,5.55,5.33,5.64,5.33, 7465293 
2023-09-12,5.27,5.4,5.6,5.22, 11697313 
2023-09-13,5.37,5.17,5.41,5.14, 8689850 
2023-09-14,5.22,5.15,5.26,5.08, 8813010 
2023-09-15,5.11,5.04,5.13,4.96, 10871749 
2023-09-18,5,4.63,5,4.61, 12031497 
2023-09-19,4.65,4.8,4.84,4.58, 12745591 
2023-09-20,4.84,4.67,4.91,4.63, 7444432 
2023-09-21,4.57,4.47,4.62,4.46, 12722601 
2023-09-22,4.51,4.46,4.56,4.4, 10508566 
2023-09-25,4.35,4.41,4.59,4.31, 13999414 
2023-09-26,4.43,4.62,4.81,4.38, 11263159 
2023-09-27,4.64,4.65,4.79,4.5, 20464674 
2023-09-28,5.09,4.9,5.23,4.61, 47410046 
2023-09-29,4.99,5.05,5.24,4.97, 15612737 
2023-10-02,5.01,5.39,5.41,4.95, 17983048 
2023-10-03,5.39,5.07,5.44,4.94, 12823046 
2023-10-04,5.08,5.25,5.27,4.95, 7413523 
2023-10-05,5.27,5.12,5.46,4.98, 9260419 
2023-10-06,4.92,5.11,5.19,4.92, 12717118 
2023-10-09,5.06,5.14,5.21,5.02, 6238639 
2023-10-10,5.15,5.23,5.47,5.12, 7676822 
2023-10-11,5.27,5.48,5.54,5.26, 10543847 
2023-10-12,5.46,5.04,5.49,4.95, 13106292 
2023-10-13,5.02,4.85,5.05,4.81, 10367100 
2023-10-16,4.92,5.16,5.23,4.89, 8787195 
2023-10-17,5.1,5.21,5.3,5.08, 6584701 
2023-10-18,5.12,4.8,5.14,4.78, 8917909 
2023-10-19,4.57,4.79,5.06,4.53, 15404588 
2023-10-20,4.7,4.84,5.01,4.59, 10769382 
2023-10-23,4.81,4.7,5.03,4.65, 7299796 
2023-10-24,4.78,4.83,5.19,4.74, 10691349 
2023-10-25,4.81,4.64,4.84,4.54, 12171743 
2023-10-26,4.64,4.45,4.73,4.4, 7953760 
2023-10-27,4.49,4.3,4.55,4.28, 8662908 
2023-10-30,4.36,4.63,4.69,4.36, 9923599 
2023-10-31,4.71,4.76,4.8,4.59, 8258642 
2023-11-01,4.77,4.81,4.84,4.55, 10938405 
2023-11-02,4.64,5.43,5.74,4.57, 37694723 
2023-11-03,5.54,5.21,5.6,5.05, 19079305 
2023-11-06,5.2,5.02,5.26,4.83, 13761080 
2023-11-07,4.78,4.87,5.16,4.77, 13371564 
2023-11-08,4.88,4.73,4.93,4.7, 9335247 
2023-11-09,4.73,4.46,4.77,4.45, 11467087 
2023-11-10,4.44,4.53,4.58,4.31, 11206752 
2023-11-13,4.52,4.44,4.52,4.34, 7344711 
2023-11-14,4.64,5.14,5.17,4.64, 18207810 
2023-11-15,5.16,5.57,5.66,5.16, 16350941 
2023-11-16,5.46,5.36,5.46,5.15, 10830355 
2023-11-17,5.41,5.52,5.53,5.25, 5807880 
2023-11-20,5.54,5.54,5.62,5.46, 5569680 
2023-11-21,5.4,5.31,5.41,5.19, 6853798 
2023-11-22,5.37,5.31,5.55,5.29, 5451783 
2023-11-24,5.27,5.27,5.36,5.16, 2915755 
2023-11-27,5.25,5.4,5.47,5.18, 7774569 
2023-11-28,5.35,5.59,5.61,5.09, 9813196 
2023-11-29,5.75,5.83,6.03,5.7, 11730670 
2023-11-30,5.88,5.66,5.95,5.51, 9541165 
2023-12-01,5.68,6.22,6.24,5.6, 16674140 
2023-12-04,6.19,6.34,6.63,6.14, 11991942 
2023-12-05,6.27,5.9,6.3,5.83, 9903735 
2023-12-06,5.99,6.08,6.4,5.92, 9006742 
2023-12-07,6,5.94,6.11,5.83, 7026071 
2023-12-08,5.93,5.96,6.03,5.75, 10844279 
2023-12-11,5.93,5.68,6.04,5.6, 10402332 
2023-12-12,5.67,5.46,5.69,5.4, 10588525 
2023-12-13,5.43,5.94,5.98,5.28, 21009910 
2023-12-14,6.1,6.46,6.67,6.08, 18931053 
2023-12-15,6.51,6.15,6.54,6.07, 11238571 
2023-12-18,6.16,6.01,6.18,5.96, 7116932 
2023-12-19,6.05,6.4,6.44,6.02, 9989680 
2023-12-20,6.36,5.93,6.5,5.89, 9938177 
2023-12-21,6.1,6.17,6.27,6.07, 8014858 
2023-12-22,6.14,5.98,6.31,5.95, 7202266 
2023-12-26,6.01,6.19,6.23,5.84, 7034212 
2023-12-27,6.27,6.39,6.5,6.22, 9082153 
2023-12-28,6.33,6.28,6.38,6.14, 6105502 
2023-12-29,6.26,6.09,6.49,6, 9322183 
2024-01-02,5.96,5.82,6.14,5.77, 9618960 
2024-01-03,5.57,5.38,5.65,5.31, 14299585 
2024-01-04,5.71,6.13,6.3,5.56, 32209803 
2024-01-05,6.45,6.72,7.24,6.19, 67999568 
2024-01-08,6.79,6.59,6.88,6.35, 23590102 
2024-01-09,6.52,6.12,7.05,6.04, 25072721 
2024-01-10,6.17,6.11,6.29,5.88, 15935865 
2024-01-11,6.03,5.98,6.08,5.63, 18386846 
2024-01-12,5.96,5.83,6.21,5.78, 12319805 
2024-01-16,5.76,5.81,5.81,5.63, 9078174 
2024-01-17,5.69,5.8,5.87,5.56, 9242284 
2024-01-18,5.88,5.79,5.93,5.65, 8561365 
2024-01-19,5.81,5.57,5.82,5.37, 16448741 
2024-01-22,5.64,5.86,6.21,5.56, 14683905 
2024-01-23,5.97,5.82,6.18,5.8, 10759679 
2024-01-24,5.94,5.69,5.96,5.61, 11383097 
2024-01-25,5.72,5.8,5.89,5.62, 11008289 
2024-01-26,5.86,5.8,6,5.73, 9925483 
2024-01-29,5.82,6.11,6.11,5.59, 13224894 
2024-01-30,6.02,5.81,6.03,5.74, 14896130 
2024-01-31,5.73,5.56,6.04,5.56, 19093561 
2024-02-01,5.23,4.21,5.3,4.17, 84237884 
2024-02-02,4.31,4.24,4.5,4.1, 37002614 
2024-02-05,4.2,4.02,4.2,3.96, 19602512 
2024-02-06,4.05,4.38,4.44,4, 19989633 
2024-02-07,4.34,4.39,4.47,4.29, 11732120 
2024-02-08,4.37,4.53,4.58,4.26, 15157160 
2024-02-09,4.58,4.55,4.7,4.46, 12029654 
2024-02-12,4.59,4.81,5.07,4.55, 17407084 
2024-02-13,4.6,4.45,4.65,4.42, 12922111 
2024-02-14,4.55,4.71,4.72,4.52, 8431915 
2024-02-15,4.69,4.66,4.82,4.61, 8864328 
2024-02-16,4.54,4.54,4.62,4.42, 10218745 
2024-02-20,4.45,4.35,4.47,4.28, 9406573 
2024-02-21,4.32,4.28,4.36,4.24, 6793097 
2024-02-22,4.32,4.27,4.34,4.21, 7458549 
2024-02-23,4.26,4.35,4.37,4.17, 8699058 
2024-02-26,4.33,4.57,4.59,4.3, 13810402 
2024-02-27,4.65,4.7,4.79,4.56, 12451974 
2024-02-28,4.61,4.64,4.76,4.53, 8018351 
2024-02-29,4.74,4.52,4.85,4.5, 10982463 
2024-03-01,4.5,4.6,4.72,4.4, 10410354 
2024-03-04,4.63,4.35,4.63,4.33, 8865063 
2024-03-05,4.29,4.26,4.38,4.22, 9480752 
2024-03-06,4.31,4.4,4.46,4.22, 10587676 
2024-03-07,4.43,4.52,4.58,4.24, 14974137 
2024-03-08,4.53,4.68,4.76,4.49, 13728069 
2024-03-11,4.7,4.71,4.96,4.64, 8849505 
2024-03-12,4.72,4.64,4.77,4.57, 7073690 
2024-03-13,4.58,4.41,4.81,4.4, 9815357 
2024-03-14,4.4,4.35,4.47,4.18, 12530446 
2024-03-15,4.35,4.32,4.58,4.31, 10790227 
2024-03-18,4.35,4.36,4.39,4.24, 6614998 
2024-03-19,4.31,4.26,4.37,4.25, 5707363 
2024-03-20,4.25,4.45,4.49,4.21, 8591734 
2024-03-21,4.46,4.41,4.6,4.41, 8552085 
2024-03-22,4.39,4.2,4.39,4.04, 20406892 
2024-03-25,4.19,4.17,4.34,4.12, 14404639 
2024-03-26,4.19,4.16,4.35,4.15, 11577677 
2024-03-27,4.19,4.42,4.43,4.16, 10040675 
2024-03-28,4.42,4.29,4.52,4.28, 8246890 
2024-04-01,4.34,4.28,4.37,4.17, 12918880 
2024-04-02,4.19,4.06,4.2,4.02, 10300562 
2024-04-03,4.02,4.03,4.07,3.97, 9376771 
2024-04-04,4.1,3.81,4.17,3.77, 14996129 
2024-04-05,3.75,3.62,3.82,3.57, 20300792 
2024-04-08,3.66,3.74,3.82,3.65, 7101384 
2024-04-09,3.72,3.95,4.03,3.72, 10272701 
2024-04-10,3.76,3.65,3.77,3.56, 14758730 
2024-04-11,3.71,3.72,3.77,3.58, 8392523 
2024-04-12,3.67,3.55,3.71,3.5, 7786311 
2024-04-15,3.55,3.29,3.57,3.27, 12888049 
2024-04-16,3.24,3.1,3.25,3.07, 15227960 
2024-04-17,3.11,3.09,3.21,3.05, 12914315 
2024-04-18,3.08,3.06,3.23,3.02, 10747323 
2024-04-19,3,3.03,3.15,2.97, 10341793 
2024-04-22,3.05,3.05,3.08,2.92, 13463786 
2024-04-23,3.05,3.13,3.28,3.04, 9762534 
2024-04-24,3.15,3.06,3.17,3, 9943550 
2024-04-25,3,3.03,3.06,2.91, 10133745 
2024-04-26,3.06,3.16,3.24,3.02, 10242489 
2024-04-29,3.19,3.3,3.34,3.16, 11557475 
2024-04-30,3.2,3.11,3.3,3.11, 10925405 
2024-05-01,3.15,3.22,3.39,3.08, 19339397 
2024-05-02,3.61,3.13,3.8,2.7, 62218965 
2024-05-03,3.17,3.43,3.61,3.17, 34797791 
2024-05-06,3.39,3.54,3.67,3.37, 22991205 
2024-05-07,4.13,4.09,4.19,3.85, 59364321 
2024-05-08,3.94,3.94,3.95,3.74, 22300494 
2024-05-09,3.95,4.46,4.47,3.94, 22411214 
2024-05-10,4.47,4.21,4.51,4.17, 12321355 
2024-05-13,4.33,4.19,4.54,4.19, 18754224 
2024-05-14,4.36,4.23,4.81,4.2, 27498119 
2024-05-15,4.32,4.07,4.38,4.05, 14554802 
2024-05-16,4.03,3.89,4.18,3.82, 18193911 
2024-05-17,3.86,3.92,4.06,3.82, 11062309 
2024-05-20,3.89,3.91,4,3.77, 14247854 
2024-05-21,3.59,3.27,3.59,3.24, 67992249 
2024-05-22,3.29,3.43,3.53,3.27, 33974719 
2024-05-23,3.41,3.23,3.44,3.18, 17587222 
2024-05-24,3.26,3.15,3.29,3.15, 11180845 
2024-05-28,3.2,2.99,3.25,2.96, 18986555 
2024-05-29,2.93,3.14,3.16,2.91, 16705188 
2024-05-30,3.15,3.47,3.48,3.15, 26107269 
2024-05-31,3.5,3.64,3.64,3.45, 19898942 
2024-06-03,3.7,3.65,3.79,3.59, 18360492 
2024-06-04,3.6,3.62,3.71,3.56, 8708217 
2024-06-05,3.65,3.78,3.81,3.65, 10591325 
2024-06-06,3.77,3.74,3.84,3.73, 9726775 
2024-06-07,3.65,3.66,3.72,3.6, 9783303 
2024-06-10,3.62,3.64,3.7,3.58, 5399451 
2024-06-11,3.57,3.58,3.63,3.51, 6868712 
2024-06-12,3.79,3.84,3.99,3.79, 18388004 
2024-06-13,3.87,3.71,3.89,3.65, 9135639 
2024-06-14,3.65,3.81,3.87,3.62, 8302747 
2024-06-17,3.8,3.95,3.99,3.78, 16731724 
2024-06-18,3.92,3.79,3.94,3.78, 7273264 
2024-06-20,3.76,3.63,3.8,3.62, 7962132 
2024-06-21,3.63,3.61,3.65,3.52, 9828726 
2024-06-24,3.59,3.63,3.73,3.46, 12762546 
2024-06-25,3.61,3.37,3.61,3.32, 11305926 
2024-06-26,3.35,3.46,3.46,3.34, 6266239 
2024-06-27,3.43,3.44,3.52,3.41, 5804583 
2024-06-28,3.47,3.38,3.49,3.19, 55327173 
2024-07-01,3.37,3.25,3.42,3.18, 11562689 
2024-07-02,3.26,3.39,3.4,3.2, 8253534 
2024-07-03,3.39,3.37,3.41,3.3, 4513967 
2024-07-05,3.37,3.46,3.49,3.29, 7589756 
2024-07-08,3.5,3.59,3.6,3.43, 8574811 
2024-07-09,3.6,3.55,3.63,3.39, 7380882 
2024-07-10,3.6,3.56,3.62,3.48, 6519649 
2024-07-11,3.68,3.47,3.75,3.41, 20770818 
2024-07-12,3.55,3.64,3.75,3.52, 15703383 
2024-07-15,3.65,3.77,3.92,3.65, 15157745 
2024-07-16,3.77,3.94,3.98,3.76, 15688085 
2024-07-17,3.86,3.9,4.04,3.8, 10427546 
2024-07-18,3.82,3.69,3.96,3.67, 9719768 
2024-07-19,3.68,3.59,3.79,3.58, 5640576 
2024-07-22,3.58,3.63,3.64,3.45, 9150743 
2024-07-23,3.6,3.59,3.73,3.52, 9708127 
2024-07-24,3.52,3.43,3.57,3.39, 9544736 
2024-07-25,3.42,3.45,3.59,3.4, 9168951 
2024-07-26,3.5,3.6,3.61,3.47, 10583569 
2024-07-29,3.63,3.65,3.67,3.52, 7576511 
2024-07-30,3.68,3.67,3.7,3.56, 8184131 
2024-07-31,3.68,3.56,3.78,3.5, 12330825 
2024-08-01,3.56,3.32,3.58,3.26, 10598760 
2024-08-02,3.16,3.2,3.28,3.1, 8969480 
2024-08-05,2.95,3.08,3.15,2.87, 11807045 
2024-08-06,3.11,3.07,3.12,3.03, 7300773 
2024-08-07,3.14,2.92,3.2,2.91, 7897347 
2024-08-08,2.91,2.98,3.08,2.91, 6853741 
2024-08-09,2.98,2.99,3.03,2.91, 14139393 
2024-08-12,3.01,2.89,3.01,2.86, 6445383 
2024-08-13,2.9,3.02,3.14,2.89, 13508908 
2024-08-14,3.16,2.88,3.18,2.83, 17391928 
2024-08-15,2.94,3.21,3.26,2.94, 27277652 
2024-08-16,3.23,3.21,3.27,3.11, 12608182 
2024-08-19,3.2,3.23,3.27,3.14, 15164232 
2024-08-20,3.25,3.2,3.27,3.14, 11066087 
2024-08-21,3.26,3.36,3.38,3.18, 15338368 
2024-08-22,3.83,4.55,4.75,3.72, 135473846 
2024-08-23,4.43,4.84,4.97,4.12, 80437804 
2024-08-26,4.9,4.9,5.26,4.85, 38736059 
2024-08-27,4.93,4.82,5.09,4.74, 20102742 
2024-08-28,4.78,4.53,4.89,4.48, 17582015 
2024-08-29,4.63,4.63,4.78,4.56, 20971713 
2024-08-30,4.66,4.66,4.88,4.59, 14705783 
2024-09-03,4.57,4.48,4.65,4.42, 13708555 
2024-09-04,4.43,4.57,4.71,4.41, 7601905 
2024-09-05,4.61,4.77,5,4.49, 17561275 
2024-09-06,4.81,4.53,5.25,4.47, 31343458 
2024-09-09,4.52,4.4,4.57,4.23, 16416904 
2024-09-10,4.41,4.43,4.46,4.22, 8089159 
2024-09-11,4.42,4.42,4.54,4.32, 6090627 
2024-09-12,4.41,4.27,4.46,4.19, 9998032 
2024-09-13,4.35,4.73,4.75,4.35, 12489921 
2024-09-16,4.73,4.72,4.84,4.62, 8410735 
2024-09-17,4.73,4.6,4.77,4.49, 9360570 
2024-09-18,4.61,4.43,4.75,4.42, 10074771 
2024-09-19,4.63,4.75,4.97,4.63, 15410628 
2024-09-20,4.71,4.9,4.93,4.61, 12312443 
2024-09-23,5.01,4.74,5.07,4.73, 10254544 
2024-09-24,4.79,5.17,5.18,4.77, 9812700 
2024-09-25,5.16,4.88,5.21,4.85, 17741650 
2024-09-26,5.01,4.97,5.11,4.75, 10124645 
2024-09-27,5.12,4.81,5.13,4.8, 12103282 
2024-09-30,4.79,4.68,4.86,4.66, 6690774 
2024-10-01,4.65,4.34,4.68,4.32, 12245118 
2024-10-02,4.25,4.62,4.72,4.25, 12205460 
2024-10-03,4.55,4.66,4.69,4.49, 7493822 
2024-10-04,4.83,4.7,4.89,4.6, 13572482 
2024-10-07,4.71,4.58,4.77,4.52, 6862582 
2024-10-08,4.6,4.58,4.67,4.54, 4850406 
2024-10-09,4.58,4.72,4.92,4.57, 7275012 
2024-10-10,4.62,4.74,4.76,4.57, 6175271 
2024-10-11,4.74,4.91,4.94,4.74, 7529939 
2024-10-14,4.92,5.4,5.49,4.75, 20873562 
2024-10-15,5.6,5.21,5.6,5.1, 14671483 
2024-10-16,5.28,5.26,5.32,5.15, 11220439 
2024-10-17,5.23,5.27,5.31,5.15, 7196503 
2024-10-18,5.35,5.84,6.19,5.35, 29878391 
2024-10-21,5.79,5.48,5.91,5.38, 12942542 
2024-10-22,5.66,5.65,5.89,5.32, 18659806 
2024-10-23,5.63,6.27,6.32,5.55, 34386753 
2024-10-24,6.27,6.14,6.39,6.05, 18246042 
2024-10-25,6.17,6.28,6.39,6.11, 14422567 
2024-10-28,6.43,6.4,6.49,6.31, 14707977 
2024-10-29,6.41,6.78,6.79,6.26, 17777044 
2024-10-30,6.67,6.65,6.9,6.47, 25425691 
2024-10-31,7.88,8.5,8.92,7.67, 114868138 
2024-11-01,8.47,7.25,8.76,7.21, 44046727 
2024-11-04,7.84,7.51,7.99,7.36, 37205632 
2024-11-05,7.42,7.66,8.03,7.37, 37448240 
2024-11-06,7.73,7.93,8.01,7.44, 24757631 
2024-11-07,7.93,8.02,8.27,7.82, 20200439 
2024-11-08,7.97,8.9,8.95,7.94, 28100045 
2024-11-11,8.92,8.58,8.97,8.37, 18993341 
2024-11-12,8.35,8.31,8.52,8.21, 11375533 
2024-11-13,8.45,8.31,8.68,8.23, 9350250 
2024-11-14,8.32,8,8.46,7.99, 11359579 
2024-11-15,8.03,7.75,8.05,7.62, 15121056 
2024-11-18,7.71,7.58,7.81,7.36, 13952686 
2024-11-19,7.43,7.94,7.96,7.31, 10686076 
2024-11-20,7.87,8.36,8.42,7.77, 16033525 
2024-11-21,8.32,9.06,9.2,8.26, 20850661 
2024-11-22,9.4,9.54,9.78,9.21, 20356968 
2024-11-25,9.83,9.58,9.88,9.45, 14144296 
2024-11-26,9.43,9.65,10.1,9.42, 15825712 
2024-11-27,9.55,9.73,9.81,9.28, 9912397 
2024-11-29,9.86,10.34,10.39,9.76, 11738335 
2024-12-02,10.36,9.55,10.36,9.36, 18610517 
2024-12-03,9.53,9.86,10.4,9.51, 17299493 
2024-12-04,9.84,9.54,9.95,9.37, 16623920 
2024-12-05,9.5,9.65,9.73,9.28, 10733767 
2024-12-06,9.94,10.01,10.59,9.93, 14735376 
2024-12-09,10.02,10,10.26,9.77, 11150733 
2024-12-10,9.79,9.5,10.11,9.43, 9616644 
2024-12-11,9.74,9.79,10.1,9.46, 10266632 
2024-12-12,9.75,9.35,10.06,9.31, 10881691 
2024-12-13,9.42,9.58,9.7,9.24, 8696340 
2024-12-16,9.57,10.25,10.33,9.43, 15238039 
2024-12-17,10.17,10.57,10.9,10.15, 14476637 
2024-12-18,10.7,9.44,10.77,9.3, 14752173 
2024-12-19,9.59,9.23,9.75,9.2, 10401261 
2024-12-20,9.06,9.38,9.56,8.93, 14007770 
2024-12-23,9.29,9.27,9.35,8.94, 8212265 
2024-12-24,9.32,9.36,9.51,9.2, 3915574 
2024-12-26,9.35,10.27,10.33,9.32, 12047605 
2024-12-27,10.12,9.39,10.31,9.29, 11804615 
2024-12-30,9.14,8.96,9.26,8.78, 10719241 
2024-12-31,9.06,8.7,9.09,8.64, 8942705 
2025-01-02,8.8,8.83,8.98,8.27, 11598106 
2025-01-03,9.06,9.07,9.5,8.95, 12758155 
2025-01-06,9.25,8.91,9.37,8.77, 8363686 
2025-01-07,8.92,8.74,9.02,8.55, 8309201 
2025-01-08,8.54,8.63,8.82,8.22, 14373178 
2025-01-10,8.38,8.86,8.87,8.19, 8510950 
2025-01-13,8.69,8.96,8.97,8.35, 14718626 
2025-01-14,9.06,8.73,9.23,8.56, 15661786 
2025-01-15,9.14,8.97,9.28,8.88, 9951460 
2025-01-16,9.02,8.49,9.02,8.44, 13874578 
2025-01-17,8.62,8.27,8.65,8.12, 13226281 
2025-01-21,8.4,8.44,8.54,8.26, 7510314 
2025-01-22,8.44,8.35,8.65,8.26, 8111700 
2025-01-23,8.21,8.45,8.6,8.16, 7072601 
2025-01-24,8.46,8.4,8.84,8.34, 9143160 
2025-01-27,8.21,8.22,8.56,8.13, 8144514 
2025-01-28,8.22,8.32,8.45,8.07, 6174758 
2025-01-29,8.3,8.05,8.39,7.8, 15741866 
2025-01-30,8.15,8.07,8.25,7.95, 7529429 
2025-01-31,8.18,7.75,8.34,7.67, 10342312 
2025-02-03,7.53,7.32,7.58,7.2, 18199046 
2025-02-04,7.29,7.31,7.44,7.19, 8355980 
2025-02-05,7.32,7.58,7.71,7.31, 13817774 
2025-02-06,8.91,8.49,9.76,8.2, 65068515 
2025-02-07,8.66,8.37,8.83,8.23, 25339929 
2025-02-10,8.55,8.57,9.19,8.49, 23317543 
2025-02-11,8.65,8.74,8.95,8.58, 12651488 
2025-02-12,8.58,9.18,9.32,8.54, 13247729 
2025-02-13,9.15,10.15,10.22,9.04, 26336449 
2025-02-14,10.1,9.77,10.25,9.36, 36048708 
2025-02-18,9.65,9.63,9.8,9.44, 17352840 
2025-02-19,9.49,9.79,10.02,9.4, 12465597 
2025-02-20,9.64,9.05,9.65,8.98, 11052944 
2025-02-21,9.09,8.56,9.1,8.45, 16901081 
2025-02-24,8.56,8.76,8.79,8.23, 9486318 
2025-02-25,8.66,8.45,8.7,7.99, 11716733 
2025-02-26,8.56,7.88,8.69,7.85, 16047794 
2025-02-27,7.9,7.43,8.06,7.41, 13511955 
2025-02-28,7.41,7.53,7.67,7.38, 12536488 
2025-03-03,7.59,7.03,7.74,7, 12999865 
2025-03-04,6.83,6.95,7.1,6.57, 15130522 
2025-03-05,6.99,6.89,7.05,6.73, 16804774 
2025-03-06,6.68,6.33,6.72,6.3, 15582452 
2025-03-07,6.28,6.21,6.4,5.85, 22445944 
2025-03-10,6.02,5.62,6.12,5.55, 17532861 
2025-03-11,5.62,5.74,5.94,5.56, 15880813 
2025-03-12,5.95,6.1,6.2,5.81, 16968154 
2025-03-13,6.11,6.07,6.11,5.77, 11367795 
2025-03-14,6.59,7.05,7.08,6.45, 31049581 
2025-03-17,7.03,6.59,7.03,6.45, 14617322 
2025-03-18,6.47,6.46,6.68,6.21, 16259960 
2025-03-19,6.41,6.52,6.88,6.36, 12319181 
2025-03-20,6.33,6.52,6.66,6.27, 11847832 
2025-03-21,6.3,6.96,7.04,6.28, 25942035 
2025-03-24,7.16,7.32,7.34,7.09, 13282727 
2025-03-25,7.29,7.29,7.38,7.15, 9921373 
2025-03-26,7.28,6.95,7.28,6.85, 10748046 
2025-03-27,6.81,6.77,7.13,6.73, 7917724 
2025-03-28,6.68,6.3,6.74,6.2, 12379175 
2025-03-31,6.08,6.32,6.52,5.96, 9793606 
2025-04-01,6.26,6.22,6.38,6.13, 9159428 
2025-04-02,6.04,6.31,6.55,5.99, 11278771 
2025-04-03,5.84,5.4,5.89,5.3, 19080180 
2025-04-04,5.02,5.03,5.29,4.63, 18793138 
2025-04-07,4.69,5.15,5.57,4.63, 15248976 
2025-04-08,5.42,5,5.57,4.82, 15969754 
2025-04-09,4.96,5.87,6.07,4.81, 19178416 
2025-04-10,5.61,5.5,5.66,5.28, 9644597 
2025-04-11,5.49,5.58,5.65,5.28, 7955354 
2025-04-14,5.9,5.7,5.9,5.55, 8256325 
2025-04-15,5.67,5.73,5.86,5.6, 11596385 
2025-04-16,5.59,5.62,5.85,5.46, 8428305 
2025-04-17,5.52,5.39,5.59,5.3, 14926415 
2025-04-21,5.28,5.32,5.37,5.17, 8302970 
2025-04-22,5.41,5.75,5.83,5.38, 10450338 
2025-04-23,5.97,5.98,6.3,5.92, 12320573 
2025-04-24,6.04,6.28,6.37,6.01, 7237794 
2025-04-25,6.24,6.29,6.36,6.17, 9492984 
2025-04-28,6.54,6.6,6.7,6.39, 14087861 
2025-04-29,6.55,6.93,7.03,6.47, 13961356 
2025-04-30,6.65,6.89,6.91,6.44, 10819792 
2025-05-01,7.02,6.85,7.07,6.76, 8784889 
2025-05-02,7,6.82,7.03,6.81, 9245346 
2025-05-05,6.73,6.89,7.14,6.59, 16940168 
2025-05-06,6.71,6.99,7.01,6.62, 11872222 
2025-05-07,6.99,6.98,7.11,6.91, 13541103 
2025-05-08,6.3,6.51,6.83,5.82, 36141636 
2025-05-09,6.52,6.16,6.52,5.92, 22611161 
2025-05-12,6.5,6.64,6.84,6.46, 19316469 
2025-05-13,6.83,6.81,6.99,6.74, 16795684 
2025-05-14,6.85,6.62,6.99,6.59, 13184456 
2025-05-15,6.5,6.33,6.55,6.29, 9467249 
2025-05-16,6.32,6.34,6.44,6.22, 12486983 
2025-05-19,6.16,6.29,6.41,6.08, 11613800 
2025-05-20,6.23,6.72,6.81,6.06, 18542692 
2025-05-21,6.55,6.46,6.89,6.45, 18482553 
2025-05-22,6.38,7.21,7.27,6.35, 21388069 
2025-05-23,6.99,7.57,7.6,6.92, 20950701 
2025-05-27,7.76,7.57,7.8,7.43, 14050627 
2025-05-28,7.57,7.17,7.58,7.15, 12852970 
2025-05-29,7.32,7.14,7.4,7.05, 11433532 
2025-05-30,7.02,7.1,7.24,6.92, 12771236 
2025-06-02,7.04,6.6,7.09,6.58, 16098971 
2025-06-03,6.6,6.66,6.76,6.46, 12107156 
2025-06-04,6.68,7.47,7.56,6.67, 28168865 
2025-06-05,7.46,6.94,7.46,6.85, 16171259 
2025-06-06,7.01,7.3,7.33,6.92, 15371303 
2025-06-09,7.42,7.65,7.99,7.4, 18914301 
2025-06-10,7.7,7.63,7.72,7.41, 12652658 
2025-06-11,7.74,7.38,7.82,7.28, 10770283 
2025-06-12,7.26,7.32,7.35,6.99, 9959143 
2025-06-13,7.12,6.96,7.42,6.86, 14307871 
2025-06-16,7.11,6.93,7.19,6.82, 11447424 
2025-06-17,6.8,6.12,6.83,6.04, 27444343 
2025-06-18,6.2,6.22,6.26,6.04, 15432915 
2025-06-20,6.17,6.18,6.31,6.08, 13222481 
2025-06-23,6.11,6.37,6.42,6.03, 12148453 
2025-06-24,6.5,6.59,6.63,6.32, 10682636 
2025-06-25,6.62,6.56,6.79,6.5, 11757604 
2025-06-26,6.57,6.39,6.63,6.36, 8956344 
2025-06-27,6.44,6.8,7.04,6.41, 23281790 
2025-06-30,6.85,6.94,6.99,6.71, 11313292 
2025-07-01,6.8,6.6,6.8,6.55, 10625230 
2025-07-02,6.66,6.61,6.83,6.48, 10582433 
2025-07-03,6.63,6.64,6.74,6.62, 4230260 
2025-07-07,6.51,6.43,6.59,6.35, 17393147 
2025-07-08,6.48,6.71,6.74,6.39, 9241100 
2025-07-09,6.73,6.51,6.83,6.5, 8869877 
2025-07-10,6.59,6.72,6.92,6.52, 10237934 
2025-07-11,6.68,6.38,6.68,6.36, 7373084 
2025-07-14,6.38,6.44,6.53,6.34, 8595856 
2025-07-15,6.45,6.44,6.58,6.37, 8565439 
2025-07-16,6.45,6.39,6.5,6.32, 7954038 
2025-07-17,6.4,6.28,6.47,6.12, 12888660 
2025-07-18,6.39,6.29,6.41,6.23, 7579170 
2025-07-21,6.31,6.19,6.38,6.16, 6420725 
2025-07-22,6.2,6.49,6.67,6.17, 11253295 
2025-07-23,6.52,6.77,7.16,6.52, 13533587 
2025-07-24,6.65,6.43,6.71,6.42, 6675128 
2025-07-25,6.55,6.56,6.6,6.44, 7540396 
2025-07-28,6.53,6.38,6.53,6.3, 8047795 
2025-07-29,6.45,6.18,6.45,6.1, 10308981 
2025-07-30,6.82,7.34,7.48,6.59, 44271018 
2025-07-31,7.34,7.14,7.36,6.98, 19000893 
2025-08-01,6.93,6.6,6.95,6.45, 17364234 
2025-08-04,6.8,6.96,6.97,6.53, 12940654 
2025-08-05,7,7.11,7.28,6.87, 15070496 
2025-08-06,7.08,7.07,7.28,6.94, 14012017 
2025-08-07,7.42,7.11,8.03,6.84, 44364596 
2025-08-08,7.49,7.84,7.93,7.21, 28313799 
2025-08-11,7.91,8.25,8.64,7.91, 27922503 
2025-08-12,8.38,8.14,8.42,8.02, 12065635 
2025-08-13,8.25,8.72,8.74,8.21, 12719788 
2025-08-14,8.49,8.49,8.88,8.41, 12950936 
2025-08-15,8.55,8.52,8.63,8.35, 9384619 
2025-08-18,8.52,8.45,8.74,8.32, 9869108 
2025-08-19,8.37,7.84,8.38,7.8, 13328404 
2025-08-20,7.71,7.73,7.75,7.37, 12552703 
2025-08-21,7.72,7.69,7.95,7.61, 8797496 
2025-08-22,7.72,7.91,8.08,7.67, 8350836 
2025-08-25,7.78,7.51,7.82,7.5, 6665569 
2025-08-26,7.58,7.57,7.83,7.51, 7895017 
2025-08-27,7.55,7.68,7.79,7.52, 5806685 
2025-08-28,7.69,7.58,7.76,7.5, 6694266 
2025-08-29,7.57,7.6,7.71,7.47, 17919595 
2025-09-02,7.43,7.37,7.44,7.19, 10114706 
2025-09-03,7.37,7.6,7.7,7.36, 7676396 
2025-09-04,7.63,8.12,8.19,7.62, 11883482 
2025-09-05,8.21,8.02,8.3,7.86, 10877252 
2025-09-08,7.94,8.1,8.3,7.8, 9823408 
2025-09-09,8.07,7.94,8.14,7.85, 8966066 
2025-09-10,7.9,7.85,7.93,7.74, 7564168 
2025-09-11,7.9,7.65,8.06,7.54, 13555090 
2025-09-12,7.63,7.58,7.64,7.46, 7368328 
2025-09-15,7.62,8.19,8.21,7.62, 10387590 
2025-09-16,8.18,7.94,8.28,7.73, 11199240 
2025-09-17,7.94,8.13,8.31,7.94, 9569749 
2025-09-18,8.25,7.93,8.38,7.92, 10343142 
2025-09-19,7.85,8.27,8.44,7.78, 19265454 
2025-09-22,8.2,8.33,8.45,8.05, 9388188 
2025-09-23,8.34,8.03,8.5,7.97, 9076731 
2025-09-24,8.08,8.25,8.27,7.78, 11941122 
2025-09-25,8.19,8.42,8.7,8.1, 15047203 
2025-09-26,8.41,8.57,8.9,8.32, 12083902 
2025-09-29,8.78,8.67,8.84,8.15, 20210881 
2025-09-30,8.65,9,9.2,8.64, 19084818 
2025-10-01,9.18,8.67,9.18,8.1, 42162495 
2025-10-02,8.68,8.68,8.89,8.54, 12361151 
2025-10-03,8.75,8.58,9.2,8.52, 13395440 
2025-10-06,8.65,8.34,8.8,8.24, 19257331 
2025-10-07,8.23,7.31,8.28,7.3, 29207315 
2025-10-08,7.42,7.34,7.46,7.26, 13516593 
2025-10-09,7.32,7.35,7.63,7.28, 13296925 
2025-10-10,7.38,6.96,7.48,6.94, 15402343 
2025-10-13,7.11,7.37,7.44,6.96, 11286708 
2025-10-14,7.26,7.71,7.79,7.22, 11036566 
2025-10-15,7.81,7.62,7.85,7.52, 9286246 
2025-10-16,7.65,7.52,7.8,7.33, 9298686 
2025-10-17,7.45,7.5,7.6,7.42, 9469154 
2025-10-20,7.59,7.47,7.75,7.44, 10161486 
2025-10-21,7.44,7.86,8,7.31, 10860307 
2025-10-22,7.8,7.78,8.19,7.49, 13780112 
2025-10-23,7.66,7.5,7.75,7.44, 7368836 
2025-10-24,7.59,7.82,7.97,7.52, 11990045 
2025-10-27,7.82,7.72,7.94,7.69, 5848701 
2025-10-28,7.7,7.54,7.77,7.53, 6832729 
2025-10-29,7.57,7.47,7.8,7.42, 12865375 
2025-10-30,7.41,7.24,7.43,7.21, 6967683 
2025-10-31,7.22,7.26,7.4,7.16, 7672920 
2025-11-03,7.32,7.27,7.32,7.07, 6834211 
2025-11-04,7.07,7.07,7.15,6.96, 11370579 
2025-11-05,7.1,7.13,7.49,6.97, 12164171 
2025-11-06,7.06,6.71,7.08,6.52, 20763211 
2025-11-07,6.8,7.66,7.73,6.62, 29802461 
2025-11-10,7.72,7.44,7.92,7.41, 16579376 
2025-11-11,7.43,7.47,7.69,7.43, 10500460 
2025-11-12,7.55,7.46,7.69,7.2, 11396555 
2025-11-13,7.4,7.31,7.64,7.23, 9285262 
2025-11-14,7.13,7.48,7.6,7.12, 6749317 
2025-11-17,7.41,7.14,7.42,7.07, 10158312 
2025-11-18,7,7.11,7.23,6.94, 8162418 
2025-11-19,7.11,6.88,7.2,6.85, 6909195 
2025-11-20,7.04,6.39,7.04,6.36, 14403492 
2025-11-21,6.32,6.45,6.64,6.29, 13696753 
2025-11-24,6.45,6.6,6.69,6.45, 9528745 
2025-11-25,6.61,6.74,6.87,6.45, 8981318 
2025-11-26,6.74,6.72,6.84,6.7, 4887981 
2025-11-28,6.71,6.79,6.87,6.68, 3273833 
2025-12-01,6.58,6.66,6.84,6.58, 7155381 
2025-12-02,6.7,6.45,6.7,6.42, 10807383 
2025-12-03,6.47,6.67,6.7,6.37, 8452541 
2025-12-04,6.68,6.56,6.8,6.48, 6231189 
2025-12-05,6.56,6.42,6.69,6.38, 6230176 
2025-12-08,6.43,6.4,6.47,6.31, 6702696 
2025-12-09,6.4,6.77,6.85,6.37, 9806160 
2025-12-10,6.8,6.68,6.83,6.51, 7530510 
2025-12-11,6.68,6.79,6.9,6.59, 7319691 
2025-12-12,6.82,6.54,6.9,6.52, 8653348 
2025-12-15,6.54,6.25,6.59,6.15, 9517833 
2025-12-16,6.2,6.19,6.3,6.15, 7540526 
2025-12-17,6.15,6.13,6.32,6.11, 7057369 
2025-12-18,6.3,6.25,6.32,6.18, 5055809 
2025-12-19,6.26,6.2,6.31,6.19, 8287965 
2025-12-22,6.2,6.17,6.36,6.14, 4624228 
2025-12-23,6.11,6.11,6.24,6.09, 4877094 
2025-12-24,6.11,6.11,6.15,6.05, 3407517 
2025-12-26,6.09,6.06,6.19,6.05, 4346443 
2025-12-29,6.05,6.27,6.27,6.03, 6901908 
2025-12-30,6.2,6.23,6.31,6.18, 5424574 
2025-12-31,6.24,6.16,6.31,6.15, 6091796 
2026-01-02,6.2,6.12,6.24,5.96, 8824703 
2026-01-05,6.1,6.22,6.44,6, 9268069 
2026-01-06,6.26,6.6,6.66,6.2, 10940590 
2026-01-07,6.61,6.6,6.68,6.5, 7785521 
2026-01-08,6.57,6.72,6.89,6.46, 12104483 
2026-01-09,6.75,6.84,7.01,6.58, 11184547 
2026-01-12,6.8,6.61,6.92,6.51, 12533970 
2026-01-13,6.63,7,7.02,6.57, 16558592 
2026-01-14,6.95,6.57,6.95,6.4, 10539415 
2026-01-15,6.57,6.7,6.77,6.47, 9782948 
2026-01-16,6.68,6.33,6.7,6.28, 10644195 
2026-01-20,6.05,5.86,6.24,5.86, 13807516 
2026-01-21,5.92,5.86,5.98,5.75, 9336725 
2026-01-22,5.87,5.81,6,5.8, 7496564 
2026-01-23,5.8,5.8,5.89,5.7, 8615123 
2026-01-26,5.78,5.96,6.1,5.76, 8799300 
2026-01-27,5.96,5.87,5.97,5.81, 6281055 
2026-01-28,5.94,5.84,5.97,5.8, 6593571 
2026-01-29,5.84,5.73,5.95,5.56, 12610580 
2026-01-30,5.61,5.59,5.74,5.45, 12282756 
2026-02-02,5.5,5.76,5.88,5.46, 12389949 
2026-02-03,5.77,5.72,5.88,5.54, 10953588 
2026-02-04,5.73,5.91,5.98,5.61, 18014535 
2026-02-05,4.81,4.39,4.92,4.09, 90612530 
2026-02-06,4.44,4.63,4.69,4.3, 31539774 
2026-02-09,4.53,4.4,4.73,4.36, 18408648 
2026-02-10,4.29,4.35,4.59,4.28, 16231304 
2026-02-11,4.4,4.32,4.5,4.2, 24806529 
2026-02-12,4.33,4.23,4.4,4.13, 16031139 
2026-02-13,4.29,4.25,4.37,4.21, 8746839 
2026-02-17,4.18,4.19,4.28,4.08, 11709273 
2026-02-18,4.19,4.32,4.38,4.17, 11120286 
2026-02-19,4.27,4.42,4.44,4.2, 6177336 
2026-02-20,4.36,4.41,4.53,4.31, 8118020 
2026-02-23,4.35,4.13,4.37,4.08, 10710445 
2026-02-24,4.1,4.04,4.16,4.03, 15137243 
2026-02-25,4.09,4.12,4.22,3.99, 11241517 
2026-02-26,4.08,4.08,4.22,4.05, 9142607 
2026-02-27,4.05,4.02,4.08,3.95, 10046674 
2026-03-02,3.88,3.9,3.97,3.81, 10942602 
2026-03-03,3.8,3.91,4,3.75, 10430091 
2026-03-04,3.96,3.85,4.02,3.85, 9795320 
2026-03-05,3.82,3.83,3.97,3.75, 9341162 
2026-03-06,3.75,3.83,3.91,3.75, 8663587 
2026-03-09,3.75,3.86,3.94,3.71, 8267527 
2026-03-10,3.85,3.71,3.89,3.68, 11501115 
2026-03-11,3.73,3.86,3.87,3.69, 9689923 
2026-03-12,3.78,3.77,3.86,3.73, 7542212 
2026-03-13,3.85,3.71,3.86,3.65, 14530145 
2026-03-16,3.75,3.87,4,3.71, 13863438 
2026-03-17,3.86,4.13,4.29,3.86, 16116898 
2026-03-18,4.06,4.05,4.22,4.03, 9640632 
2026-03-19,3.98,4.06,4.13,3.93, 7803990 
2026-03-20,4.15,3.84,4.15,3.82, 15311733 
2026-03-23,3.89,3.93,4,3.82, 10093407 
2026-03-24,3.87,4.11,4.26,3.84, 12849756 
2026-03-25,4.17,4.09,4.23,3.99, 6779717 
2026-03-26,4.03,4.07,4.13,3.95, 9496927 
2026-03-27,4.01,4.43,4.75,3.9, 38079999 
2026-03-30,4.56,4,4.84,3.93, 36204977 
2026-03-31,4.04,4.29,4.42,4.03, 29662932 
2026-04-01,4.35,4.3,4.49,4.29, 14255553 
2026-04-02,4.25,4.58,4.63,4.21, 10951317 
2026-04-06,4.55,4.65,4.84,4.54, 11362663 
2026-04-07,4.58,4.81,4.85,4.56, 11427443 
2026-04-08,4.98,4.64,5.04,4.62, 10672738 
2026-04-09,4.61,4.74,4.77,4.58, 7363935 
2026-04-10,4.72,4.62,4.76,4.57, 6878573 
2026-04-13,4.56,4.73,4.78,4.44, 12690291 
2026-04-14,4.79,4.77,4.9,4.73, 10865450 
2026-04-15,4.82,4.86,5.13,4.79, 25685949 
2026-04-16,4.97,5.03,5.16,4.92, 13768742 
2026-04-17,5.1,5.1,5.17,4.97, 14282166 
2026-04-20,5.06,5.18,5.27,5.01, 15547064 
2026-04-21,5.23,5,5.27,4.89, 10654147 
2026-04-22,5.04,5.02,5.12,4.92, 7238754 
2026-04-23,5,4.95,5.1,4.9, 6835587 
