Date,Open,High,Low,Close,Volume
2015-07-22,18.9,19.99,18.66,19.82,67307
2015-07-23,19.55,20.29,19.49,20.02,51971
2015-07-24,20.07,20.43,18.81,19.11,65857
2015-07-27,18.8,19.59,17.2,17.2,68277
2015-07-28,16.03,17.25,15.68,15.84,70505
2015-07-29,16.0,17.25,15.36,17.15,65648
2015-07-30,17.0,17.59,16.16,16.42,62815
2015-07-31,16.02,16.63,15.52,15.75,36385
2015-08-03,15.4,15.5,14.18,14.34,38128
2015-08-04,14.5,15.77,14.5,15.77,52193
2015-08-05,15.88,16.56,15.56,15.78,57451
2015-08-06,15.29,16.27,15.15,16.08,39175
2015-08-07,16.45,17.45,16.29,17.31,64166
2015-08-10,17.06,18.64,17.06,18.19,63164
2015-08-11,18.08,18.41,17.73,17.92,59471
2015-08-12,17.9,18.55,17.52,17.99,51068
2015-08-13,17.88,19.23,17.74,19.2,105359
2015-08-14,19.69,19.7,18.66,18.74,85428
2015-08-17,18.59,19.26,17.61,19.24,58590
2015-08-18,19.4,19.46,17.32,17.32,58295
2015-08-19,16.8,18.2,16.08,17.96,59677
2015-08-20,17.7,18.37,17.26,17.35,43427
2015-08-21,16.7,17.24,15.9,15.99,40272
2015-08-24,15.18,15.2,14.39,14.39,42844
2015-08-25,13.09,14.0,12.95,12.95,41525
2015-08-26,13.05,13.59,11.82,12.13,57750
2015-08-27,12.58,12.9,12.1,12.83,53658
2015-08-28,13.08,14.11,13.03,14.11,60003
2015-08-31,13.85,14.08,13.38,13.53,37063
2015-09-01,13.35,14.47,13.11,13.8,82470
2015-09-02,12.82,13.98,12.42,13.08,55600
2015-09-07,13.34,13.95,13.0,13.2,28021
2015-09-08,13.21,14.5,13.0,14.42,39031
2015-09-09,14.46,15.35,14.08,15.27,74459
2015-09-10,14.9,15.05,14.6,14.69,33672
2015-09-11,14.66,15.22,14.36,15.03,29067
2015-09-14,15.06,15.3,13.65,13.9,58705
2015-09-15,13.6,14.18,13.25,13.65,33759
2015-09-16,13.55,15.02,13.55,15.0,44034
2015-09-17,14.85,15.73,14.2,14.47,54714
2015-09-18,14.48,14.97,14.28,14.65,24914
2015-09-21,14.63,15.22,14.5,15.16,24842
2015-09-22,15.2,15.39,14.9,15.05,32828
2015-09-23,14.97,15.25,14.76,14.89,29955
2015-09-24,14.95,15.24,14.82,15.01,22630
2015-09-25,14.9,15.15,14.37,14.48,24141
2015-09-28,14.5,15.1,14.28,15.0,20023
2015-09-29,14.85,14.96,14.5,14.65,13146
2015-09-30,14.89,14.97,14.7,14.8,12303
2015-10-08,15.2,15.59,15.02,15.47,36089
2015-10-09,15.46,15.77,15.39,15.69,23705
2015-10-12,15.85,16.86,15.68,16.69,52230
2015-10-13,16.53,16.94,16.36,16.74,30632
2015-10-14,16.57,17.17,16.37,16.91,34698
2015-10-15,16.88,17.29,16.63,17.23,34714
2015-10-16,17.3,17.58,16.93,17.42,48086
2015-10-19,17.25,17.5,16.98,17.25,40345
2015-10-20,17.25,17.4,16.9,17.34,31680
2015-10-21,17.34,17.95,15.71,16.18,55803
2015-10-22,16.13,17.25,16.13,17.18,37936
2015-10-23,17.2,18.63,17.06,18.07,76491
2015-10-26,18.12,18.3,17.5,18.03,49174
2015-10-27,17.83,18.78,17.17,18.28,47977
2015-10-28,18.04,18.49,17.5,17.68,36492
2015-10-29,17.71,18.08,17.53,17.67,33589
2015-10-30,17.6,17.95,17.37,17.69,24010
2015-11-02,17.25,17.88,16.89,17.28,23203
2015-11-03,17.48,17.6,17.16,17.37,25412
2015-11-04,17.39,18.35,17.39,18.33,36556
2015-11-05,18.26,18.4,17.9,18.04,49546
2015-11-06,18.1,19.0,18.0,18.8,59620
2015-11-09,18.68,19.14,18.31,19.04,57661
2015-11-10,18.8,19.62,18.7,19.27,45403
2015-11-11,19.46,19.46,18.88,19.29,30299
2015-11-12,19.29,19.7,19.06,19.34,31335
2015-11-13,19.25,19.25,18.69,18.83,27812
2015-11-16,18.19,19.56,18.19,19.52,33994
2015-11-17,19.46,20.43,19.46,20.2,61097
2015-11-18,20.32,21.79,20.01,20.68,77811
2015-11-19,20.41,22.2,20.41,22.04,65976
2015-11-20,22.05,23.54,21.6,23.0,75164
2015-11-23,22.85,23.95,22.03,22.3,70006
2015-11-24,22.58,23.06,22.03,22.91,36425
2015-11-25,22.65,22.93,22.17,22.42,37411
2015-11-26,22.5,22.91,21.91,22.07,33890
2015-11-27,21.74,21.99,19.86,19.86,79236
2015-11-30,19.86,20.35,18.98,20.08,50787
2015-12-01,20.07,20.76,19.78,20.07,31489
2015-12-02,20.18,20.28,18.1,19.74,25828
2015-12-03,19.73,20.28,19.72,20.13,23528
2015-12-04,19.95,20.85,19.93,20.19,44276
2015-12-07,20.0,21.86,20.0,21.8,53005
2015-12-08,21.39,21.8,20.72,20.98,41002
2015-12-09,20.58,21.1,20.23,20.58,21502
2015-12-10,20.55,21.0,20.33,20.58,24382
2015-12-11,20.12,20.6,19.93,20.06,28139
2015-12-14,19.8,20.19,19.12,20.17,33280
2015-12-15,20.07,20.43,19.75,20.27,21073
2015-12-16,20.43,21.0,20.26,20.69,32849
2015-12-17,20.88,21.7,20.6,21.63,47524
2015-12-18,21.5,21.99,20.9,21.57,64780
2015-12-21,21.4,23.73,21.4,23.73,77004
2015-12-22,23.5,23.59,22.8,23.18,67658
2015-12-23,23.1,23.5,22.61,22.91,49467
2015-12-24,22.62,23.0,22.0,22.84,28287
2015-12-25,22.78,23.48,22.57,23.33,38575
2015-12-28,23.29,23.43,21.7,21.75,54911
2015-12-29,21.77,22.45,21.65,22.4,30591
2015-12-30,22.5,23.4,22.17,23.06,37754
2015-12-31,22.93,23.25,22.28,22.54,20197
2016-01-04,22.55,22.65,20.29,20.29,29841
2016-01-05,19.6,20.69,18.5,19.65,51047
2016-01-06,19.65,20.44,19.41,20.18,29372
2016-01-07,19.91,19.91,18.16,18.16,9481
2016-01-08,18.7,18.97,16.71,17.93,29762
2016-01-11,17.46,17.86,16.14,16.3,39378
2016-01-12,16.36,16.67,15.11,16.13,23480
2016-01-13,16.34,16.4,14.85,14.88,19951
2016-01-14,14.26,15.48,13.9,15.23,36106
2016-01-15,15.05,16.07,15.0,15.32,39126
2016-01-18,15.0,16.35,14.85,16.03,36147
2016-01-19,16.03,16.92,15.85,16.77,26223
2016-01-20,16.6,17.35,16.6,16.94,41614
2016-01-21,16.5,17.17,15.82,15.91,22618
2016-01-22,16.15,17.24,15.91,17.2,33549
2016-01-25,17.1,17.6,17.0,17.32,20780
2016-01-26,17.13,17.23,16.03,16.12,26484
2016-01-27,16.11,16.69,15.11,16.48,31832
2016-01-28,16.13,16.62,15.61,15.8,18077
2016-01-29,15.57,17.29,15.57,17.02,33013
2016-02-01,16.9,17.39,16.65,17.05,25214
2016-02-02,17.06,18.08,16.91,17.97,20861
2016-02-03,17.86,18.29,17.42,18.17,18641
2016-02-04,18.17,18.75,18.04,18.33,20731
2016-02-05,18.3,18.49,17.55,17.71,18663
2016-02-15,17.3,18.49,16.61,18.16,22678
2016-02-16,18.16,18.65,18.04,18.51,27157
2016-02-17,18.35,19.0,18.22,18.73,21042
2016-02-18,18.79,19.06,18.03,18.2,33494
2016-02-19,18.25,18.36,17.73,17.99,22229
2016-02-22,18.25,18.54,18.01,18.52,23718
2016-02-23,18.52,18.96,17.9,18.84,35979
2016-02-24,18.78,19.5,18.5,19.27,52227
2016-02-25,19.33,19.78,17.5,18.19,60014
2016-02-26,18.16,19.1,18.02,18.86,54189
2016-02-29,18.8,18.8,16.97,18.19,61308
2016-03-01,18.1,18.5,16.95,17.94,57517
2016-03-02,17.8,18.75,17.34,18.61,86317
2016-03-03,18.6,19.66,18.3,19.47,106673
2016-03-04,19.12,19.67,18.4,18.56,57771
2016-03-07,18.8,19.2,18.61,18.95,38540
2016-03-08,19.03,19.22,17.89,18.96,49531
2016-03-09,18.51,19.07,18.11,18.65,32513
2016-03-10,18.59,19.18,18.03,18.39,32892
2016-03-11,18.21,18.41,17.3,17.84,39157
2016-03-14,17.97,18.7,17.97,18.46,52954
2016-03-15,18.2,18.44,17.92,18.02,17728
2016-03-16,18.23,18.89,18.02,18.07,45121
2016-03-17,18.1,18.59,17.89,18.45,37931
2016-03-18,18.51,19.49,18.4,19.45,69583
2016-03-21,19.5,19.68,19.28,19.62,55360
2016-03-22,19.55,19.55,19.2,19.28,36912
2016-03-23,19.21,19.88,19.16,19.26,45257
2016-03-24,18.95,19.26,18.73,18.98,45815
2016-03-25,19.08,19.45,19.0,19.4,34073
2016-03-28,19.47,19.97,19.35,19.45,38062
2016-03-29,19.45,19.64,19.11,19.61,35161
2016-03-30,19.78,20.68,19.6,20.49,59624
2016-03-31,20.49,20.71,20.22,20.36,33556
2016-04-01,20.1,20.42,19.66,20.27,40035
2016-04-05,20.68,21.27,20.36,21.13,55228
2016-04-06,20.85,21.96,20.85,21.56,63232
2016-04-07,21.61,21.95,20.89,20.9,39196
2016-04-08,20.5,21.64,20.37,21.35,43884
2016-04-11,21.51,21.6,21.07,21.51,35350
2016-04-12,21.45,21.54,20.69,20.85,32089
2016-04-13,20.98,21.4,20.86,21.28,31171
2016-04-14,21.24,22.1,21.24,21.94,49273
2016-04-15,21.88,22.8,21.85,22.43,39301
2016-04-18,22.09,22.3,21.57,22.22,37406
2016-04-19,22.22,22.35,21.78,21.95,18907
2016-04-20,21.95,21.99,19.86,19.96,48937
2016-04-21,19.92,20.28,19.19,19.27,39135
2016-04-22,19.47,19.72,19.21,19.61,31367
2016-04-25,19.55,19.9,19.1,19.78,22010
2016-04-26,19.58,20.23,19.51,20.18,21166
2016-04-27,20.15,20.94,20.15,20.68,36165
2016-04-28,20.45,20.66,19.96,20.49,26071
2016-04-29,20.45,20.88,20.21,20.5,35917
2016-05-03,20.5,20.98,20.36,20.96,28659
2016-05-04,20.8,21.24,20.72,21.03,29048
2016-05-05,21.08,21.16,20.8,21.05,21915
2016-05-06,21.0,21.35,19.7,19.92,41856
2016-05-09,18.95,19.8,17.93,17.93,48741
2016-05-10,17.95,18.1,17.45,17.8,27585
2016-05-11,17.85,18.0,17.3,17.43,18861
2016-05-12,17.2,17.37,16.6,16.94,16398
2016-05-13,17.01,17.35,17.01,17.25,13771
2016-05-16,17.39,18.49,17.15,18.45,27931
2016-05-17,18.35,18.6,17.89,18.03,16465
2016-05-18,17.45,17.88,16.91,17.15,17429
2016-05-19,17.21,17.79,17.01,17.04,17280
2016-05-20,17.01,17.45,16.32,17.43,14384
2016-05-23,17.5,17.66,17.33,17.54,15093
2016-05-24,17.53,17.58,17.04,17.15,13292
2016-05-25,17.3,17.63,17.11,17.45,17900
2016-05-26,17.43,17.68,17.05,17.63,14710
2016-05-27,17.65,17.77,17.48,17.67,12892
2016-05-30,17.5,17.7,17.2,17.42,12804
2016-05-31,17.32,18.18,17.32,18.15,23445
2016-06-01,18.18,18.6,18.03,18.39,29845
2016-06-02,18.38,18.57,18.2,18.46,18020
2016-06-03,18.58,18.78,18.35,18.57,26836
2016-06-06,18.65,18.76,18.43,18.7,19007
2016-06-07,18.85,18.85,18.38,18.5,14623
2016-06-08,18.5,18.79,18.21,18.69,12452
2016-06-13,18.48,18.48,17.29,17.33,18935
2016-06-14,17.38,17.67,17.38,17.63,20084
2016-06-15,17.57,18.4,17.4,18.21,18228
2016-06-16,18.25,18.45,18.2,18.24,18057
2016-06-17,18.15,18.41,17.55,18.03,29687
2016-06-20,17.51,17.75,17.32,17.51,21755
2016-06-21,17.61,17.9,17.43,17.5,17937
2016-06-22,17.51,17.9,17.4,17.84,19136
2016-06-23,17.83,17.97,17.7,17.82,14498
2016-06-24,17.86,17.98,17.03,17.47,15998
2016-06-27,17.38,17.72,17.17,17.72,17795
2016-06-28,17.55,17.92,17.5,17.9,22087
2016-06-29,17.9,17.98,17.75,17.94,22850
2016-06-30,17.95,17.97,17.71,17.89,12061
2016-07-01,17.8,18.23,17.8,18.07,15973
2016-07-04,17.96,18.54,17.79,18.4,32895
2016-07-05,18.3,18.68,18.19,18.46,23579
2016-07-06,18.43,18.57,18.31,18.5,19711
2016-07-07,18.45,19.25,18.36,18.92,36367
2016-07-08,18.88,18.88,18.5,18.67,14642
2016-07-11,18.66,18.98,18.55,18.56,17893
2016-07-12,18.48,18.88,18.31,18.69,16562
2016-07-13,18.59,18.97,18.59,18.7,15607
2016-07-14,18.7,19.43,18.62,19.4,28148
2016-07-15,19.23,19.34,18.93,19.07,17655
2016-07-18,19.07,19.07,18.5,18.71,14414
2016-07-19,19.4,19.4,18.51,19.06,20978
2016-07-20,19.01,19.09,18.81,19.0,13968
2016-07-21,19.01,19.5,18.76,19.46,33628
2016-07-22,19.38,19.76,19.2,19.71,33395
2016-07-25,19.65,19.69,18.81,19.42,35905
2016-07-26,19.2,20.13,19.1,19.96,43388
2016-07-27,20.02,20.06,18.89,19.73,56576
2016-07-28,19.51,19.64,19.08,19.47,39386
2016-07-29,19.37,19.45,18.6,19.09,26435
2016-08-01,19.12,19.12,18.32,18.64,34496
2016-08-02,18.51,19.03,18.51,18.88,20963
2016-08-03,18.8,19.15,18.72,19.04,28367
2016-08-04,19.04,19.2,18.7,19.05,32842
2016-08-05,19.22,19.22,18.76,18.77,34440
2016-08-08,18.54,18.72,18.3,18.68,19792
2016-08-09,18.85,19.23,18.58,19.12,22709
2016-08-10,19.0,19.23,18.95,19.11,29136
2016-08-11,19.0,19.04,18.64,18.83,18878
2016-08-12,18.79,19.21,18.72,19.15,30477
2016-08-15,19.15,19.85,19.01,19.68,85305
2016-08-16,19.52,19.65,19.45,19.53,37261
2016-08-17,19.5,19.95,19.28,19.62,53552
2016-08-18,19.65,19.67,19.38,19.48,24852
2016-08-19,19.48,19.71,19.31,19.59,28009
2016-08-22,19.55,19.55,18.9,18.91,31746
2016-08-23,18.89,19.0,18.51,18.77,27145
2016-08-24,18.79,19.1,18.76,18.97,16328
2016-08-25,18.83,18.96,18.53,18.84,17422
2016-08-26,18.94,19.16,18.83,18.91,14005
2016-08-29,18.85,19.1,18.84,18.99,13145
2016-08-30,18.99,19.12,18.95,19.06,11494
2016-08-31,19.02,19.25,18.96,19.15,11414
2016-09-01,19.3,19.64,19.2,19.22,33155
2016-09-02,19.24,19.33,18.9,19.05,16095
2016-09-05,19.0,19.34,18.95,19.23,17933
2016-09-06,19.11,19.45,19.01,19.39,20045
2016-09-07,19.48,19.75,19.35,19.52,35765
2016-09-08,19.55,19.65,19.4,19.56,19852
2016-09-09,19.48,19.9,19.44,19.74,37034
2016-09-12,19.46,19.48,18.71,18.75,30988
2016-09-13,18.8,19.06,18.8,18.96,13644
2016-09-14,18.92,19.67,18.84,19.34,35002
2016-09-19,19.26,19.44,19.26,19.39,14639
2016-09-20,19.39,19.7,19.22,19.66,23064
2016-09-21,19.66,19.8,19.5,19.7,17581
2016-09-22,19.68,19.87,19.46,19.58,25970
2016-09-23,19.59,20.4,19.46,20.29,70738
2016-09-26,20.1,20.15,19.4,19.47,48589
2016-09-27,19.34,19.64,19.22,19.59,33560
2016-09-28,19.54,19.68,19.33,19.42,19572
2016-09-29,19.23,19.64,19.23,19.62,18540
2016-09-30,19.62,20.2,19.52,19.82,37608
2016-10-10,19.9,20.29,19.73,20.15,40612
2016-10-11,20.15,20.46,19.96,20.32,50479
2016-10-12,20.2,21.09,20.12,20.75,58536
2016-10-13,20.64,20.82,20.42,20.67,36412
2016-10-14,20.55,20.67,20.11,20.37,27148
2016-10-17,20.32,20.42,19.85,19.87,34909
2016-10-18,19.87,20.28,19.7,20.2,27860
2016-10-19,20.13,20.25,19.92,20.07,29513
2016-10-20,19.96,20.25,19.9,20.0,35089
2016-10-21,20.0,20.17,19.48,19.75,42757
2016-10-24,19.76,19.98,19.66,19.96,27538
2016-10-25,20.09,20.15,19.86,20.14,24621
2016-10-26,20.3,20.47,20.12,20.36,38273
2016-10-27,20.4,20.42,20.0,20.17,24396
2016-10-28,20.02,20.21,19.87,20.19,23991
2016-10-31,20.07,20.18,19.68,19.91,18981
2016-11-01,19.8,20.19,19.8,20.16,26037
2016-11-02,20.06,20.15,19.91,20.0,16424
2016-11-03,19.9,20.19,19.78,20.17,30114
2016-11-04,20.15,20.39,20.08,20.21,30868
2016-11-07,20.21,20.3,19.98,20.0,19706
2016-11-08,20.01,20.43,20.01,20.38,37627
2016-11-09,20.41,20.55,19.75,20.06,35069
2016-11-10,20.55,21.21,20.39,20.63,74654
2016-11-11,20.5,21.75,20.39,21.35,121904
2016-11-14,21.14,21.2,20.86,21.08,58667
2016-11-15,20.95,21.17,20.91,21.05,31338
2016-11-16,21.1,21.19,20.8,20.91,30019
2016-11-17,20.85,21.1,20.73,20.91,27411
2016-11-18,20.8,22.27,20.76,21.92,92121
2016-11-21,21.91,21.91,21.39,21.55,52820
2016-11-22,21.5,22.21,21.41,22.19,58966
2016-11-23,22.37,22.88,21.83,21.98,83131
2016-11-24,21.9,22.0,21.03,21.46,44208
2016-11-25,21.57,21.65,20.82,21.29,37305
2016-11-28,21.18,21.4,20.98,21.38,25607
2016-11-29,21.28,21.41,20.3,20.56,35712
2016-11-30,20.5,20.74,20.01,20.65,26759
2016-12-01,20.75,20.91,20.53,20.83,27005
2016-12-02,20.85,20.89,20.05,20.22,38182
2016-12-05,20.02,20.53,19.9,20.28,19039
2016-12-06,20.24,20.69,20.24,20.58,16486
2016-12-07,20.6,20.84,20.48,20.77,18420
2016-12-08,20.81,21.45,20.67,21.24,35699
2016-12-09,21.3,21.35,21.0,21.11,21228
2016-12-12,21.05,21.06,20.01,20.07,30036
2016-12-13,19.99,20.68,19.99,20.39,17348
2016-12-14,20.4,20.86,20.2,20.72,26534
2016-12-15,20.56,21.53,20.5,21.3,42209
2016-12-16,21.37,21.96,21.22,21.5,43287
2016-12-19,21.45,21.73,21.17,21.72,28889
2016-12-20,21.65,21.65,21.1,21.34,27953
2016-12-21,21.53,21.84,21.25,21.55,28682
2016-12-22,21.42,22.07,21.4,22.04,46794
2016-12-23,22.04,22.04,21.02,21.14,40752
2016-12-26,20.85,21.05,20.31,20.86,30285
2016-12-27,20.79,21.23,20.71,21.15,20592
2016-12-28,20.98,21.48,20.95,21.2,23540
2016-12-29,21.09,21.35,20.84,21.09,17848
2016-12-30,21.04,21.34,20.92,21.04,15831
2017-01-03,21.24,21.85,21.15,21.76,33608
2017-01-04,21.75,22.02,21.56,21.97,34703
2017-01-05,22.0,22.04,21.71,21.89,34475
2017-01-06,21.89,22.18,21.63,21.98,32291
2017-01-09,21.95,22.5,21.48,21.6,36556
2017-01-10,21.67,22.79,21.6,22.42,59484
2017-01-11,22.09,22.3,21.69,21.74,35671
2017-01-12,21.59,21.92,21.12,21.24,29713
2017-01-13,21.15,21.4,20.72,20.91,23924
2017-01-16,21.13,21.13,19.0,19.71,42772
2017-01-17,19.55,20.06,19.2,20.01,17736
2017-01-18,19.95,20.05,19.57,19.6,15349
2017-01-19,19.85,19.85,19.0,19.07,18478
2017-01-20,19.07,19.4,18.95,19.29,25147
2017-01-23,19.27,19.27,18.7,18.91,51187
2017-01-24,18.85,18.97,18.8,18.86,26822
2017-01-25,18.88,19.26,18.88,18.98,20659
2017-01-26,19.06,19.36,19.06,19.21,16108
2017-02-03,19.25,20.15,19.21,19.97,59430
2017-02-06,19.6,19.9,19.47,19.88,31400
2017-02-07,20.1,20.3,19.71,19.93,28107
2017-02-08,19.75,19.98,19.61,19.92,16285
2017-02-09,19.91,19.98,19.76,19.9,14138
2017-02-10,19.87,19.92,19.55,19.63,20739
2017-02-13,19.45,19.78,19.4,19.57,18220
2017-02-14,19.6,20.11,19.57,20.02,25656
2017-02-15,20.09,20.09,19.61,19.68,17421
2017-02-16,19.8,20.0,19.68,19.86,14470
2017-02-17,19.75,19.92,19.54,19.55,18454
2017-02-20,19.35,19.65,19.15,19.47,21200
2017-02-21,19.52,19.57,19.37,19.54,17032
2017-02-22,19.59,19.65,19.31,19.46,17971
2017-02-23,19.48,19.52,19.22,19.39,18247
2017-02-24,19.32,19.54,19.31,19.43,15552
2017-02-27,19.48,19.65,19.3,19.64,17058
2017-02-28,19.64,19.68,19.42,19.55,11370
2017-03-01,19.55,19.88,19.42,19.8,22753
2017-03-02,19.85,19.86,19.57,19.64,18257
2017-03-03,19.6,19.67,19.23,19.44,15380
2017-03-06,19.43,20.88,19.3,20.04,51451
2017-03-07,19.97,19.99,19.7,19.73,27498
2017-03-08,19.72,19.94,19.66,19.77,17037
2017-03-09,19.76,19.88,19.68,19.74,15466
2017-03-10,19.74,19.98,19.66,19.76,16834
2017-03-13,19.76,19.85,19.4,19.68,13729
2017-03-14,19.79,19.79,19.54,19.68,10965
2017-03-15,19.69,19.72,19.4,19.54,15549
2017-03-16,19.63,19.75,19.46,19.7,17813
2017-03-17,19.72,19.84,19.6,19.67,13053
2017-03-20,19.67,20.0,19.63,19.92,22490
2017-03-21,19.92,20.06,19.72,19.85,14037
2017-03-22,19.8,19.8,19.38,19.48,16834
2017-03-23,19.48,19.58,18.79,19.25,19547
2017-03-24,19.29,19.52,19.29,19.41,12551
2017-03-27,19.41,19.55,19.07,19.11,14329
2017-03-28,19.12,19.45,19.07,19.19,14749
2017-03-29,19.3,19.34,18.75,18.78,13646
2017-03-30,18.9,18.9,17.55,17.69,37926
2017-03-31,17.53,17.95,17.53,17.69,16779
2017-04-05,18.18,18.48,17.85,18.37,26686
2017-04-06,18.38,18.67,18.21,18.41,24425
2017-04-07,18.41,18.6,18.35,18.49,13001
2017-04-10,18.48,18.48,17.91,18.27,26849
2017-04-11,18.37,19.0,18.09,18.89,31860
2017-04-12,18.82,18.82,18.31,18.59,19962
2017-04-13,18.58,18.78,18.4,18.57,15245
2017-04-14,18.47,18.54,17.81,17.95,20777
2017-04-17,17.77,18.29,17.32,18.18,22208
2017-04-18,18.08,18.17,17.6,17.61,25467
2017-04-19,17.5,17.5,15.91,16.32,33124
2017-04-20,16.32,16.43,15.03,16.03,49145
2017-04-21,15.7,15.94,15.35,15.44,19581
2017-04-24,15.41,15.54,14.5,15.09,20689
2017-04-25,14.99,15.15,14.92,14.95,13616
2017-04-26,14.97,15.1,14.95,14.99,9841
2017-04-27,14.99,15.3,14.68,15.22,15769
2017-04-28,15.19,15.45,15.06,15.42,12152
2017-05-02,15.54,15.6,15.3,15.44,15299
2017-05-03,15.49,15.56,15.1,15.19,12860
2017-05-04,15.18,15.52,15.08,15.26,13661
2017-05-05,15.31,15.47,15.05,15.33,17305
2017-05-08,15.33,15.41,14.75,15.1,13913
2017-05-09,14.97,16.03,14.85,15.66,52917
2017-05-10,15.71,15.97,15.43,15.63,44927
2017-05-11,15.5,15.5,14.9,15.16,25722
2017-05-12,15.08,15.39,15.08,15.29,15402
2017-05-15,15.2,15.42,15.2,15.36,12097
2017-05-16,15.37,15.68,15.26,15.64,18166
2017-05-17,15.55,15.72,15.52,15.64,15597
2017-05-18,15.6,15.6,15.18,15.19,17352
2017-05-19,15.11,15.38,15.11,15.35,11062
2017-05-22,15.4,15.4,14.7,14.8,17916
2017-05-23,14.7,15.02,13.88,13.89,18488
2017-05-24,13.87,13.87,13.3,13.69,17831
2017-05-25,13.67,13.81,13.11,13.7,16836
2017-05-26,13.72,13.91,13.67,13.87,14269
2017-05-31,14.2,14.49,14.0,14.25,25125
2017-06-01,14.2,14.52,14.05,14.42,38113
2017-06-02,14.06,14.46,14.05,14.36,16979
2017-06-05,14.25,14.65,14.25,14.41,8205
2017-06-06,14.36,14.54,14.3,14.46,6517
2017-06-07,14.46,14.78,14.32,14.76,17628
2017-06-08,14.7,14.75,14.56,14.64,11851
2017-06-09,14.65,14.89,14.51,14.8,14534
2017-06-12,14.82,15.35,14.53,15.24,25569
2017-06-13,15.18,15.38,15.06,15.23,14523
2017-06-14,15.23,15.34,14.9,14.99,15778
2017-06-15,14.89,15.14,14.89,15.06,10008
2017-06-16,15.04,15.26,15.02,15.02,8599
2017-06-19,15.09,15.26,15.0,15.17,6955
2017-06-20,15.1,15.24,15.1,15.13,7611
2017-06-21,15.13,15.28,15.11,15.26,7262
2017-06-22,15.24,15.71,15.16,15.31,32355
2017-06-23,15.21,16.8,15.21,16.27,76057
2017-06-26,16.08,16.11,15.7,15.96,43696
2017-06-27,15.81,15.96,15.74,15.8,25571
2017-06-28,15.66,15.99,15.53,15.84,26439
2017-06-29,15.87,15.9,15.6,15.62,15341
2017-06-30,15.6,15.98,15.6,15.83,24115
2017-07-03,15.85,16.22,15.85,16.01,34343
2017-07-04,15.89,16.05,15.7,15.8,18185
2017-07-05,15.7,15.82,15.55,15.8,18271
2017-07-06,15.8,15.89,15.52,15.66,19539
2017-07-07,15.66,15.82,15.5,15.81,21251
2017-07-10,15.85,16.03,15.73,15.78,34167
2017-07-11,15.7,15.7,15.4,15.43,24644
2017-07-12,15.34,15.53,15.2,15.35,14384
2017-07-13,15.32,15.56,15.2,15.46,14536
2017-07-14,15.48,15.54,15.25,15.47,12475
2017-07-17,15.53,15.54,13.92,13.93,32756
2017-07-18,13.95,14.46,13.95,14.4,15522
2017-07-19,14.35,14.94,14.2,14.8,15925
2017-07-20,14.71,14.9,14.65,14.84,18402
2017-07-21,14.82,14.98,14.78,14.86,13199
2017-07-24,14.92,15.46,14.9,15.23,32887
2017-07-25,15.15,15.4,15.05,15.06,19104
2017-07-26,15.05,15.52,15.05,15.49,36330
2017-07-27,15.48,15.81,15.19,15.72,32532
2017-07-28,15.65,16.1,15.49,16.07,47045
2017-07-31,16.15,16.68,15.62,15.98,122689
2017-08-01,15.85,16.0,15.56,15.98,71051
2017-08-02,15.8,15.98,15.57,15.68,41839
2017-08-03,15.84,16.27,15.6,15.96,61181
2017-08-04,16.4,16.45,15.8,15.82,69365
2017-08-07,15.83,15.91,15.39,15.61,42314
2017-08-08,15.61,16.07,15.61,15.79,49336
2017-08-09,15.84,15.86,15.5,15.63,31059
2017-08-10,15.6,15.82,15.23,15.32,31734
2017-08-11,15.2,15.72,15.0,15.52,52093
2017-08-14,15.52,16.06,15.5,15.87,38487
2017-08-15,15.99,16.04,15.77,15.94,37854
2017-08-16,15.94,16.05,15.78,16.03,34454
2017-08-17,16.05,16.29,16.05,16.18,41257
2017-08-18,16.03,16.03,15.78,15.93,32533
2017-08-21,15.92,15.99,15.81,15.95,23165
2017-08-22,16.0,16.0,15.67,15.72,21702
2017-08-23,15.8,16.15,15.54,16.1,45386
2017-08-24,16.18,16.2,15.93,16.11,29409
2017-08-25,16.0,16.25,16.0,16.23,34700
2017-08-28,16.22,16.32,16.1,16.27,28055
2017-08-29,16.32,16.36,16.15,16.34,29699
2017-08-30,16.3,16.65,16.26,16.4,30567
2017-08-31,16.27,16.43,16.05,16.27,23001
2017-09-01,16.27,16.27,16.03,16.11,26767
2017-09-04,16.38,16.38,16.09,16.14,39843
2017-09-05,16.02,16.22,15.95,16.01,28502
2017-09-06,16.01,16.05,15.75,15.91,20993
2017-09-07,15.91,16.03,15.87,15.9,17343
2017-09-08,15.88,16.04,15.77,15.99,16636
2017-09-11,15.98,16.02,15.87,15.96,15732
2017-09-12,15.96,16.06,15.9,16.01,23925
2017-09-13,16.02,16.14,15.86,16.13,33419
2017-09-14,16.17,16.22,15.81,15.96,25017
2017-09-15,15.87,15.99,15.76,15.78,13778
2017-09-18,15.78,16.12,15.73,16.06,19465
2017-09-19,16.0,16.1,15.79,15.86,12635
2017-09-20,15.86,16.18,15.74,16.17,28914
2017-09-21,16.16,16.25,15.83,15.92,21303
2017-09-22,15.96,16.0,15.5,15.56,17798
2017-09-25,15.62,15.78,15.26,15.27,11344
2017-09-26,15.14,15.58,15.14,15.36,11371
2017-09-27,15.36,15.69,15.36,15.59,11965
2017-09-28,15.59,15.66,15.36,15.37,9115
2017-09-29,15.49,15.8,15.3,15.73,13750
2017-10-09,15.83,15.9,15.77,15.89,16464
2017-10-10,15.89,15.97,15.79,15.88,21168
2017-10-11,15.9,15.97,15.82,15.91,17635
2017-10-12,15.88,15.94,15.71,15.86,11186
2017-10-13,15.82,15.85,15.65,15.81,13429
2017-10-16,15.8,15.87,15.41,15.43,20043
2017-10-17,15.43,15.61,15.36,15.38,9555
2017-10-18,15.53,15.53,14.84,14.99,16876
2017-10-19,15.0,15.11,14.78,14.97,9956
2017-10-20,14.97,15.33,14.9,15.19,12969
2017-10-23,15.28,15.28,15.09,15.18,9376
2017-10-24,15.24,15.24,14.88,14.95,12450
2017-10-25,15.01,15.11,14.9,15.06,11032
2017-10-26,15.06,15.23,14.99,15.18,13963
2017-10-27,15.26,15.27,15.07,15.15,15057
2017-10-30,15.2,15.2,14.3,14.4,36433
2017-10-31,14.44,14.49,14.2,14.46,14811
2017-11-01,14.44,14.46,14.27,14.36,17953
2017-11-02,14.37,14.39,14.12,14.19,15323
2017-11-03,14.22,14.23,13.69,13.87,19081
2017-11-06,13.88,13.99,13.59,13.95,14056
2017-11-07,13.95,13.97,13.72,13.93,15287
2017-11-08,14.09,14.4,14.02,14.39,42754
2017-11-09,14.34,14.34,14.14,14.17,19484
2017-11-10,14.17,14.27,14.1,14.18,14327
2017-11-13,14.27,14.48,14.21,14.37,20112
2017-11-14,14.38,14.47,14.02,14.06,22374
2017-11-15,14.05,14.11,13.9,14.09,9643
2017-11-16,14.07,14.08,13.6,13.68,12658
2017-11-17,13.7,13.75,12.95,12.99,25380
2017-11-20,12.88,13.19,12.34,12.99,12992
2017-11-21,12.96,13.06,12.85,13.0,9868
2017-11-22,13.03,13.35,13.01,13.13,18926
2017-11-23,13.15,14.2,13.15,13.51,44886
2017-11-24,13.33,13.76,13.26,13.54,20522
2017-11-27,13.59,13.59,13.2,13.27,13325
2017-11-28,13.31,13.58,13.1,13.54,14018
2017-11-29,13.48,13.85,13.26,13.8,19683
2017-11-30,13.78,13.98,13.58,13.7,28154
2017-12-01,13.58,13.8,13.58,13.63,14554
2017-12-04,13.6,13.67,13.22,13.23,12234
2017-12-05,13.23,13.36,12.46,13.07,13697
2017-12-06,13.0,13.26,12.8,13.12,11646
2017-12-07,13.12,13.21,13.1,13.2,7068
2017-12-08,13.13,13.3,13.1,13.25,7966
2017-12-11,13.28,13.39,13.22,13.37,6272
2017-12-12,13.31,13.64,13.24,13.39,12360
2017-12-13,13.44,13.45,13.24,13.43,6185
2017-12-14,13.33,13.47,13.24,13.26,7500
2017-12-15,13.21,13.22,12.88,13.01,10697
2017-12-18,13.15,13.15,12.89,12.97,6275
2017-12-19,12.97,13.11,12.97,13.03,5216
2017-12-20,13.05,13.13,13.0,13.01,7119
2017-12-21,12.98,13.08,12.86,12.97,7934
2017-12-22,13.0,13.16,12.98,13.09,7452
2017-12-25,13.1,13.39,13.1,13.2,16491
2017-12-26,13.13,13.24,13.0,13.24,11563
2017-12-27,13.26,13.26,13.08,13.09,7779
2017-12-28,13.03,13.35,13.02,13.31,15041
2017-12-29,13.36,13.36,13.19,13.26,9061
2018-01-02,13.26,13.31,13.16,13.3,12100
2018-01-03,13.32,13.45,13.31,13.39,25678
2018-01-04,13.44,13.51,13.37,13.47,19450
2018-01-05,13.5,13.64,13.34,13.38,14065
2018-01-08,13.44,13.55,13.26,13.51,25131
2018-01-09,13.51,13.58,13.4,13.45,11731
2018-01-10,13.44,13.44,13.03,13.17,14944
2018-01-11,13.12,13.24,13.04,13.19,9680
2018-01-12,13.19,13.22,13.08,13.11,6688
2018-01-15,13.08,13.17,12.6,12.75,16438
2018-01-16,12.75,12.89,12.61,12.81,7720
2018-01-17,12.75,12.89,12.65,12.87,11326
2018-01-18,12.87,12.99,12.72,12.85,6945
2018-01-19,12.86,12.88,12.73,12.78,7478
2018-01-22,12.78,12.8,12.56,12.76,11329
2018-01-23,12.78,12.88,12.69,12.86,10840
2018-01-24,12.92,12.93,12.73,12.82,10445
2018-01-25,12.82,12.95,12.79,12.84,13483
2018-01-26,12.82,12.93,12.79,12.8,10416
2018-01-29,12.81,13.77,12.63,13.29,56276
2018-01-30,13.12,13.28,12.96,13.11,26594
2018-01-31,13.0,13.04,12.06,12.69,26636
2018-02-01,12.57,12.57,11.42,11.42,27829
2018-02-02,10.8,11.3,10.8,11.02,21288
2018-02-05,11.05,11.07,10.68,11.0,16517
2018-02-06,10.73,11.18,10.68,10.77,24449
2018-02-07,10.92,11.34,10.5,11.17,23280
2018-02-08,11.06,11.65,11.02,11.59,21952
2018-02-09,11.16,11.35,11.09,11.3,12801
2018-02-12,11.36,11.66,11.3,11.48,8929
2018-02-13,11.41,11.65,11.4,11.42,5542
2018-02-14,11.52,11.52,11.28,11.45,3945
2018-02-22,11.54,11.61,11.42,11.51,5274
2018-02-23,11.44,11.55,11.4,11.42,8017
2018-02-26,11.42,11.56,11.37,11.54,12239
2018-02-27,11.55,11.56,11.45,11.52,10472
2018-02-28,11.48,12.07,11.34,11.71,17665
2018-03-01,11.61,11.75,11.61,11.73,8811
2018-03-02,11.69,11.76,11.54,11.56,8973
2018-03-05,11.56,11.6,11.41,11.51,6696
2018-03-06,11.48,11.57,11.41,11.53,13604
2018-03-07,11.55,11.86,11.53,11.7,18865
2018-03-08,11.7,11.75,11.55,11.71,11950
2018-03-09,11.74,11.93,11.65,11.88,14134
2018-03-12,11.92,12.03,11.78,12.01,19909
2018-03-13,11.99,12.04,11.88,11.91,11186
2018-03-14,11.81,11.96,11.76,11.8,10443
2018-03-15,11.7,11.88,11.4,11.56,12245
2018-03-16,11.54,11.75,11.5,11.62,7094
2018-03-19,11.62,11.95,11.52,11.91,13394
2018-03-20,12.43,12.88,12.08,12.17,53317
2018-03-21,12.02,12.28,11.65,11.73,26753
2018-03-22,11.65,12.01,11.65,11.86,17313
2018-03-23,11.41,11.84,10.96,11.33,23385
2018-03-26,11.23,11.32,10.78,11.3,13413
2018-03-27,11.5,11.68,11.3,11.51,18444
2018-03-28,11.36,11.55,11.35,11.4,9150
2018-03-29,11.42,11.75,11.42,11.74,14779
2018-03-30,11.78,11.83,11.64,11.74,22187
2018-04-02,11.79,12.09,11.48,11.5,19802
2018-04-03,11.35,11.54,11.06,11.3,12286
2018-04-04,11.43,11.43,11.24,11.25,9645
2018-04-09,11.03,11.48,11.03,11.19,10811
2018-04-10,11.29,11.35,11.09,11.25,11590
2018-04-11,11.3,11.42,11.25,11.37,12328
2018-04-12,11.37,11.39,11.2,11.28,7859
2018-04-13,11.37,11.37,11.24,11.28,10602
2018-04-16,11.25,11.26,11.0,11.02,10508
2018-04-17,11.2,11.2,10.8,10.86,9677
2018-04-18,10.95,11.11,10.61,11.03,10537
2018-04-19,11.07,11.28,10.92,11.15,19701
2018-04-20,11.13,11.14,10.8,10.82,9342
2018-04-23,10.73,10.95,10.73,10.82,4981
2018-04-24,10.91,11.07,10.8,11.02,6562
2018-04-25,10.91,11.08,10.9,11.0,5286
2018-04-26,10.95,11.07,10.9,10.92,4944
2018-04-27,10.9,10.98,10.71,10.79,14663
2018-05-02,10.7,10.72,10.24,10.38,17821
2018-05-03,10.3,10.43,10.03,10.37,10325
2018-05-04,10.37,10.39,10.25,10.36,7006
2018-05-07,10.36,10.63,10.36,10.55,9250
2018-05-08,10.51,10.63,10.47,10.6,5757
2018-05-09,10.64,10.64,10.49,10.57,5697
2018-05-10,10.62,10.63,10.53,10.6,7926
2018-05-11,10.58,10.59,10.42,10.42,6890
2018-05-14,10.46,10.52,10.4,10.43,6482
2018-05-15,10.53,10.54,10.38,10.53,5751
2018-05-16,10.53,10.58,10.46,10.5,5479
2018-05-17,10.5,10.5,10.33,10.38,7178
2018-05-18,10.38,10.45,10.3,10.42,6529
2018-05-21,10.42,11.46,10.4,11.19,63861
2018-05-22,11.01,11.08,10.8,10.93,27586
2018-05-23,10.88,10.9,10.47,10.59,21862
2018-05-24,10.59,10.7,10.55,10.56,8289
2018-05-25,10.56,10.75,10.5,10.64,13280
2018-05-28,10.55,10.68,10.2,10.42,17594
2018-05-29,10.43,10.47,10.17,10.22,17246
2018-05-30,10.04,10.13,9.81,9.92,24524
2018-05-31,9.97,10.1,9.9,9.96,12412
2018-06-01,9.99,9.99,9.62,9.92,14140
2018-06-06,9.6,9.68,9.53,9.62,17426
2018-06-07,9.63,9.63,9.36,9.38,19413
2018-06-08,9.35,9.36,9.06,9.31,16513
2018-06-11,9.27,9.34,9.15,9.19,8165
2018-06-12,9.22,9.35,9.19,9.32,11506
2018-06-13,9.35,9.35,9.11,9.14,9268
2018-06-14,9.13,9.36,9.1,9.36,15428
2018-06-15,9.39,9.45,9.18,9.35,18385
2018-06-19,9.34,9.34,8.42,8.89,24296
2018-06-20,8.91,9.35,8.68,9.27,47264
2018-06-21,9.18,9.21,8.6,8.66,13863
2018-06-22,8.54,8.72,8.21,8.57,10034
2018-06-25,8.72,8.8,8.56,8.6,4663
2018-06-26,8.5,8.66,8.26,8.62,3612
2018-06-27,8.62,8.71,8.5,8.63,7047
2018-06-28,8.68,8.88,8.45,8.5,6059
2018-06-29,8.57,8.74,8.45,8.67,7293
2018-07-02,8.69,8.7,8.54,8.66,8809
2018-07-03,8.54,8.78,8.54,8.75,6297
2018-07-04,8.78,8.84,8.45,8.57,5107
2018-07-05,8.58,8.74,8.42,8.46,6108
2018-07-06,8.44,8.64,8.37,8.56,8232
2018-07-09,8.6,8.9,8.56,8.69,8654
2018-07-10,8.66,8.78,8.63,8.7,8964
2018-07-11,8.68,8.68,8.25,8.42,7551
2018-07-12,8.46,8.65,8.42,8.61,10295
2018-07-13,8.6,8.76,8.57,8.72,12736
2018-07-16,8.72,8.8,8.63,8.74,5840
2018-07-17,8.74,9.14,8.66,9.03,15974
2018-07-18,8.94,8.94,8.83,8.93,12334
2018-07-19,8.91,8.91,8.62,8.64,6702
2018-07-20,8.66,8.9,8.48,8.85,10400
2018-07-23,8.84,8.99,8.75,8.96,9186
2018-07-24,8.89,9.21,8.88,9.11,17141
2018-07-25,9.12,9.37,9.0,9.08,16971
2018-07-26,9.02,9.19,8.9,9.15,32711
2018-07-27,9.05,9.16,9.05,9.12,9467
2018-07-30,9.01,9.4,9.01,9.38,27615
2018-07-31,9.58,9.58,9.13,9.31,16562
2018-08-01,9.32,9.42,9.17,9.18,9768
2018-08-02,9.07,9.11,8.7,8.95,21378
2018-08-03,8.91,9.2,8.84,9.02,11172
2018-08-06,8.92,9.06,8.82,8.92,8097
2018-08-07,8.94,9.2,8.94,9.17,8650
2018-08-08,9.17,9.24,9.1,9.22,8234
2018-08-09,9.14,9.35,9.14,9.31,6634
2018-08-10,9.23,9.35,9.18,9.23,6010
2018-08-13,9.06,9.22,8.93,9.12,4206
2018-08-14,9.03,9.23,9.03,9.17,3833
2018-08-15,9.17,9.29,8.91,8.97,9988
2018-08-16,8.94,9.16,8.79,9.08,12413
2018-08-17,9.22,9.23,8.88,8.88,13200
2018-08-20,8.81,8.93,8.51,8.7,15657
2018-08-21,8.7,9.06,8.7,9.05,17524
2018-08-22,8.99,9.07,8.92,9.02,4353
2018-08-23,8.93,9.08,8.93,9.02,2761
2018-08-24,9.05,9.05,8.97,9.02,3015
2018-08-27,9.06,9.1,8.99,9.09,10200
2018-08-28,9.08,9.16,9.02,9.08,5718
2018-08-29,9.07,9.18,9.04,9.17,5969
2018-08-30,9.16,9.23,9.01,9.04,5507
2018-08-31,9.0,9.08,8.8,8.87,2348
2018-09-03,8.87,8.94,8.73,8.75,2660
2018-09-04,8.82,8.89,8.74,8.87,2356
2018-09-05,8.86,9.06,8.73,8.79,9142
2018-09-06,8.68,8.87,8.6,8.86,10829
2018-09-07,8.85,9.16,8.84,8.94,14417
2018-09-10,8.91,8.96,8.61,8.73,10810
2018-09-11,8.75,8.78,8.56,8.78,7915
2018-09-12,8.8,8.93,8.7,8.87,15558
2018-09-13,8.98,8.98,8.7,8.77,6219
2018-09-14,8.8,8.84,8.67,8.74,3257
2018-09-17,8.69,8.72,8.56,8.69,3373
2018-09-18,8.62,8.75,8.51,8.75,2015
2018-09-19,8.66,8.81,8.66,8.8,2927
2018-09-20,8.81,8.83,8.72,8.74,1337
2018-09-21,8.7,8.78,8.66,8.75,2640
2018-09-25,8.75,8.78,8.67,8.76,2066
2018-09-26,8.76,8.81,8.74,8.77,2228
2018-09-27,8.77,8.82,8.63,8.65,2357
2018-09-28,8.61,8.84,8.6,8.8,13959
2018-10-08,8.78,8.85,8.52,8.77,18043
2018-10-09,8.79,8.88,8.71,8.86,14680
2018-10-10,8.86,9.0,8.79,8.87,22077
2018-10-11,8.69,8.69,8.2,8.65,18213
2018-10-12,8.67,8.67,8.15,8.65,18816
2018-10-15,8.67,8.67,8.39,8.57,7988
2018-10-16,8.54,8.59,8.34,8.5,7687
2018-10-17,8.47,8.85,8.4,8.76,17960
2018-10-18,8.76,8.97,8.47,8.87,27124
2018-10-19,8.85,9.37,8.75,9.3,21849
2018-10-22,9.42,9.58,9.16,9.47,23897
2018-10-23,9.37,9.38,9.15,9.33,13196
2018-10-24,9.3,9.3,9.16,9.18,7995
2018-10-25,8.99,9.17,8.98,9.15,6087
2018-10-26,9.1,9.25,9.05,9.11,8451
2018-10-29,9.03,9.12,8.92,8.99,5750
2018-10-30,8.93,9.12,8.86,9.09,5646
2018-10-31,9.09,9.2,9.06,9.11,7099
2018-11-01,9.07,9.19,8.9,8.95,7472
2018-11-02,9.02,9.35,8.96,9.33,20690
2018-11-05,9.38,9.5,9.22,9.38,19676
2018-11-06,9.38,9.48,9.23,9.38,16596
2018-11-07,9.43,9.85,9.34,9.68,39569
2018-11-08,9.61,9.9,9.47,9.59,16924
2018-11-09,9.59,9.79,9.33,9.35,10336
2018-11-12,9.28,9.57,9.21,9.54,26902
2018-11-13,9.55,9.84,9.4,9.68,28746
2018-11-14,9.62,10.2,9.6,10.02,51050
2018-11-15,9.97,10.42,9.9,10.21,25385
2018-11-16,10.28,10.38,10.06,10.23,23901
2018-11-19,10.28,10.35,10.01,10.1,21208
2018-11-20,10.06,10.09,9.75,9.85,29384
2018-11-21,9.64,9.94,9.64,9.93,20421
2018-11-22,9.9,9.96,9.85,9.91,9069
2018-11-23,10.0,10.0,9.6,9.6,11270
2018-11-26,9.6,9.71,9.53,9.62,5262
2018-11-27,9.62,9.68,9.56,9.62,4586
2018-11-28,9.77,9.77,9.43,9.6,6977
2018-11-29,9.63,9.65,9.33,9.38,10844
2018-11-30,9.33,9.6,9.33,9.58,9813
2018-12-03,9.61,9.9,9.55,9.71,13110
2018-12-04,9.73,9.88,9.73,9.8,7214
2018-12-05,9.8,9.82,9.51,9.76,11366
2018-12-06,9.65,9.77,9.58,9.64,9524
2018-12-07,9.56,9.7,9.51,9.6,5652
2018-12-10,9.52,9.74,9.48,9.53,9058
2018-12-11,9.5,9.68,9.48,9.58,4738
2018-12-12,9.59,9.75,9.59,9.72,6207
2018-12-13,9.76,9.85,9.64,9.81,6598
2018-12-14,9.81,9.82,9.61,9.63,4813
2018-12-17,9.6,9.71,9.54,9.7,4257
2018-12-18,9.75,9.77,9.5,9.73,4243
2018-12-19,9.67,9.9,9.62,9.82,13058
2018-12-20,9.72,9.91,9.7,9.9,10721
2018-12-21,9.94,10.03,9.77,9.89,8201
2018-12-24,9.83,10.2,9.83,10.14,14113
2018-12-25,10.14,10.24,9.9,10.13,18856
2018-12-26,9.98,10.37,9.98,10.25,17795
2018-12-27,10.45,10.45,10.02,10.1,13680
2018-12-28,10.18,10.5,10.14,10.48,17539
2019-01-02,10.43,10.48,10.23,10.34,9966
2019-01-03,10.34,10.43,9.9,10.09,12316
2019-01-04,9.92,10.49,9.91,10.48,20226
2019-01-07,10.4,10.75,10.35,10.69,17358
2019-01-08,10.69,10.69,10.54,10.56,12586
2019-01-09,10.58,10.74,10.22,10.48,23681
2019-01-10,10.44,10.59,10.32,10.51,10180
2019-01-11,10.64,10.69,10.48,10.65,12011
2019-01-14,10.65,10.65,10.39,10.48,5898
2019-01-15,10.49,10.5,10.38,10.49,4373
2019-01-16,10.42,10.56,10.42,10.55,5555
2019-01-17,10.46,10.54,10.25,10.34,4847
2019-01-18,10.3,10.42,10.26,10.39,3775
2019-01-21,10.39,10.39,10.07,10.31,8104
2019-01-22,10.2,10.32,10.13,10.26,11108
2019-01-23,10.28,10.28,10.1,10.22,6516
2019-01-24,10.23,10.23,10.04,10.14,12356
2019-01-25,10.14,10.17,10.03,10.12,4389
2019-01-28,10.12,10.29,10.07,10.15,6417
2019-01-29,10.1,10.19,9.98,10.18,6333
2019-01-30,10.18,10.18,10.0,10.14,5332
2019-01-31,10.3,10.3,9.69,9.91,30373
2019-02-01,9.76,10.52,9.76,10.47,23860
2019-02-11,10.32,10.55,10.28,10.28,12222
2019-02-12,10.34,10.5,10.27,10.47,13865
2019-02-13,10.55,10.8,10.41,10.67,19188
2019-02-14,10.61,10.85,10.57,10.65,8042
2019-02-15,10.65,10.73,10.55,10.73,7381
2019-02-18,10.72,10.78,10.55,10.74,15969
2019-02-19,10.71,10.71,10.53,10.59,11564
2019-02-20,10.61,10.65,10.5,10.56,7609
2019-02-21,10.57,10.57,10.33,10.4,14542
2019-02-22,10.36,10.4,10.12,10.36,15897
2019-02-25,10.35,10.73,10.35,10.73,26030
2019-02-26,10.67,11.02,10.67,10.8,30446
2019-02-27,10.81,10.95,10.68,10.74,14694
2019-02-28,10.74,11.5,10.74,11.31,38222
2019-03-01,11.28,11.52,11.09,11.37,22672
2019-03-04,11.44,11.72,11.22,11.37,25193
2019-03-05,11.38,11.82,11.21,11.77,42600
2019-03-06,12.15,12.5,11.8,12.18,81251
2019-03-07,11.9,13.29,11.85,12.89,123072
2019-03-08,12.62,12.89,12.38,12.52,45350
2019-03-11,12.45,13.05,12.45,12.59,55952
2019-03-12,12.8,12.8,12.22,12.42,50299
2019-03-13,12.4,12.52,12.15,12.45,50279
2019-03-14,12.3,12.5,12.13,12.4,30634
2019-03-15,12.23,13.64,12.23,13.64,75305
2019-03-18,14.48,14.8,13.91,14.61,76730
2019-03-19,14.63,15.25,14.2,14.68,49651
2019-03-20,14.68,14.68,14.05,14.26,43441
2019-03-21,14.35,14.88,14.13,14.67,31938
2019-03-22,14.7,14.76,14.31,14.56,19809
2019-03-25,13.1,14.18,13.1,14.0,47610
2019-03-26,13.51,13.92,13.42,13.47,19979
2019-03-27,13.63,13.77,13.39,13.66,12556
2019-03-28,13.46,13.74,13.15,13.22,20108
2019-03-29,13.38,13.38,12.6,13.12,25034
2019-04-01,13.3,13.46,13.14,13.34,28126
2019-04-02,13.41,14.67,13.21,14.67,68214
2019-04-04,15.8,15.8,13.92,14.3,63741
2019-04-08,14.13,14.13,13.59,13.86,39685
2019-04-09,13.72,13.88,13.44,13.73,24605
2019-04-10,13.63,14.45,13.61,14.11,29243
2019-04-11,14.02,14.27,13.61,13.72,32900
2019-04-12,13.92,14.05,13.47,14.0,23326
2019-04-15,14.13,14.13,13.9,13.92,18404
2019-04-16,14.14,14.14,13.74,14.04,17705
2019-04-17,14.06,14.06,13.82,13.97,12138
2019-04-18,13.88,14.06,13.55,13.65,15101
2019-04-19,13.56,13.74,13.45,13.62,20660
2019-04-22,13.79,13.79,13.07,13.28,21989
2019-04-23,13.2,13.42,13.11,13.29,11011
2019-04-24,13.31,13.43,13.13,13.26,7435
2019-04-25,13.15,13.29,12.93,13.13,9569
2019-04-29,12.47,12.47,12.47,12.47,121
2019-04-30,11.85,11.85,11.85,11.85,6594
2019-05-06,11.26,11.26,11.26,11.26,1110
2019-05-07,10.7,10.7,10.7,10.7,1091
2019-05-08,10.17,10.17,10.17,10.17,6394
2019-05-09,9.66,9.66,9.66,9.66,1442
2019-05-10,9.18,9.18,9.18,9.18,6501
2019-05-13,8.72,8.72,8.72,8.72,3102
2019-05-14,8.28,8.28,8.28,8.28,1515
2019-05-15,7.87,8.67,7.87,8.34,156235
2019-05-16,8.05,8.75,8.04,8.33,89173
2019-05-17,8.34,8.37,8.16,8.2,21382
2019-05-20,8.15,8.19,7.79,7.89,22736
2019-05-21,7.83,8.08,7.69,7.99,19197
2019-05-22,7.95,8.0,7.59,7.62,33889
2019-05-23,7.52,7.74,7.49,7.51,17868
2019-05-24,7.52,7.67,7.51,7.52,11026
2019-05-27,7.6,7.86,7.5,7.71,14964
2019-05-28,7.65,7.88,7.65,7.77,21758
2019-05-29,7.7,7.82,7.7,7.73,8290
2019-05-30,7.76,7.8,7.68,7.71,9851
2019-05-31,7.72,7.87,7.65,7.71,9753
2019-06-03,7.7,7.73,7.43,7.48,8174
2019-06-04,7.49,7.49,7.23,7.47,9093
2019-06-05,7.45,7.55,7.35,7.37,11721
2019-06-06,7.37,7.39,7.28,7.3,7837
2019-06-10,7.3,7.43,7.3,7.35,5445
2019-06-11,7.36,7.65,7.36,7.58,6723
2019-06-12,7.54,7.57,7.43,7.47,7559
2019-06-13,7.42,7.8,7.4,7.6,12238
2019-06-14,7.6,7.6,7.32,7.4,8302
2019-06-17,7.31,7.39,7.23,7.3,5842
2019-06-18,7.29,7.35,7.1,7.14,11978
2019-06-19,7.21,7.3,7.12,7.2,13426
2019-06-20,7.17,7.17,6.84,6.84,32179
2019-06-21,6.97,7.1,6.85,7.04,21448
2019-06-24,6.97,6.97,6.84,6.88,16047
2019-06-25,6.82,7.0,6.79,6.96,11563
2019-06-26,6.91,7.2,6.9,7.13,14613
2019-06-27,7.16,7.2,7.12,7.18,11218
2019-06-28,7.17,7.23,6.96,7.17,12325
2019-07-01,7.25,7.36,7.22,7.28,20683
2019-07-02,7.21,7.39,7.21,7.39,17672
2019-07-03,7.4,7.45,7.26,7.31,13087
2019-07-04,7.3,7.37,7.19,7.3,11715
2019-07-05,7.25,7.32,7.25,7.32,4807
2019-07-08,7.33,7.33,6.98,7.06,14434
2019-07-09,7.06,7.11,6.98,7.05,2115
2019-07-10,7.08,7.08,6.98,7.02,5443
2019-07-11,7.08,7.13,7.0,7.03,5313
2019-07-12,7.02,7.06,6.68,6.74,22629
2019-07-15,6.71,6.83,6.6,6.79,7817
2019-07-16,6.85,6.94,6.8,6.93,6805
2019-07-17,6.97,7.07,6.85,7.03,5003
2019-07-18,7.03,7.09,6.94,7.06,9055
2019-07-19,7.1,7.26,7.09,7.22,7368
2019-07-22,7.19,7.22,7.04,7.08,9058
2019-07-23,7.0,7.18,7.0,7.17,5748
2019-07-24,7.13,7.36,7.13,7.33,14861
2019-07-25,7.26,7.38,7.26,7.34,10349
2019-07-26,7.34,7.44,7.31,7.39,13398
2019-07-29,7.39,7.39,7.25,7.25,9309
2019-07-30,7.26,7.26,7.08,7.11,13781
2019-07-31,7.11,7.15,6.99,7.04,16399
2019-08-01,7.06,7.12,6.99,7.09,5913
2019-08-02,7.06,7.06,6.94,7.02,6819
2019-08-05,7.02,7.04,6.95,7.02,3617
2019-08-06,6.92,6.95,6.67,6.73,18742
2019-08-07,6.77,6.83,6.69,6.7,4714
2019-08-08,6.72,6.75,6.68,6.72,3202
2019-08-09,6.72,6.92,6.69,6.86,6792
2019-08-12,6.83,6.89,6.76,6.88,2649
2019-08-13,6.88,6.88,6.8,6.86,2712
2019-08-14,6.88,6.91,6.86,6.89,2302
2019-08-15,6.81,6.9,6.7,6.86,4211
2019-08-16,6.83,6.89,6.75,6.76,9492
2019-08-19,6.77,6.9,6.77,6.86,10958
2019-08-20,6.86,6.91,6.73,6.77,17659
2019-08-21,6.79,6.81,6.72,6.77,15413
2019-08-22,6.76,6.87,6.75,6.82,8401
2019-08-23,6.84,6.9,6.82,6.88,6442
2019-08-26,6.68,6.8,6.66,6.78,9799
2019-08-27,6.77,6.86,6.77,6.84,8590
2019-08-28,6.83,6.94,6.82,6.93,11368
2019-08-29,6.9,6.95,6.84,6.88,7990
2019-08-30,6.85,6.9,6.75,6.8,8276
2019-09-02,6.81,6.9,6.74,6.88,7803
2019-09-03,6.88,6.88,6.78,6.83,6470
2019-09-04,6.75,6.83,6.74,6.82,5519
2019-09-05,6.85,6.86,6.79,6.86,13992
2019-09-06,6.85,6.87,6.79,6.84,10545
2019-09-09,6.91,6.95,6.82,6.93,18131
2019-09-10,6.93,6.95,6.87,6.9,14185
2019-09-11,6.9,6.93,6.87,6.88,7008
2019-09-12,6.87,7.22,6.85,7.2,35294
2019-09-16,7.56,7.56,7.56,7.56,3017
2019-09-17,7.94,7.94,7.88,7.94,79533
2019-09-18,7.98,8.25,7.91,7.97,86769
2019-09-19,8.0,8.09,7.9,8.0,32305
2019-09-20,8.02,8.4,8.02,8.4,36343
2019-09-23,8.6,8.82,8.52,8.82,74773
2019-09-24,9.26,9.26,9.26,9.26,4451
2019-09-25,9.26,9.71,8.8,9.55,84007
2019-09-26,9.41,9.69,9.21,9.42,44353
2019-09-30,9.39,9.39,8.48,8.59,117170
2019-10-08,8.69,8.93,8.31,8.43,53446
2019-10-09,8.32,8.65,8.11,8.57,36973
2019-10-10,8.57,8.6,8.31,8.39,34246
2019-10-11,8.42,8.46,8.13,8.39,33176
2019-10-14,8.38,8.5,8.31,8.47,24182
2019-10-15,8.42,8.44,8.21,8.24,21812
2019-10-16,8.35,8.78,8.27,8.41,42237
2019-10-17,8.33,8.37,8.16,8.27,22068
2019-10-18,8.2,8.26,8.05,8.11,33473
2019-10-21,8.08,8.1,7.66,7.8,39986
2019-10-22,7.8,7.82,7.7,7.77,24260
2019-10-23,7.85,7.87,7.68,7.73,12775
2019-10-24,7.74,7.74,7.58,7.64,13812
2019-10-25,7.7,7.74,7.56,7.73,13660
2019-10-28,7.62,7.84,7.61,7.83,19018
2019-10-29,7.73,7.83,7.73,7.73,17207
2019-10-30,7.8,8.5,7.78,8.5,80182
2019-10-31,8.7,9.35,8.66,9.35,44337
2019-11-01,9.8,10.29,9.41,10.29,250100
2019-11-04,10.2,10.95,9.76,9.84,297430
2019-11-05,9.24,9.37,8.86,8.86,180097
2019-11-06,8.61,8.8,8.21,8.21,132989
2019-11-07,8.19,8.56,8.11,8.48,97530
2019-11-08,8.37,8.5,8.14,8.14,70225
2019-11-11,7.71,8.09,7.71,7.97,56220
2019-11-12,7.97,8.77,7.93,8.77,72452
2019-11-13,8.98,9.36,8.86,9.2,191918
2019-11-14,9.0,9.05,8.62,8.87,120180
2019-11-15,8.82,8.87,8.45,8.5,81678
2019-11-18,8.48,8.55,8.23,8.52,62609
2019-11-19,8.52,8.97,8.44,8.89,102074
2019-11-20,8.85,9.6,8.65,9.28,129304
2019-11-21,9.05,9.21,8.89,8.95,71739
2019-11-22,9.02,9.1,8.62,8.82,58524
2019-11-25,8.72,9.7,8.72,9.7,122473
2019-11-26,9.58,10.45,9.34,9.79,209176
2019-11-27,9.78,10.19,9.4,9.93,145591
2019-11-28,9.78,9.95,9.46,9.48,100825
2019-11-29,9.5,10.19,9.37,10.05,138811
2019-12-02,9.96,10.54,9.82,10.0,139839
2019-12-03,9.95,10.24,9.65,9.89,90843
2019-12-04,9.86,10.04,9.64,9.89,76196
2019-12-05,10.1,10.48,9.93,9.93,110802
2019-12-06,9.88,9.88,9.54,9.59,92969
2019-12-09,9.6,10.55,9.51,10.55,164568
2019-12-10,10.38,11.13,10.3,10.82,212457
2019-12-11,10.69,10.83,10.5,10.7,116978
2019-12-12,10.66,11.77,10.55,11.77,218929
2019-12-13,11.3,12.68,11.26,11.86,240188
2019-12-16,11.78,12.15,11.6,11.92,141301
2019-12-17,11.8,12.74,11.68,12.15,179324
2019-12-18,11.83,12.09,11.5,11.74,135581
2019-12-19,11.61,11.9,11.5,11.75,76954
2019-12-20,11.71,12.15,11.69,11.77,72196
2019-12-23,11.61,11.71,11.02,11.03,77412
2019-12-24,11.34,11.79,11.06,11.55,71126
2019-12-25,11.59,11.8,11.41,11.62,54020
2019-12-26,11.51,11.69,11.14,11.33,66873
2019-12-27,11.43,11.74,11.33,11.42,57091
2019-12-30,11.29,11.95,11.23,11.75,81797
2019-12-31,11.77,11.79,11.37,11.44,55347
2020-01-02,11.45,11.72,11.3,11.48,54727
2020-01-03,11.58,11.58,11.04,11.1,72603
2020-01-06,11.05,11.24,10.68,11.06,49355
2020-01-07,11.01,11.17,11.0,11.08,31365
2020-01-08,11.09,11.09,10.61,10.65,52587
2020-01-09,10.78,10.94,10.58,10.7,39819
2020-01-10,10.72,10.78,10.55,10.65,34403
2020-01-13,10.6,10.88,10.58,10.82,44572
2020-01-14,10.82,11.32,10.78,11.19,77989
2020-01-15,11.19,11.37,10.93,11.04,50158
2020-01-16,11.04,11.14,10.64,10.67,41606
2020-01-17,10.65,11.13,10.65,10.94,46455
2020-01-20,10.85,11.06,10.69,10.82,31766
2020-01-21,10.85,10.85,10.48,10.48,29870
2020-01-22,10.47,10.67,10.35,10.56,27401
2020-01-23,10.47,10.5,9.72,9.84,47446
2020-02-03,8.86,8.86,8.86,8.86,5519
2020-02-04,7.97,8.55,7.97,8.45,47413
2020-02-05,8.53,9.16,8.49,8.9,43834
2020-02-06,8.9,9.2,8.9,9.14,31012
2020-02-07,9.03,9.14,8.85,9.02,25778
2020-02-10,8.96,9.24,8.9,9.18,28546
2020-02-11,9.19,9.32,9.1,9.11,26282
2020-02-12,9.12,9.23,9.05,9.14,20845
2020-02-13,9.18,9.26,8.9,8.92,37896
2020-02-14,8.9,9.02,8.82,8.88,22018
2020-02-17,8.98,9.17,8.91,9.15,24368
2020-02-18,9.21,9.41,9.12,9.36,40072
2020-02-19,9.46,9.49,9.15,9.16,37710
2020-02-20,9.2,9.38,9.08,9.35,31819
2020-02-21,9.47,9.47,9.21,9.33,44777
2020-02-24,9.32,9.4,9.08,9.38,46159
2020-02-25,9.23,9.3,8.83,9.15,45101
2020-02-26,9.03,9.44,8.98,9.08,43328
2020-02-27,9.09,9.27,9.0,9.08,25635
2020-02-28,8.85,9.07,8.29,8.41,50619
2020-03-02,8.47,8.96,8.47,8.9,39548
2020-03-03,8.96,9.14,8.71,8.81,34869
2020-03-04,8.84,8.98,8.73,8.98,22435
2020-03-05,9.18,9.2,9.0,9.17,46926
2020-03-06,9.09,9.56,9.04,9.42,53109
2020-03-09,9.23,9.37,8.83,8.85,50968
2020-03-10,8.8,9.21,8.78,9.19,39626
2020-03-11,9.2,9.28,9.03,9.05,34056
2020-03-12,9.12,9.12,8.83,8.91,29646
2020-03-13,8.62,8.86,8.5,8.78,28593
2020-03-16,8.85,9.17,8.44,8.5,42327
2020-03-17,8.56,8.64,7.96,8.44,33060
2020-03-18,8.46,8.58,8.14,8.14,23775
2020-03-19,8.19,8.34,7.96,8.27,26016
2020-03-20,8.32,8.4,8.2,8.39,24169
2020-03-23,8.19,8.24,7.8,7.8,29656
2020-03-24,7.98,8.07,7.65,7.98,29507
2020-03-25,8.03,8.23,8.0,8.15,25137
2020-03-26,8.16,8.33,8.05,8.17,23020
2020-03-27,8.28,8.28,8.07,8.11,20262
2020-03-30,7.98,7.98,7.68,7.77,21514
2020-03-31,7.84,8.25,7.8,8.13,45395
2020-04-01,8.14,8.86,8.06,8.28,73374
2020-04-02,8.4,8.41,8.2,8.38,27575
2020-04-03,8.4,8.56,8.28,8.35,24820
2020-04-07,8.47,8.58,8.38,8.45,34824
2020-04-08,8.44,8.46,8.32,8.39,25484
2020-04-09,8.5,8.68,8.4,8.54,39195
2020-04-10,8.51,8.62,8.3,8.39,31380
2020-04-13,8.36,8.36,8.12,8.19,16613
2020-04-14,8.2,8.31,8.17,8.24,12491
2020-04-15,8.24,8.31,8.12,8.2,21203
2020-04-16,8.19,8.22,8.07,8.18,14123
2020-04-17,8.2,8.33,8.15,8.18,23077
2020-04-20,8.19,8.21,8.05,8.13,26686
2020-04-21,8.15,8.16,8.0,8.03,18224
2020-04-22,7.98,8.26,7.92,8.22,33149
2020-04-23,8.26,8.67,8.21,8.53,47850
2020-04-24,8.53,8.57,8.16,8.22,29567
2020-04-27,8.24,8.28,8.11,8.23,13577
2020-04-28,8.15,8.19,7.9,7.99,25443
2020-04-29,8.01,8.11,7.84,7.85,16540
2020-04-30,7.86,8.0,7.85,7.92,15810
2020-05-06,7.88,7.96,7.8,7.94,27049
2020-05-07,7.94,7.94,7.81,7.84,15042
2020-05-08,7.87,7.92,7.84,7.88,10405
2020-05-11,7.89,7.93,7.73,7.84,18219
2020-05-12,7.87,7.87,7.65,7.8,23540
2020-05-13,7.78,7.78,7.69,7.74,10525
2020-05-14,7.73,7.76,7.66,7.67,11875
2020-05-15,7.68,7.78,7.68,7.73,6830
2020-05-18,7.71,7.87,7.65,7.85,21994
2020-05-19,7.88,7.9,7.79,7.85,10379
2020-05-20,7.8,7.9,7.76,7.78,8295
2020-05-21,7.8,7.88,7.77,7.81,7738
2020-05-22,7.82,8.13,7.7,8.06,38207
2020-05-25,7.98,8.11,7.98,8.05,21306
2020-05-26,8.06,8.86,8.0,8.86,82808
2020-05-27,8.94,9.22,8.66,8.9,115291
2020-05-28,8.75,9.51,8.63,9.22,89848
2020-05-29,9.22,9.35,9.08,9.22,59229
2020-06-01,9.55,9.57,9.09,9.18,47418
2020-06-02,9.15,9.35,8.95,9.22,39092
2020-06-03,9.22,9.39,9.14,9.19,32865
2020-06-04,9.24,9.26,9.08,9.1,24425
2020-06-05,9.1,9.46,9.02,9.24,29704
2020-06-08,9.35,9.88,9.18,9.8,58143
2020-06-09,9.76,10.0,9.55,9.95,47437
2020-06-10,9.93,10.48,9.6,10.43,86931
2020-06-11,10.43,10.9,9.39,9.39,220590
2020-06-12,8.45,9.33,8.45,9.0,76091
2020-06-15,8.98,8.98,8.42,8.44,49240
2020-06-16,8.5,8.74,8.45,8.68,24680
2020-06-17,8.68,8.88,8.51,8.84,30997
2020-06-18,8.83,9.1,8.7,8.96,24889
2020-06-19,8.95,9.25,8.86,9.17,27155
2020-06-22,9.24,9.28,9.04,9.07,16403
2020-06-23,9.06,9.14,8.86,8.87,15429
2020-06-24,8.87,9.0,8.7,8.76,15908
2020-06-29,8.75,8.8,8.61,8.79,13882
2020-06-30,8.81,9.34,8.81,9.27,31319
2020-07-01,9.27,9.49,9.16,9.26,23857
2020-07-02,9.27,9.27,9.06,9.12,20867
2020-07-03,9.13,9.3,9.11,9.2,15224
2020-07-06,9.25,9.53,9.21,9.49,53439
2020-07-07,9.55,9.69,9.35,9.46,48065
2020-07-08,9.45,9.55,9.33,9.49,32948
2020-07-09,9.49,9.71,9.46,9.67,37948
2020-07-10,9.65,9.84,9.44,9.47,35787
2020-07-13,9.52,9.74,9.41,9.63,40303
2020-07-14,9.62,9.76,9.42,9.72,42779
2020-07-15,9.72,9.72,9.41,9.46,48933
2020-07-16,9.48,9.55,8.98,8.98,27850
2020-07-17,9.01,9.2,8.7,8.88,27251
2020-07-20,8.9,9.19,8.9,9.17,22774
2020-07-21,9.21,9.32,9.12,9.14,16466
2020-07-22,9.14,9.24,8.93,8.98,20723
2020-07-23,8.92,8.99,8.56,8.77,31158
2020-07-24,8.8,8.97,8.56,8.56,30180
2020-07-27,8.6,8.74,8.4,8.49,20403
2020-07-28,8.55,8.77,8.52,8.7,27444
2020-07-29,8.72,9.03,8.71,9.01,33870
2020-07-30,9.09,9.26,8.91,9.12,29655
2020-07-31,9.15,9.29,9.04,9.19,19212
2020-08-03,10.11,10.11,9.59,10.11,60997
2020-08-18,11.12,11.12,10.73,11.12,82514
2020-08-19,10.6,10.78,10.01,10.01,147938
2020-08-20,9.68,9.68,9.23,9.29,107326
2020-08-21,9.35,9.44,9.14,9.17,59718
2020-08-24,9.17,9.25,8.87,9.19,39637
2020-08-25,9.1,9.18,9.0,9.07,25009
2020-08-26,9.03,9.23,9.0,9.06,30442
2020-08-27,9.08,9.1,8.88,9.05,20168
2020-08-28,9.01,9.08,8.89,8.96,21904
2020-08-31,8.98,9.15,8.97,9.0,21964
2020-09-01,8.94,9.06,8.79,8.99,23778
2020-09-02,8.98,9.19,8.93,9.13,33605
2020-09-03,9.2,9.2,8.95,8.97,22506
2020-09-04,8.88,9.1,8.81,9.02,22989
2020-09-07,9.0,9.2,8.8,9.01,28072
2020-09-08,8.98,9.1,8.93,9.07,14581
2020-09-09,9.02,9.15,8.95,9.0,31503
2020-09-10,9.0,9.02,8.6,8.66,30250
2020-09-11,8.64,8.76,8.51,8.7,11775
2020-09-14,8.72,8.89,8.67,8.84,16763
2020-09-15,8.89,8.89,8.67,8.75,10890
2020-09-16,8.73,8.77,8.61,8.68,13084
2020-09-17,8.62,8.79,8.62,8.68,9443
2020-09-18,8.68,8.84,8.64,8.83,15171
2020-09-21,8.78,8.86,8.7,8.73,13532
2020-09-22,8.73,8.73,8.5,8.52,13362
2020-09-23,8.52,8.57,8.48,8.53,7314
2020-09-24,8.48,8.53,8.16,8.18,15064
2020-09-25,8.18,8.28,8.05,8.06,12038
2020-09-28,8.07,8.15,7.92,7.95,8929
2020-09-29,7.99,8.19,7.93,8.07,12924
2020-09-30,8.07,8.1,7.96,8.07,9134
2020-10-09,8.12,8.33,8.12,8.23,10695
2020-10-12,8.25,8.53,8.25,8.46,17198
2020-10-13,8.41,8.68,8.38,8.49,18312
2020-10-14,8.42,8.45,8.25,8.29,12688
2020-10-15,8.28,8.36,8.21,8.28,9911
2020-10-16,8.24,8.31,8.21,8.28,8375
2020-10-19,8.29,8.58,8.24,8.31,15171
2020-10-20,8.31,8.45,8.15,8.42,17705
2020-10-21,8.37,8.48,8.2,8.24,12831
2020-10-22,8.22,8.26,8.13,8.21,8327
2020-10-23,8.26,8.36,8.15,8.18,19274
2020-10-26,8.17,8.18,8.0,8.15,14404
2020-10-27,8.12,8.28,8.06,8.19,19374
2020-10-28,8.13,8.26,8.12,8.23,9921
2020-10-29,8.26,8.36,8.14,8.28,13169
2020-10-30,8.25,8.39,8.0,8.08,19870
2020-11-02,8.01,8.12,7.66,7.68,38958
2020-11-03,7.79,8.12,7.56,8.04,21255
2020-11-04,8.06,8.12,7.95,8.01,10272
2020-11-05,8.0,8.13,7.98,8.07,13861
2020-11-06,8.07,8.11,7.91,7.96,15189
2020-11-09,7.98,8.3,7.97,8.15,26604
2020-11-10,8.15,8.2,8.0,8.04,12504
2020-11-11,8.07,8.08,7.98,8.06,12122
2020-11-12,8.0,8.06,7.96,8.01,7580
2020-11-13,8.01,8.06,7.92,8.05,7452
2020-11-16,8.04,8.23,8.02,8.18,20414
2020-11-17,8.18,8.22,8.01,8.13,10203
2020-11-18,8.16,8.32,8.13,8.16,15084
2020-11-19,8.24,8.28,8.1,8.24,15742
2020-11-20,8.24,8.24,8.11,8.2,11173
2020-11-23,8.21,8.33,8.15,8.21,13832
2020-11-24,8.16,8.35,8.14,8.32,26683
2020-11-25,8.29,8.4,8.17,8.19,16032
2020-11-26,8.15,8.2,8.04,8.06,15858
2020-11-27,8.03,8.23,8.0,8.19,18967
2020-11-30,8.19,8.3,8.08,8.18,16496
2020-12-01,8.13,8.29,8.13,8.24,11137
2020-12-02,8.27,8.32,8.16,8.18,13344
2020-12-03,8.16,8.19,8.06,8.11,17823
2020-12-04,8.1,8.15,8.06,8.13,6680
2020-12-07,8.16,8.16,8.05,8.06,12107
2020-12-08,8.07,8.19,8.04,8.07,7013
2020-12-09,7.94,8.06,7.92,7.93,22597
2020-12-10,7.85,7.91,7.75,7.83,10517
2020-12-11,7.83,7.91,7.56,7.63,14538
2020-12-14,7.68,7.75,7.55,7.74,7818
2020-12-15,7.59,7.73,7.25,7.25,37417
2020-12-16,7.24,7.25,6.77,6.8,60638
2020-12-17,6.81,7.12,6.5,7.08,54123
2020-12-18,7.05,7.18,6.9,6.94,21844
2020-12-21,7.0,7.02,6.86,6.86,18073
2020-12-22,6.86,6.91,6.64,6.67,15571
2020-12-23,6.67,6.82,6.64,6.72,13843
2020-12-24,6.72,6.78,6.65,6.68,13623
2020-12-25,6.67,7.05,6.63,6.87,17740
2020-12-28,6.89,6.98,6.69,6.75,12566
2020-12-29,6.69,6.78,6.64,6.68,11363
2020-12-30,6.68,6.73,6.63,6.65,7461
2020-12-31,6.65,6.75,6.63,6.7,9142
2021-01-04,6.7,6.84,6.65,6.71,20229
2021-01-05,6.66,6.78,6.66,6.68,14109
2021-01-06,6.68,6.68,6.2,6.34,32457
2021-01-07,6.4,6.4,5.94,6.0,35589
2021-01-08,6.06,6.15,5.6,6.02,29295
2021-01-11,6.05,6.1,5.49,5.53,49735
2021-01-12,5.54,5.84,5.35,5.43,55508
2021-01-13,5.44,5.45,5.21,5.26,31303
2021-01-14,5.24,5.34,5.16,5.28,20144
2021-01-15,5.24,5.68,5.24,5.51,35083
2021-01-18,5.51,5.67,5.5,5.59,25525
2021-01-19,5.59,5.75,5.54,5.67,33100
2021-01-20,5.68,5.82,5.63,5.73,17973
2021-01-21,5.79,5.82,5.69,5.7,15682
2021-01-22,5.72,5.72,5.53,5.56,29546
2021-01-25,5.51,5.53,5.43,5.44,23083
2021-01-26,5.44,5.53,5.34,5.43,30278
2021-01-27,5.45,5.65,5.38,5.57,23292
2021-01-28,5.51,5.72,5.46,5.6,34622
2021-01-29,5.62,5.73,5.57,5.7,33315
2021-02-01,5.37,5.61,5.36,5.52,34111
2021-02-02,5.41,5.63,5.41,5.61,26743
2021-02-03,5.58,5.64,5.45,5.6,39165
2021-02-04,5.54,5.6,5.4,5.55,25491
2021-02-05,5.55,5.75,5.54,5.71,50183
2021-02-08,5.7,5.73,5.62,5.7,29193
2021-02-09,5.75,5.76,5.63,5.7,42517
2021-02-10,5.73,5.73,5.56,5.58,22259
2021-02-18,5.58,5.85,5.58,5.7,21843
2021-02-19,5.68,6.07,5.66,6.02,34597
2021-02-22,6.0,6.32,6.0,6.08,41391
2021-02-23,6.0,6.16,5.92,6.1,26604
2021-02-24,6.05,6.14,5.99,6.06,17450
2021-02-25,6.14,6.32,6.03,6.28,36982
2021-02-26,6.13,6.24,6.03,6.13,32773
2021-03-01,6.13,6.19,6.08,6.17,13641
2021-03-02,6.14,6.15,6.07,6.11,26861
2021-03-03,6.12,6.29,6.08,6.27,18363
2021-03-04,6.26,6.66,6.17,6.55,41365
2021-03-05,6.59,7.05,6.55,6.64,44083
2021-03-08,6.72,6.74,6.62,6.69,19284
2021-03-09,6.6,6.73,6.45,6.63,27399
2021-03-10,6.68,6.78,6.56,6.61,18462
2021-03-11,6.62,6.62,6.48,6.54,15545
2021-03-12,6.55,6.59,6.47,6.56,17206
2021-03-15,6.51,6.54,6.43,6.54,12911
2021-03-16,6.54,6.63,6.46,6.56,10910
2021-03-17,6.56,6.61,6.51,6.59,10965
2021-03-18,6.59,6.69,6.59,6.6,9459
2021-03-19,6.59,6.71,6.48,6.64,13879
2021-03-22,6.64,6.78,6.55,6.75,28260
2021-03-23,6.75,6.78,6.63,6.7,20046
2021-03-24,6.76,6.76,6.62,6.67,13321
2021-03-25,6.67,6.73,6.62,6.63,9825
2021-03-26,6.69,6.8,6.62,6.72,17542
2021-03-29,6.69,6.79,6.67,6.67,12367
2021-03-30,6.67,6.77,6.51,6.53,24900
2021-03-31,6.53,6.56,6.36,6.49,11228
2021-04-01,6.49,6.53,6.22,6.27,17623
2021-04-02,6.36,6.36,6.08,6.14,17052
2021-04-06,6.18,6.23,6.1,6.19,17148
2021-04-07,6.18,6.32,6.15,6.31,10775
2021-04-08,6.23,6.31,6.16,6.22,12885
2021-04-09,6.2,6.27,6.17,6.23,9773
2021-04-12,6.23,6.23,5.96,6.02,15593
2021-04-13,6.0,6.0,5.86,5.89,14620
2021-04-14,5.92,6.07,5.9,6.01,8441
2021-04-15,6.06,6.11,5.97,6.1,7049
2021-04-16,6.1,6.32,6.1,6.32,13719
2021-04-19,6.32,6.37,6.21,6.26,16204
2021-04-20,6.26,6.34,6.2,6.28,14890
2021-04-21,6.3,6.35,6.22,6.35,29225
2021-04-22,6.36,6.41,6.29,6.29,20548
2021-04-23,6.25,6.33,6.23,6.25,15017
2021-04-26,6.15,6.33,6.15,6.18,17799
2021-04-27,6.11,6.27,5.61,5.7,42087
2021-04-28,5.68,5.76,5.46,5.69,30515
2021-04-29,5.7,5.7,5.48,5.48,17379
2021-05-06,5.21,5.26,5.21,5.21,59444
2021-05-07,5.21,5.47,5.18,5.47,19340
2021-05-10,5.52,5.74,5.47,5.74,20840
2021-05-11,5.74,6.03,5.62,6.03,23888
2021-05-12,5.96,6.26,5.96,6.12,14016
2021-05-13,6.12,6.43,6.12,6.4,18704
2021-05-14,6.39,6.53,6.18,6.21,19731
2021-05-17,6.17,6.17,5.94,6.07,10097
2021-05-18,6.12,6.37,5.99,6.37,18561
2021-05-19,6.47,6.69,6.37,6.69,22586
2021-05-20,6.79,7.02,6.79,7.02,33236
2021-05-21,6.9,7.31,6.68,6.72,33013
2021-05-24,6.67,7.06,6.55,7.06,20458
2021-05-25,7.17,7.33,7.02,7.08,18038
2021-05-26,7.04,7.1,6.93,7.06,11463
2021-05-27,7.06,7.15,6.99,7.1,6079
2021-05-28,7.04,7.35,7.03,7.17,8398
2021-05-31,7.17,7.33,7.15,7.3,9144
2021-06-01,7.31,7.49,7.24,7.32,12719
2021-06-02,7.36,7.55,7.26,7.49,14920
2021-06-03,7.53,7.55,7.31,7.51,7341
2021-06-04,7.58,7.59,7.49,7.57,6648
2021-06-07,7.59,7.7,7.51,7.68,11204
2021-06-08,7.68,7.68,7.59,7.66,3641
2021-06-09,7.66,7.68,7.6,7.63,8050
2021-06-10,7.63,7.75,7.61,7.75,10682
2021-06-11,7.79,7.79,7.45,7.58,7148
2021-06-15,7.57,7.57,7.2,7.2,16184
2021-06-16,7.12,7.28,6.92,7.02,8277
2021-06-17,7.02,7.2,7.0,7.17,5192
2021-06-18,7.07,7.53,7.06,7.39,5512
2021-06-21,7.38,7.66,7.28,7.62,7136
2021-06-22,7.62,7.98,7.59,7.93,12412
2021-06-23,7.99,8.2,7.88,8.01,15838
2021-06-24,8.08,8.09,7.96,8.01,4571
2021-06-25,8.02,8.06,7.81,8.01,7806
2021-06-28,8.01,8.06,7.8,8.0,5388
2021-06-29,8.01,8.01,7.7,7.72,7400
2021-06-30,7.65,7.83,7.63,7.65,2946
2021-07-01,7.66,7.85,7.62,7.7,3673
2021-07-02,7.67,7.82,7.51,7.7,4936
2021-07-05,7.57,7.7,7.5,7.59,6467
2021-07-06,7.6,7.68,7.46,7.6,3231
2021-07-07,7.52,7.52,7.37,7.43,5060
2021-07-08,7.44,7.44,7.27,7.34,7217
2021-07-09,7.34,7.34,7.15,7.22,7694
2021-07-12,7.22,7.58,7.22,7.58,4194
2021-07-13,7.96,7.96,7.74,7.93,17424
2021-07-14,8.02,8.02,7.53,7.9,6684
2021-07-15,7.71,7.87,7.71,7.79,4739
2021-07-16,7.8,7.91,7.72,7.79,4162
2021-07-19,7.79,7.85,7.55,7.65,1856
2021-07-20,7.64,7.97,7.6,7.76,2751
2021-07-21,7.65,7.85,7.64,7.7,4161
2021-07-22,7.7,7.73,7.64,7.67,3649
2021-07-23,7.75,7.75,7.62,7.67,4113
2021-07-26,7.66,7.66,7.52,7.55,4406
2021-07-27,7.6,7.6,7.5,7.51,3288
2021-07-28,7.61,7.74,7.52,7.59,5028
2021-07-29,7.63,7.68,7.53,7.68,5123
2021-07-30,7.66,7.68,7.56,7.65,3282
2021-08-02,7.68,7.69,7.41,7.56,6327
2021-08-03,7.47,7.61,7.41,7.42,2589
2021-08-04,7.42,7.46,7.05,7.05,11734
2021-08-05,7.06,7.06,6.7,6.72,17104
2021-08-06,6.71,6.85,6.66,6.8,5603
2021-08-09,6.81,6.86,6.76,6.8,4552
2021-08-10,6.8,6.82,6.6,6.68,13033
2021-08-11,6.67,6.68,6.52,6.59,8599
2021-08-12,6.59,6.72,6.53,6.68,7774
2021-08-13,6.66,6.68,6.6,6.66,8183
2021-08-16,6.7,6.99,6.65,6.94,11626
2021-08-17,6.9,6.93,6.68,6.81,7008
2021-08-18,6.87,6.95,6.74,6.81,10747
2021-08-19,6.83,6.86,6.75,6.85,4454
2021-08-20,6.86,6.93,6.79,6.93,5841
2021-08-23,6.9,6.97,6.8,6.92,6398
2021-08-24,6.87,6.96,6.87,6.89,2779
2021-08-25,6.9,6.93,6.83,6.85,6533
2021-08-26,6.83,6.87,6.75,6.78,5133
2021-08-27,6.8,6.86,6.77,6.85,2614
2021-08-30,6.87,6.87,6.77,6.77,3085
2021-08-31,6.83,6.83,6.72,6.76,4988
2021-09-01,6.76,6.81,6.69,6.71,5033
2021-09-02,6.7,6.7,6.59,6.67,8329
2021-09-03,6.61,6.68,6.61,6.66,5349
2021-09-06,6.63,6.66,6.56,6.62,3718
2021-09-07,6.66,6.66,6.56,6.64,6915
2021-09-08,6.59,6.67,6.57,6.64,6847
2021-09-09,6.65,6.74,6.61,6.73,5946
2021-09-10,6.72,6.72,6.65,6.65,3625
2021-09-13,6.68,6.69,6.6,6.61,4668
2021-09-14,6.61,6.94,6.6,6.79,19580
2021-09-15,6.7,7.13,6.7,7.13,12849
2021-09-16,7.27,7.49,7.26,7.48,31009
2021-09-17,7.47,7.66,7.26,7.47,29941
2021-09-22,7.39,7.59,7.23,7.51,9630
2021-09-23,7.56,7.56,7.38,7.41,7715
2021-09-24,7.44,7.44,7.14,7.25,6555
2021-09-27,7.2,7.61,7.2,7.61,25524
2021-09-28,7.59,7.59,7.33,7.33,13333
2021-09-29,7.33,7.48,7.26,7.3,5271
2021-09-30,7.25,7.54,7.25,7.49,5257
2021-10-08,7.59,7.59,7.43,7.49,4984
2021-10-11,7.52,7.86,7.52,7.73,11550
2021-10-12,7.7,7.78,7.52,7.65,7208
2021-10-13,7.58,7.66,7.51,7.55,4380
2021-10-14,7.55,7.56,7.34,7.41,8990
2021-10-15,7.41,7.48,7.19,7.26,8040
2021-10-18,7.26,7.58,7.06,7.49,13519
2021-10-19,7.49,7.52,7.4,7.5,6415
2021-10-20,7.55,7.55,7.42,7.51,3176
2021-10-21,7.7,7.7,7.42,7.53,5294
2021-10-22,7.52,7.64,7.44,7.46,4694
2021-10-25,7.48,7.48,7.21,7.35,6418
2021-10-26,7.25,7.38,7.18,7.29,3048
2021-10-27,7.32,7.36,7.18,7.3,4434
2021-10-28,7.23,7.38,7.06,7.25,5780
2021-10-29,7.17,7.57,7.13,7.46,7095
2021-11-01,7.43,7.59,7.43,7.48,5060
2021-11-02,7.5,7.53,7.35,7.38,6818
2021-11-03,7.33,7.38,7.15,7.27,5047
2021-11-04,7.24,7.38,7.23,7.32,2882
2021-11-05,7.33,7.43,7.27,7.29,6521
2021-11-08,7.35,7.35,7.27,7.32,1673
2021-11-09,7.39,7.69,7.3,7.65,10024
2021-11-10,7.6,7.82,7.57,7.77,12743
2021-11-11,7.77,7.95,7.7,7.76,7045
2021-11-12,7.78,8.15,7.78,8.08,17999
2021-11-15,8.01,8.25,7.96,8.16,11977
2021-11-16,8.16,8.16,7.89,7.89,9285
2021-11-17,7.87,7.99,7.81,7.98,3381
2021-11-18,7.92,8.16,7.88,8.08,5696
2021-11-19,8.11,8.35,7.98,8.15,8463
2021-11-22,8.13,8.13,7.93,8.02,8029
2021-11-23,8.02,8.04,7.88,8.03,5655
2021-11-24,8.03,8.05,7.9,7.98,3163
2021-11-25,8.02,8.02,7.88,7.9,2790
2021-11-26,7.86,7.95,7.8,7.8,3383
2021-11-29,7.76,7.89,7.71,7.77,8279
2021-11-30,7.8,7.83,7.7,7.7,5019
2021-12-01,7.76,7.76,7.68,7.75,3044
2021-12-02,7.73,7.8,7.68,7.75,5214
2021-12-03,7.75,8.14,7.71,8.14,18588
2021-12-06,8.2,8.2,7.96,8.04,10064
2021-12-07,8.04,8.44,8.04,8.44,29884
2021-12-08,8.4,8.64,8.24,8.47,23813
2021-12-09,8.43,8.6,8.26,8.39,13776
2021-12-10,8.33,8.47,8.33,8.47,5853
2021-12-13,8.46,8.46,8.08,8.31,13693
2021-12-14,8.28,8.4,8.18,8.25,3713
2021-12-15,8.25,8.38,8.09,8.29,10207
2021-12-16,8.18,8.4,8.18,8.23,4426
2021-12-17,8.23,8.26,7.93,8.04,12261
2021-12-20,8.03,8.23,8.03,8.16,4171
2021-12-21,8.12,8.29,8.09,8.26,3287
2021-12-22,8.29,8.32,8.16,8.23,2490
2021-12-23,8.29,8.44,8.21,8.35,5138
2021-12-24,8.35,8.43,8.22,8.29,5694
2021-12-27,8.29,8.7,8.18,8.66,16595
2021-12-28,8.59,8.88,8.58,8.76,13754
2021-12-29,8.76,9.2,8.76,9.0,20169
2021-12-30,8.91,9.0,8.76,8.93,6643
2021-12-31,9.15,9.15,8.48,8.79,27313
2022-01-04,8.74,8.78,8.35,8.36,23952
2022-01-05,8.3,8.35,7.94,7.98,16947
2022-01-06,7.95,8.22,7.94,8.15,9881
2022-01-07,8.11,8.17,8.02,8.1,6813
2022-01-10,8.1,8.43,8.1,8.37,8068
2022-01-11,8.3,8.55,8.3,8.46,5905
2022-01-12,8.47,8.58,8.4,8.46,6324
2022-01-13,8.44,8.67,8.4,8.46,5567
2022-01-14,8.46,8.53,8.31,8.45,4171
2022-01-17,8.45,8.77,8.37,8.66,8478
2022-01-18,8.66,8.96,8.6,8.86,10233
2022-01-19,8.96,9.0,8.65,8.87,6236
2022-01-20,8.78,8.97,8.55,8.58,6939
2022-01-21,8.77,8.85,8.45,8.5,4506
2022-01-24,8.44,8.68,8.44,8.51,2111
2022-01-25,8.5,8.54,8.14,8.27,4407
2022-01-26,8.44,8.5,8.2,8.36,2054
2022-01-27,8.28,8.28,7.94,7.94,13812
2022-01-28,7.75,7.98,7.54,7.83,9313
2022-02-07,7.77,8.0,7.62,7.84,2858
2022-02-08,8.1,8.23,7.85,8.23,8858
2022-02-09,8.23,8.64,8.23,8.62,7934
2022-02-10,8.62,8.84,8.39,8.46,8514
2022-02-11,8.46,8.46,8.04,8.05,7808
2022-02-14,8.01,8.44,7.9,8.29,5281
2022-02-15,8.2,8.36,7.88,8.25,4865
2022-02-16,8.23,8.62,8.08,8.52,7755
2022-02-17,8.45,8.67,8.45,8.6,7008
2022-02-18,8.68,8.68,8.54,8.59,2208
2022-02-21,8.57,8.67,8.42,8.55,3032
2022-02-22,8.12,8.63,8.12,8.56,3785
2022-02-23,8.58,8.78,8.37,8.49,4315
2022-02-24,8.49,8.54,8.28,8.4,6792
2022-02-25,8.36,8.56,8.36,8.54,3671
2022-02-28,8.54,8.62,8.43,8.51,3599
2022-03-01,8.47,8.59,8.32,8.39,4296
2022-03-02,8.3,8.44,8.23,8.35,2277
2022-03-03,8.39,8.4,8.23,8.3,2918
2022-03-04,8.33,8.33,8.21,8.27,2174
2022-03-07,8.14,8.3,8.14,8.2,2587
2022-03-08,8.2,8.27,7.92,8.12,4184
2022-03-09,8.05,8.15,7.71,7.91,6774
2022-03-10,7.94,8.02,7.83,7.98,1640
2022-03-11,7.88,8.04,7.82,8.04,2094
2022-03-14,8.01,8.01,7.81,7.93,1865
2022-03-15,7.83,7.91,7.6,7.65,2502
2022-03-16,7.71,7.79,7.63,7.74,3126
2022-03-17,7.76,7.87,7.76,7.8,3924
2022-03-18,7.8,8.19,7.8,8.19,7033
2022-03-21,8.2,8.58,8.03,8.32,6362
2022-03-22,8.24,8.49,8.24,8.31,3940
2022-03-23,8.35,8.41,8.28,8.36,3818
2022-03-24,8.39,8.54,8.33,8.35,2724
2022-03-25,8.35,8.4,8.22,8.31,3580
2022-03-28,8.31,8.35,8.21,8.33,2212
2022-03-29,8.27,8.35,8.24,8.31,1293
2022-03-30,8.3,8.54,8.28,8.42,5184
2022-03-31,8.42,8.48,8.27,8.3,3165
2022-04-01,8.3,8.66,8.25,8.53,14112
2022-04-06,8.57,8.94,8.5,8.89,14923
2022-04-07,8.89,8.95,8.75,8.84,7656
2022-04-08,8.93,9.2,8.76,9.16,15904
2022-04-11,9.13,9.4,9.05,9.15,14787
2022-04-12,9.19,9.33,9.07,9.25,11102
2022-04-13,9.13,9.25,9.11,9.15,7271
2022-04-14,9.25,9.29,8.89,9.09,9335
2022-04-15,9.0,9.18,9.0,9.1,9314
2022-04-18,9.1,9.56,9.06,9.55,20200
2022-04-19,9.54,9.63,9.41,9.45,13239
2022-04-20,9.4,9.69,9.36,9.41,10361
2022-04-21,9.39,9.46,9.22,9.45,8266
2022-04-22,9.27,9.49,8.98,8.98,8261
2022-04-25,8.53,8.9,8.53,8.53,12021
2022-04-26,8.58,8.58,8.1,8.13,12567
2022-04-27,8.15,8.52,7.76,8.02,7841
2022-04-28,8.07,8.28,8.02,8.15,5723
2022-04-29,8.1,8.49,8.06,8.49,9667
2022-05-05,8.41,8.52,8.09,8.27,9924
2022-05-06,8.1,8.25,7.86,8.09,8060
2022-05-09,8.18,8.43,8.1,8.32,5635
2022-05-10,8.3,8.3,8.0,8.13,8791
2022-05-11,8.22,8.54,8.2,8.37,5793
2022-05-12,8.37,8.39,8.13,8.34,7008
2022-05-13,8.33,8.68,8.2,8.67,10083
2022-05-16,8.74,8.94,8.56,8.86,6893
2022-05-17,8.72,9.02,8.71,8.8,6460
2022-05-18,8.92,8.92,8.55,8.56,12872
2022-05-19,8.56,8.84,8.5,8.83,9125
2022-05-20,8.83,9.27,8.78,9.27,18713
2022-05-23,9.72,9.73,9.19,9.31,49833
2022-05-24,9.32,9.47,9.13,9.16,18354
2022-05-25,9.1,9.5,9.09,9.35,19085
2022-05-26,9.4,9.44,9.14,9.15,10683
2022-05-27,9.15,9.21,8.92,9.03,13652
2022-05-30,8.8,9.08,8.61,9.01,19036
2022-05-31,9.01,9.01,8.79,8.94,12914
2022-06-01,8.82,8.96,8.8,8.95,9700
2022-06-02,8.5,8.5,8.5,8.5,3446
2022-06-06,8.08,8.08,8.08,8.08,3021
2022-06-07,7.68,8.08,7.68,7.68,58543
2022-06-08,7.58,7.8,7.31,7.67,25856
2022-06-09,7.52,7.63,7.38,7.54,23690
2022-06-10,7.52,7.92,7.41,7.65,22773
2022-06-13,7.51,7.75,7.48,7.69,13882
2022-06-14,7.54,7.65,7.31,7.42,18915
2022-06-15,7.38,7.52,7.3,7.44,10200
2022-06-16,7.36,7.81,7.31,7.77,19200
2022-06-17,7.7,7.83,7.6,7.75,11914
2022-06-20,7.65,7.65,7.36,7.36,13132
2022-06-21,7.3,7.45,6.99,6.99,19118
2022-06-22,7.02,7.23,6.92,7.19,10619
2022-06-23,7.2,7.27,7.08,7.25,4027
2022-06-24,7.25,7.47,7.16,7.22,11677
2022-06-27,7.32,7.58,7.25,7.58,13726
2022-06-28,7.48,7.96,7.33,7.5,15217
2022-06-29,7.41,7.58,7.33,7.43,9119
2022-06-30,7.49,7.54,7.36,7.5,5273
2022-07-01,7.48,7.88,7.43,7.87,20279
2022-07-04,7.83,7.96,7.65,7.79,9547
2022-07-05,7.61,7.88,7.61,7.71,12333
2022-07-06,7.75,7.78,7.56,7.63,11887
2022-07-07,7.63,7.7,7.55,7.67,5021
2022-07-08,7.61,7.8,7.61,7.77,4894
2022-07-11,7.77,8.01,7.77,7.92,8678
2022-07-12,7.77,7.78,7.52,7.68,13617
2022-07-13,7.62,7.72,7.6,7.7,3994
2022-07-14,7.61,7.67,7.45,7.61,5100
2022-07-15,7.5,7.61,7.23,7.4,10183
2022-07-18,7.3,7.55,7.3,7.51,6950
2022-07-19,7.37,7.55,7.35,7.51,9798
2022-07-20,7.49,7.61,7.47,7.57,21341
2022-07-21,7.57,7.69,7.47,7.54,15629
2022-07-22,7.51,7.68,7.41,7.55,12596
2022-07-25,7.63,7.93,7.58,7.9,28422
2022-07-26,7.8,8.22,7.7,8.08,23475
2022-07-27,8.04,8.09,7.92,8.04,12412
2022-07-28,8.03,8.12,7.93,8.07,10611
2022-07-29,8.07,8.44,8.03,8.43,15360
2022-08-01,8.33,8.48,8.21,8.42,13890
2022-08-02,8.25,8.3,8.0,8.0,17055
2022-08-03,7.9,8.09,7.6,7.66,15233
2022-08-04,7.72,7.95,7.67,7.9,10986
2022-08-05,7.9,8.16,7.81,8.09,10148
2022-08-08,7.96,8.15,7.92,8.04,10505
2022-08-09,7.98,8.0,7.78,7.88,17194
2022-08-10,7.88,7.88,7.74,7.8,8664
2022-08-11,7.77,7.86,7.76,7.78,7056
2022-08-12,7.81,8.02,7.71,7.79,15305
2022-08-15,8.09,8.18,7.96,8.18,36072
2022-08-16,8.13,8.59,8.07,8.59,39867
2022-08-17,8.68,9.02,8.65,9.02,70176
2022-08-18,8.72,9.2,8.66,9.08,29186
2022-08-19,9.53,9.53,9.26,9.43,40919
2022-08-22,9.11,9.35,9.08,9.23,27104
2022-08-23,0.0,0.0,0.0,9.23,0
2022-08-24,10.15,10.15,8.76,8.88,198569
2022-08-25,8.95,9.48,8.5,8.94,131823
2022-08-26,8.69,8.79,8.38,8.42,91763
2022-08-29,8.3,8.78,8.22,8.64,47067
2022-08-30,8.64,9.3,8.53,8.93,75874
2022-08-31,8.76,9.02,8.6,8.66,54148
2022-09-01,8.87,8.87,8.45,8.47,38783
2022-09-02,8.45,8.61,8.41,8.56,26417
2022-09-05,8.61,8.77,8.5,8.68,25110
2022-09-06,8.65,8.93,8.61,8.83,38081
2022-09-07,8.83,9.5,8.78,9.22,74254
2022-09-08,9.22,10.14,9.22,10.14,146397
2022-09-09,10.15,10.4,9.66,10.09,159610
2022-09-13,9.76,10.4,9.76,10.02,74834
2022-09-14,10.0,10.39,9.77,10.26,68001
2022-09-15,10.13,10.38,9.88,10.02,57279
2022-09-16,10.15,10.61,9.91,10.2,59975
2022-09-19,10.27,10.3,9.92,10.05,50410
2022-09-20,10.11,10.5,10.02,10.22,62671
2022-09-21,10.25,10.58,9.98,10.4,53531
2022-09-22,10.23,11.25,10.16,10.91,93945
2022-09-23,10.91,11.04,10.4,10.41,70139
2022-09-26,10.41,10.49,9.9,10.01,49705
2022-09-27,10.08,10.24,9.88,10.24,25937
2022-09-28,10.26,10.26,9.59,9.72,36712
2022-09-29,9.75,9.99,9.53,9.69,20529
2022-09-30,9.66,9.77,9.36,9.43,30105
2022-10-10,9.12,9.69,9.0,9.5,36940
2022-10-11,9.54,9.55,9.35,9.47,13985
2022-10-12,9.66,9.81,9.14,9.78,25733
2022-10-13,9.71,9.78,9.61,9.64,16607
2022-10-14,9.77,9.77,9.16,9.5,40979
2022-10-17,9.49,9.97,9.29,9.93,33887
2022-10-18,9.82,10.39,9.77,10.11,44909
2022-10-19,10.15,10.15,9.9,9.93,27373
2022-10-20,9.82,10.0,9.4,9.42,35092
2022-10-21,9.47,9.51,9.26,9.34,18603
2022-10-24,9.29,9.49,9.19,9.43,19807
2022-10-25,9.43,9.67,9.27,9.5,18876
2022-10-26,9.51,9.58,9.4,9.48,17906
2022-10-27,9.57,9.86,9.41,9.48,26399
2022-10-28,9.43,9.86,9.35,9.57,47118
2022-10-31,9.18,9.58,8.77,9.12,60310
2022-11-01,9.17,9.37,9.01,9.25,25025
2022-11-02,9.22,9.36,9.0,9.23,20155
2022-11-03,9.1,9.32,9.1,9.22,10431
2022-11-04,9.29,9.37,9.23,9.31,13739
2022-11-07,9.32,9.6,9.31,9.51,31071
2022-11-08,9.55,10.46,9.49,10.46,94586
2022-11-09,10.76,10.8,10.18,10.25,122542
2022-11-10,10.33,10.4,10.01,10.27,54655
2022-11-11,10.34,10.6,10.2,10.37,45894
2022-11-14,10.46,10.51,9.92,9.92,44698
2022-11-15,9.95,10.05,9.72,10.01,48586
2022-11-16,10.01,10.2,9.88,10.09,29238
2022-11-17,9.92,10.21,9.87,10.1,23210
2022-11-18,10.22,10.37,9.86,9.89,32916
2022-11-21,9.96,10.5,9.78,10.25,38235
2022-11-22,10.18,10.35,10.04,10.35,27816
2022-11-23,10.45,10.47,9.82,9.96,33427
2022-11-24,10.02,10.14,9.69,9.77,23147
2022-11-25,9.79,9.87,9.62,9.85,16029
2022-11-28,9.72,9.72,9.39,9.59,18634
2022-11-29,9.68,9.71,9.5,9.65,14618
2022-11-30,9.7,9.7,9.45,9.56,13339
2022-12-01,9.56,9.72,9.55,9.59,13483
2022-12-02,9.52,9.66,9.52,9.57,12154
2022-12-05,9.46,9.63,9.46,9.58,13516
2022-12-06,9.61,9.92,9.42,9.71,24431
2022-12-07,9.71,9.88,9.65,9.73,21642
2022-12-08,9.79,9.8,9.44,9.47,16306
2022-12-09,9.68,9.68,9.41,9.47,12750
2022-12-12,9.47,9.47,9.22,9.41,17048
2022-12-13,9.4,9.78,9.38,9.55,23547
2022-12-14,9.69,9.7,9.46,9.54,9893
2022-12-15,9.58,9.69,9.43,9.64,10778
2022-12-16,9.68,9.68,9.35,9.38,10512
2022-12-19,9.38,9.38,9.1,9.17,9823
2022-12-20,9.18,9.26,9.06,9.07,7750
2022-12-21,9.24,9.24,8.91,8.97,10699
2022-12-22,8.97,9.15,8.62,8.75,11101
2022-12-23,8.83,8.83,8.48,8.57,16273
2022-12-26,8.63,9.16,8.57,9.0,20438
2022-12-27,9.06,9.19,8.92,9.07,10627
2022-12-28,9.11,9.34,8.97,9.16,14738
2022-12-29,9.3,9.3,8.99,8.99,9270
2022-12-30,8.96,9.06,8.89,8.92,6840
2023-01-03,8.95,9.24,8.86,9.22,9972
2023-01-04,9.22,9.39,9.18,9.28,7026
2023-01-05,9.28,9.35,9.24,9.28,8052
2023-01-06,9.29,9.37,9.14,9.16,6225
2023-01-09,9.23,9.35,9.1,9.22,6406
2023-01-10,9.33,9.33,9.14,9.25,4991
2023-01-11,9.32,9.32,9.0,9.14,7577
2023-01-12,9.16,9.25,9.0,9.05,8502
2023-01-13,9.13,9.15,9.0,9.06,5007
2023-01-16,9.13,9.17,9.0,9.13,5967
2023-01-17,9.13,9.19,9.03,9.07,4631
2023-01-18,9.13,9.29,9.04,9.24,7979
2023-01-19,9.1,9.38,9.05,9.18,8713
2023-01-20,9.27,9.35,9.06,9.3,9343
2023-01-30,9.44,9.6,9.34,9.42,12934
2023-01-31,9.42,9.56,9.4,9.46,5837
2023-02-01,9.54,9.75,9.47,9.74,21756
2023-02-02,9.74,9.79,9.6,9.64,15152
2023-02-03,9.64,9.72,9.53,9.63,8818
2023-02-06,9.64,9.73,9.5,9.54,21367
2023-02-07,9.52,9.64,9.44,9.54,9893
2023-02-08,9.53,9.64,9.4,9.49,10125
2023-02-09,9.47,9.61,9.37,9.6,10734
2023-02-10,9.63,9.72,9.51,9.57,8216
2023-02-13,9.62,9.68,9.46,9.51,11749
2023-02-14,9.57,9.61,9.46,9.55,9911
2023-02-15,9.55,9.9,9.55,9.8,38507
2023-02-16,9.76,9.8,9.38,9.39,32737
2023-02-17,9.39,9.58,9.39,9.48,11311
2023-02-20,9.44,9.61,9.4,9.5,11184
2023-02-21,9.42,9.76,9.42,9.71,19921
2023-02-22,9.7,9.93,9.63,9.82,31438
2023-02-23,9.88,9.92,9.73,9.87,19143
2023-02-24,9.83,10.29,9.83,10.02,42867
2023-02-27,10.02,10.08,9.78,9.81,26051
2023-02-28,9.87,9.88,9.71,9.83,19952
2023-03-01,9.94,10.03,9.83,9.97,18028
2023-03-02,9.97,10.06,9.81,9.82,17217
2023-03-03,9.92,9.92,9.8,9.83,10131
2023-03-06,9.81,9.9,9.72,9.76,14087
2023-03-07,9.75,9.81,9.56,9.57,11054
2023-03-08,9.68,10.01,9.51,9.95,37075
2023-03-09,10.0,10.0,9.73,9.77,13639
2023-03-10,9.72,9.83,9.53,9.67,16944
2023-03-13,9.66,9.72,9.48,9.53,20616
2023-03-14,9.62,9.62,9.19,9.22,17497
2023-03-15,9.28,9.4,9.22,9.36,9828
2023-03-16,9.27,9.43,9.21,9.21,9122
2023-03-17,9.6,9.6,9.11,9.14,17882
2023-03-20,9.2,9.26,9.09,9.19,10600
2023-03-21,9.1,9.3,9.1,9.17,10291
2023-03-22,9.35,9.42,9.17,9.4,15257
2023-03-23,9.39,9.39,9.17,9.19,10770
2023-03-24,9.21,9.64,9.2,9.29,21983
2023-03-27,9.28,9.38,9.11,9.18,15374
2023-03-28,9.17,9.22,9.0,9.06,12705
2023-03-29,9.06,9.16,8.84,8.88,12509
2023-03-30,8.8,9.02,8.8,8.93,13577
2023-03-31,8.99,9.03,8.82,8.89,8472
2023-04-03,8.9,8.9,8.66,8.75,14389
2023-04-04,8.74,8.75,8.4,8.52,15699
2023-04-06,8.51,8.51,8.27,8.33,18098
2023-04-07,8.32,8.42,8.26,8.32,15391
2023-04-10,8.45,8.45,8.07,8.14,18570
2023-04-11,8.14,8.29,8.0,8.26,14925
2023-04-12,8.25,8.35,8.21,8.21,8790
2023-04-13,8.21,8.38,8.16,8.3,13739
2023-04-14,8.29,8.36,8.23,8.3,7603
2023-04-17,8.3,8.36,8.24,8.31,6014
2023-04-18,8.32,8.39,8.19,8.29,7521
2023-04-19,8.29,8.31,8.11,8.2,8041
2023-04-20,8.2,8.2,7.46,7.65,38764
2023-04-21,7.53,7.77,7.49,7.6,18280
2023-04-24,7.59,7.7,7.38,7.54,12756
2023-04-25,7.44,7.66,7.3,7.35,13612
2023-04-26,7.4,7.64,7.35,7.53,12140
2023-04-27,7.53,7.79,7.49,7.71,11928
2023-04-28,7.8,7.9,7.7,7.89,9963
2023-05-04,7.9,8.42,7.9,8.24,26412
2023-05-05,8.3,8.85,8.16,8.61,41061
2023-05-08,8.61,8.96,8.51,8.77,25021
2023-05-09,8.82,8.82,8.4,8.43,16422
2023-05-10,8.43,8.65,8.41,8.64,11493
2023-05-11,8.6,8.77,8.51,8.6,11357
2023-05-12,8.52,8.61,8.45,8.51,8116
2023-05-15,8.5,8.59,8.38,8.55,8167
2023-05-16,8.45,8.65,8.36,8.41,10072
2023-05-17,8.4,8.72,8.32,8.61,12347
2023-05-18,8.68,8.7,8.51,8.66,7688
2023-05-19,8.65,8.76,8.46,8.55,8237
2023-05-22,8.6,9.13,8.56,8.93,22135
2023-05-23,8.89,8.98,8.81,8.87,7890
2023-05-24,8.82,8.95,8.7,8.71,10305
2023-05-25,8.78,8.78,8.55,8.72,10528
2023-05-26,8.88,8.88,8.52,8.62,8473
2023-05-29,8.66,8.66,8.5,8.55,6646
2023-05-30,8.57,8.66,8.42,8.54,8401
2023-05-31,8.55,8.6,8.4,8.52,6782
2023-06-01,8.66,8.77,8.47,8.49,10731
2023-06-02,8.49,8.65,8.44,8.61,7131
2023-06-05,8.65,8.79,8.61,8.76,9904
2023-06-06,8.84,8.96,8.69,8.75,13448
2023-06-07,8.66,8.81,8.58,8.67,7919
2023-06-08,8.69,8.75,8.57,8.57,4366
2023-06-09,8.56,8.66,8.46,8.46,6237
2023-06-12,8.45,8.7,8.31,8.64,11265
2023-06-13,8.72,8.84,8.64,8.73,9572
2023-06-14,8.86,8.86,8.54,8.57,7551
2023-06-15,8.48,8.63,8.43,8.5,7508
2023-06-16,8.55,8.63,8.35,8.37,9613
2023-06-19,8.37,8.4,8.01,8.05,19811
2023-06-20,8.02,8.17,7.9,8.02,15237
2023-06-21,7.97,8.18,7.93,7.94,12598
2023-06-26,7.96,8.12,7.91,7.91,11856
2023-06-27,7.98,8.17,7.83,8.15,12065
2023-06-28,8.12,8.41,8.01,8.38,11186
2023-06-29,8.26,8.72,8.26,8.65,18015
2023-06-30,8.64,8.8,8.59,8.77,15870
2023-07-03,8.82,8.97,8.7,8.75,16038
2023-07-04,8.81,8.89,8.7,8.84,15151
2023-07-05,8.89,9.72,8.71,9.72,96907
2023-07-06,9.68,9.68,9.1,9.36,150946
2023-07-07,9.23,9.4,9.02,9.13,78902
2023-07-10,9.16,9.38,9.0,9.09,50164
2023-07-11,9.03,9.13,8.85,9.1,47636
2023-07-12,9.07,9.2,8.92,8.95,37222
2023-07-13,8.84,9.03,8.82,8.9,33490
2023-07-14,8.89,8.92,8.76,8.84,19372
2023-07-17,8.87,8.99,8.65,8.93,19806
2023-07-18,8.89,9.22,8.89,9.13,25341
2023-07-19,9.09,9.28,9.07,9.16,16204
2023-07-20,9.12,9.25,9.09,9.14,16794
2023-07-21,9.11,9.17,9.03,9.06,11918
2023-07-24,9.11,9.11,8.93,9.02,11339
2023-07-25,9.11,9.28,9.05,9.27,24771
2023-07-26,9.23,9.32,9.18,9.18,12919
2023-07-27,9.2,9.36,9.18,9.2,14828
2023-07-28,9.15,9.3,9.07,9.26,15533
2023-07-31,9.27,9.35,9.13,9.17,17154
2023-08-01,9.23,9.27,9.16,9.24,11087
2023-08-02,9.39,9.43,9.18,9.23,17028
2023-08-03,9.16,9.28,9.13,9.17,14538
2023-08-04,9.16,9.22,9.0,9.02,12537
2023-08-07,9.03,9.12,8.98,9.06,10976
2023-08-08,9.11,9.11,8.98,9.03,8186
2023-08-09,9.0,9.0,8.83,8.85,10784
2023-08-10,8.91,9.02,8.76,8.97,8996
2023-08-11,9.02,9.02,8.76,8.77,11697
2023-08-14,8.77,8.85,8.62,8.71,10276
2023-08-15,8.69,8.79,8.61,8.67,8239
2023-08-16,8.64,8.72,8.54,8.62,7252
2023-08-17,8.66,8.95,8.57,8.89,13971
2023-08-18,8.89,9.17,8.78,8.96,12895
2023-08-21,8.96,9.09,8.85,8.88,10769
2023-08-22,8.94,8.94,8.47,8.63,16405
2023-08-23,8.81,8.81,8.36,8.45,20587
2023-08-24,8.48,8.56,8.29,8.29,12634
2023-08-25,8.29,8.54,8.29,8.3,18950
2023-08-28,8.7,8.81,8.5,8.51,25110
2023-08-29,8.56,9.0,8.5,8.93,20030
2023-08-30,8.91,9.18,8.91,9.02,26490
2023-08-31,9.09,9.09,8.88,8.93,13367
2023-09-01,8.93,9.09,8.79,8.89,11990
2023-09-04,8.85,9.18,8.85,9.17,15543
2023-09-05,9.11,9.17,9.03,9.09,11122
2023-09-06,9.09,9.2,9.01,9.16,12347
2023-09-07,9.23,9.27,9.01,9.08,23192
2023-09-08,9.06,9.15,8.98,9.05,13573
2023-09-11,9.15,9.32,9.0,9.25,19057
2023-09-12,9.22,9.3,9.03,9.1,11976
2023-09-13,9.11,9.13,8.92,8.99,14371
2023-09-14,9.16,9.16,8.83,8.89,10044
2023-09-15,8.91,9.01,8.81,8.95,11085
2023-09-18,9.04,9.85,8.85,9.85,149315
2023-09-19,9.8,9.85,9.3,9.57,194511
2023-09-20,9.29,9.52,9.12,9.2,132138
2023-09-21,9.2,10.12,9.16,10.12,171337
2023-09-22,10.69,11.13,10.54,11.13,112351
2023-09-25,12.23,12.24,10.35,12.24,442837
2023-09-26,11.33,11.74,11.02,11.02,277580
2023-09-27,9.92,10.34,9.92,9.92,253046
2023-09-28,9.6,9.6,9.31,9.47,212723
2023-10-09,9.47,9.81,9.4,9.8,191590
2023-10-10,9.68,9.73,9.45,9.6,134721
2023-10-11,9.54,9.55,9.34,9.44,112394
2023-10-12,9.36,9.55,9.22,9.49,100667
2023-10-13,9.37,9.53,9.32,9.36,69908
2023-10-16,9.4,9.71,9.29,9.6,143171
2023-10-17,9.6,9.7,9.38,9.43,89905
2023-10-18,9.42,10.37,9.29,10.37,244434
2023-10-19,10.38,10.38,9.87,9.87,225101
2023-10-20,9.87,10.86,9.75,10.86,242654
2023-10-23,10.86,11.59,10.5,10.5,303208
2023-10-24,10.51,10.75,10.14,10.73,218755
2023-10-25,10.51,10.68,10.26,10.6,150163
2023-10-26,10.57,10.58,10.26,10.54,122230
2023-10-27,10.46,10.46,9.91,10.08,151039
2023-10-30,10.08,10.22,9.95,10.07,97610
2023-10-31,10.07,10.25,9.69,9.78,108907
2023-11-01,9.71,10.08,9.63,9.85,96617
2023-11-02,9.92,10.5,9.9,9.99,108652
2023-11-03,10.04,10.3,10.02,10.11,91642
2023-11-06,10.15,10.3,9.83,10.21,143408
2023-11-07,10.21,10.62,10.1,10.38,134176
2023-11-08,10.4,10.4,10.11,10.24,88138
2023-11-09,10.23,10.74,9.97,10.47,149709
2023-11-10,10.46,10.8,10.35,10.44,134089
2023-11-13,10.22,10.62,10.22,10.51,80564
2023-11-14,10.47,10.51,10.28,10.4,68679
2023-11-15,10.42,11.4,10.29,11.2,212614
2023-11-16,10.89,12.3,10.79,11.85,247200
2023-11-17,11.66,13.04,11.6,13.04,226453
2023-11-20,13.0,13.64,12.49,12.95,380155
2023-11-21,12.51,12.8,12.33,12.8,220976
2023-11-22,12.42,12.8,11.52,11.52,210915
2023-11-23,11.3,11.52,11.18,11.33,116142
2023-11-24,11.29,11.31,10.84,10.88,115517
2023-11-27,10.91,11.85,10.79,11.5,166373
2023-11-28,11.45,11.8,11.26,11.55,121158
2023-11-29,11.47,11.79,11.46,11.55,93206
2023-11-30,11.6,11.6,11.17,11.53,74839
2023-12-01,11.55,11.55,10.89,11.11,113562
2023-12-04,11.1,12.22,10.98,12.22,172439
2023-12-05,12.22,12.8,11.95,12.35,221312
2023-12-06,12.14,12.67,12.12,12.26,154505
2023-12-07,12.37,12.44,11.76,11.91,103540
2023-12-08,12.01,12.08,11.44,11.46,80802
2023-12-11,11.4,11.7,11.22,11.7,68655
2023-12-12,11.69,11.83,11.46,11.78,56951
2023-12-13,11.77,12.96,11.66,12.96,237529
2023-12-14,12.98,13.8,12.9,13.44,286875
2023-12-15,13.17,13.2,12.61,12.7,180821
2023-12-18,12.76,13.05,12.47,12.48,103266
2023-12-19,12.54,12.72,12.27,12.42,80631
2023-12-20,12.48,13.1,12.3,12.93,142724
2023-12-21,12.62,12.76,12.0,12.72,101889
2023-12-22,12.5,12.71,12.09,12.31,81285
2023-12-25,12.23,13.18,12.2,12.88,120281
2023-12-26,12.72,12.72,12.31,12.51,72747
2023-12-27,12.45,12.5,11.26,11.47,139315
2023-12-28,11.12,12.18,11.12,11.89,112907
2023-12-29,11.74,12.22,11.74,12.11,73915
2024-01-02,12.06,12.1,11.76,11.87,45962
2024-01-03,11.88,12.3,11.76,12.2,64716
2024-01-04,12.17,12.92,12.06,12.26,103446
2024-01-05,12.26,13.16,12.26,12.56,125831
2024-01-08,12.2,12.36,11.66,11.77,92575
2024-01-09,11.78,12.95,11.73,12.95,156720
2024-01-10,12.89,12.94,12.37,12.39,160580
2024-01-11,12.39,12.48,11.99,12.29,93319
2024-01-12,12.23,13.1,11.81,12.36,158036
2024-01-15,12.35,12.6,12.0,12.07,93097
2024-01-16,12.0,12.14,11.52,11.96,90651
2024-01-17,11.97,12.73,11.74,11.8,67086
2024-01-18,11.5,11.58,11.05,11.45,78821
2024-01-19,11.3,11.44,10.88,10.93,53874
2024-01-22,10.95,11.04,10.23,10.43,60059
2024-01-23,10.16,10.43,10.0,10.29,45392
2024-01-24,10.26,10.58,10.02,10.38,40680
2024-01-25,10.35,10.64,10.28,10.61,39262
2024-01-26,10.6,10.72,10.4,10.44,34694
2024-01-29,10.45,10.51,9.85,9.98,42543
2024-01-30,10.08,10.2,9.63,9.66,37375
2024-01-31,9.65,9.85,9.2,9.2,43675
2024-02-01,9.27,9.45,9.09,9.27,37024
2024-02-02,9.33,9.49,8.41,8.85,48464
2024-02-05,8.8,8.8,7.97,7.97,55307
2024-02-06,7.89,8.4,7.17,8.05,65553
2024-02-07,8.05,8.51,7.5,7.8,60778
2024-02-08,7.75,8.23,7.46,8.18,37262
2024-02-19,8.34,9.0,8.2,9.0,39802
2024-02-20,9.12,9.5,8.99,9.04,57866
2024-02-21,9.04,9.94,8.88,9.42,69977
2024-02-22,9.35,9.59,9.15,9.44,41675
2024-02-23,9.48,9.68,9.38,9.54,37693
2024-02-26,9.52,10.16,9.41,9.75,44554
2024-02-27,9.72,10.15,9.62,10.05,38348
2024-02-28,10.04,10.27,9.24,9.25,46838
2024-02-29,9.19,10.18,9.15,9.79,46071
2024-03-01,9.79,10.41,9.79,10.0,43423
2024-03-04,9.92,10.02,9.7,9.82,24940
2024-03-05,9.75,9.77,9.36,9.52,42630
2024-03-06,9.51,9.79,9.4,9.69,29190
2024-03-07,9.69,10.03,9.59,9.69,36771
2024-03-08,9.57,9.88,9.57,9.82,23451
2024-03-11,9.99,9.99,9.77,9.9,21904
2024-03-12,9.87,10.1,9.8,9.99,28042
2024-03-13,9.98,10.45,9.96,10.14,38415
2024-03-14,10.2,10.42,9.95,10.14,42003
2024-03-15,10.04,10.45,10.04,10.4,44303
2024-03-18,10.52,10.58,10.23,10.56,40573
2024-03-19,10.7,11.6,10.56,11.3,92094
2024-03-20,11.6,12.43,11.48,12.43,155350
2024-03-21,12.43,13.0,12.11,12.84,147792
2024-03-22,12.58,12.98,12.18,12.26,104062
2024-03-25,12.26,12.71,12.2,12.27,73676
2024-03-26,12.16,12.54,11.99,12.17,53978
2024-03-27,12.34,12.37,12.02,12.09,48492
2024-03-28,12.13,12.54,12.06,12.33,63237
2024-03-29,12.28,12.59,12.28,12.48,62759
2024-04-01,12.47,12.6,12.22,12.51,56395
2024-04-02,12.52,12.87,12.39,12.83,64892
2024-04-03,12.7,13.7,12.49,13.17,80792
2024-04-08,13.17,13.2,12.26,12.28,79270
2024-04-09,12.26,13.48,12.2,12.6,70040
2024-04-10,12.53,12.83,12.21,12.35,46110
2024-04-11,12.21,12.43,12.0,12.02,40519
2024-04-12,12.85,12.85,12.06,12.15,59182
2024-04-15,11.98,11.98,10.94,10.94,78056
2024-04-16,10.75,10.82,9.85,9.85,56611
2024-04-17,10.06,10.43,9.67,10.16,61468
2024-04-18,10.17,10.17,9.63,9.76,72490
2024-04-19,9.7,9.99,9.41,9.95,51287
2024-04-22,9.95,10.31,9.71,9.81,64883
2024-04-23,9.66,10.24,9.66,10.15,40807
2024-04-24,10.11,10.44,10.02,10.34,28049
2024-04-25,10.36,10.61,10.29,10.34,25538
2024-04-26,10.31,10.52,10.11,10.28,42961
2024-04-29,10.28,10.8,10.28,10.78,34686
2024-04-30,10.78,10.95,10.53,10.63,25856
2024-05-06,10.77,11.18,10.6,11.08,38513
2024-05-07,11.1,11.43,11.1,11.4,38891
2024-05-08,11.5,11.5,11.05,11.14,28769
2024-05-09,11.03,11.55,11.03,11.29,28681
2024-05-10,11.25,11.39,11.12,11.2,20630
2024-05-13,11.1,11.11,10.71,10.83,24191
2024-05-14,10.83,11.06,10.75,11.05,16362
2024-05-15,10.82,11.32,10.82,11.13,18595
2024-05-16,11.13,11.37,10.93,11.0,24029
2024-05-17,10.94,12.1,10.9,11.91,57235
2024-05-20,11.72,12.29,11.45,11.63,68285
2024-05-21,11.57,11.57,11.02,11.11,43839
2024-05-22,11.07,11.23,10.33,10.65,79577
2024-05-23,10.6,10.77,10.27,10.3,43416
2024-05-24,10.35,10.54,10.05,10.39,33814
2024-05-27,10.39,10.45,10.2,10.38,19415
2024-05-28,10.3,10.55,10.2,10.22,22781
2024-05-29,10.37,10.47,10.21,10.41,19420
2024-05-30,10.32,10.52,10.21,10.22,14134
2024-05-31,10.3,10.3,10.03,10.1,17807
2024-06-03,10.11,10.18,9.82,9.89,20161
2024-06-04,9.96,9.96,9.4,9.6,28463
2024-06-05,9.61,9.72,9.33,9.68,22440
2024-06-06,9.83,9.83,8.89,9.01,40596
2024-06-07,9.08,9.47,9.08,9.41,25065
2024-06-11,9.34,9.4,9.01,9.15,19310
2024-06-12,9.15,9.4,9.1,9.38,14467
2024-06-13,9.35,9.44,9.11,9.14,19822
2024-06-14,9.14,9.23,8.94,9.16,12244
2024-06-17,9.14,9.22,9.0,9.05,12043
2024-06-18,9.0,9.28,8.99,9.2,15985
2024-06-19,9.27,9.9,9.24,9.28,35341
2024-06-20,9.23,9.31,8.91,8.99,24098
2024-06-21,9.07,9.07,8.86,8.92,12015
2024-06-24,8.78,8.82,8.42,8.52,17238
2024-06-25,8.55,8.81,8.46,8.67,15662
2024-06-26,8.66,8.79,8.5,8.79,19305
2024-06-27,8.75,8.82,8.54,8.58,16592
2024-06-28,8.57,8.73,8.46,8.46,16608
2024-07-01,8.42,8.79,8.35,8.72,24004
2024-07-02,8.69,9.19,8.68,9.02,23530
2024-07-03,9.22,9.5,8.98,8.99,23200
2024-07-04,8.99,9.15,8.65,8.65,16219
2024-07-05,8.66,8.79,8.55,8.74,10379
2024-07-08,8.74,8.84,8.33,8.36,13813
2024-07-09,8.39,8.52,8.15,8.39,15592
2024-07-10,8.59,8.59,8.27,8.35,12641
2024-07-11,8.5,8.75,8.48,8.73,17666
2024-07-12,8.79,8.97,8.75,8.94,18022
2024-07-15,8.86,9.0,8.81,8.94,12901
2024-07-16,8.88,9.23,8.69,9.19,16783
2024-07-17,9.15,9.25,8.82,8.86,17662
2024-07-18,8.82,8.82,8.55,8.68,11932
2024-07-19,8.8,8.96,8.62,8.77,11456
2024-07-22,8.77,9.09,8.72,8.93,11908
2024-07-23,8.92,9.04,8.59,8.62,12286
2024-07-24,8.65,8.68,8.41,8.43,11788
2024-07-25,8.42,8.73,8.33,8.63,11497
2024-07-26,8.63,8.98,8.63,8.91,13789
2024-07-29,9.75,9.78,9.09,9.16,47015
2024-07-30,9.0,9.46,8.94,9.36,28089
2024-07-31,9.45,9.55,9.31,9.46,23849
2024-08-01,9.42,9.69,9.42,9.55,26009
2024-08-02,9.52,10.51,9.43,10.51,52036
2024-08-05,10.68,11.11,9.9,9.99,79127
2024-08-06,9.99,10.25,9.76,9.92,51544
2024-08-07,9.9,10.06,9.7,9.77,31389
2024-08-08,10.57,10.61,9.91,9.92,57327
2024-08-09,10.18,10.33,9.77,9.88,45520
2024-08-12,9.8,9.85,9.39,9.47,38470
2024-08-13,9.47,9.51,9.17,9.38,29708
2024-08-14,9.3,9.66,9.3,9.39,20827
2024-08-15,9.39,9.54,9.23,9.33,23119
2024-08-16,9.3,9.47,9.1,9.13,18945
2024-08-19,9.05,9.14,8.95,9.05,13686
2024-08-20,9.03,9.09,8.83,8.88,12182
2024-08-21,8.87,9.14,8.79,9.05,14298
2024-08-22,9.16,9.16,8.86,8.99,14592
2024-08-23,8.95,9.05,8.79,9.0,16778
2024-08-26,9.05,9.4,9.0,9.3,30298
2024-08-27,9.22,9.22,8.82,8.86,19055
2024-08-28,8.86,9.01,8.69,8.83,18380
2024-08-29,8.81,9.02,8.71,8.94,17427
2024-08-30,9.0,9.24,8.89,9.1,22084
2024-09-02,9.0,9.2,8.9,8.94,19056
2024-09-03,8.99,9.02,8.86,8.98,13018
2024-09-04,8.94,8.97,8.74,8.76,15077
2024-09-05,8.75,9.29,8.75,9.0,32914
2024-09-06,9.0,9.01,8.68,8.76,29879
2024-09-09,8.87,8.87,8.62,8.78,10412
2024-09-10,8.73,8.88,8.67,8.83,10302
2024-09-11,8.75,8.89,8.68,8.7,15135
2024-09-12,8.72,8.84,8.65,8.67,11065
2024-09-13,8.67,8.77,8.6,8.6,9330
2024-09-18,8.62,8.64,8.26,8.48,16954
2024-09-19,8.51,8.89,8.47,8.79,22940
2024-09-20,8.72,8.87,8.61,8.68,16370
2024-09-23,8.74,8.74,8.57,8.63,8840
2024-09-24,8.62,8.88,8.6,8.85,23915
2024-09-25,8.87,9.0,8.76,8.92,77286
2024-09-26,8.9,9.04,8.82,9.03,46572
2024-09-27,9.06,9.35,9.06,9.33,34517
2024-09-30,9.62,10.2,9.35,10.2,92817
2024-10-08,11.02,11.11,10.01,10.45,120617
2024-10-09,10.29,10.29,9.42,9.44,76216
2024-10-10,9.51,9.79,9.37,9.58,48066
2024-10-11,9.48,9.58,9.16,9.26,31451
2024-10-14,9.26,9.53,9.2,9.45,40382
2024-10-15,9.38,9.47,9.25,9.27,28953
2024-10-16,9.18,9.98,9.1,9.78,86708
2024-10-17,9.84,9.9,9.48,9.6,63602
2024-10-18,9.59,9.67,9.35,9.6,58848
2024-10-21,9.59,9.66,9.42,9.51,50636
2024-10-22,9.55,9.98,9.45,9.81,82262
2024-10-23,9.87,10.17,9.67,9.84,73957
2024-10-24,9.83,10.01,9.76,9.94,42675
2024-10-25,10.01,10.93,10.01,10.93,145395
2024-10-28,11.0,12.02,10.9,12.02,253141
2024-10-29,12.02,12.17,11.31,11.4,188207
2024-10-30,11.22,11.68,11.21,11.38,94183
2024-10-31,11.44,11.68,11.21,11.53,101864
2024-11-01,11.51,11.51,10.89,11.2,111634
2024-11-04,11.14,11.64,10.95,11.48,83795
2024-11-05,11.49,11.68,11.37,11.58,76222
2024-11-06,11.6,11.8,11.3,11.57,97687
2024-11-07,11.46,11.69,11.36,11.64,65162
2024-11-08,11.89,11.9,11.23,11.3,87002
2024-11-11,11.36,11.68,11.18,11.65,77186
2024-11-12,11.7,12.82,11.65,12.12,134456
2024-11-13,11.96,12.31,11.55,12.22,82124
2024-11-14,12.05,12.19,11.73,11.75,49682
2024-11-15,11.61,11.89,11.25,11.26,48189
2024-11-18,11.3,11.38,10.58,10.69,43512
2024-11-19,10.78,11.03,10.6,11.02,31669
2024-11-20,11.01,11.18,10.95,11.1,36337
2024-11-21,11.1,11.36,10.91,11.08,33505
2024-11-22,12.19,12.19,12.19,12.19,18937
2024-11-25,13.41,13.41,13.41,13.41,17428
2024-11-26,14.75,14.75,14.75,14.75,50953
2024-11-27,14.4,16.15,13.28,13.81,330401
2024-11-28,13.81,14.09,12.5,12.6,205244
2024-11-29,12.3,13.5,12.21,13.12,173374
2024-12-02,12.94,13.6,12.72,13.28,135342
2024-12-03,13.1,13.58,12.9,13.08,108247
2024-12-04,12.88,13.05,12.44,12.54,92095
2024-12-05,12.63,13.78,12.49,13.02,160228
2024-12-06,13.2,13.2,12.81,12.96,91389
2024-12-09,13.03,13.49,12.91,13.15,88010
2024-12-10,13.49,13.66,13.0,13.02,82318
2024-12-11,13.02,13.3,12.93,13.2,61268
2024-12-12,13.2,13.22,12.9,13.07,56131
2024-12-13,13.05,13.06,12.77,12.81,39060
2024-12-16,12.84,12.9,12.47,12.59,39061
2024-12-17,12.5,12.51,11.8,11.89,56967
2024-12-18,11.81,12.04,11.62,11.81,30399
2024-12-19,11.76,12.02,11.68,11.93,30502
2024-12-20,11.96,12.27,11.86,12.12,33846
2024-12-23,12.17,12.23,11.43,11.51,43349
2024-12-24,11.55,11.7,11.34,11.53,29453
2024-12-25,11.45,11.5,11.01,11.15,32932
2024-12-26,11.15,11.4,11.05,11.34,22576
2024-12-27,11.34,11.66,11.28,11.55,23122
2024-12-30,11.55,11.65,11.16,11.26,28228
2024-12-31,11.25,11.32,11.04,11.13,26521
2025-01-02,11.03,11.3,10.8,10.89,24532
2025-01-03,10.89,10.98,10.48,10.52,26584
2025-01-06,10.5,10.64,10.13,10.43,21214
2025-01-07,10.38,10.8,10.37,10.8,30760
2025-01-08,10.86,10.88,10.38,10.74,22221
2025-01-09,10.73,10.85,10.58,10.73,17677
2025-01-10,10.71,11.5,10.65,10.96,50785
2025-01-13,10.83,12.06,10.73,12.06,50470
2025-01-14,12.09,12.97,11.96,12.41,154081
2025-01-15,12.22,12.28,11.86,11.93,86676
2025-01-16,11.93,12.35,11.87,12.15,83832
2025-01-17,12.05,12.38,11.83,12.33,83060
2025-01-20,12.44,12.53,12.07,12.16,59680
2025-01-21,12.17,12.25,11.94,12.24,54277
2025-01-22,12.18,12.6,11.99,12.4,84703
2025-01-23,12.58,12.61,12.14,12.16,67380
2025-01-24,11.84,12.07,11.7,11.99,53237
2025-01-27,11.98,12.09,11.77,11.81,30267
2025-02-05,11.96,11.96,11.72,11.86,28119
2025-02-06,11.75,11.94,11.75,11.94,46292
2025-02-07,11.96,12.16,11.9,12.07,50846
2025-02-10,12.12,12.19,11.96,12.19,48328
2025-02-11,12.2,12.2,11.95,12.06,36020
2025-02-12,12.1,12.65,11.86,12.45,101619
2025-02-13,12.4,12.5,12.12,12.24,67639
2025-02-14,12.12,12.21,11.8,11.82,62316
2025-02-17,11.82,12.01,11.79,11.95,44123
2025-02-18,11.88,12.2,11.74,11.87,41957
2025-02-19,11.8,12.38,11.8,12.31,73421
2025-02-20,12.13,12.5,12.13,12.44,59798
2025-02-21,12.36,12.4,12.12,12.23,60838
2025-02-24,12.27,12.66,12.27,12.54,82660
2025-02-25,12.32,12.56,12.19,12.22,51526
2025-02-26,12.2,12.66,12.2,12.45,61527
2025-02-27,12.51,12.58,11.83,12.22,59779
2025-02-28,12.19,13.24,11.95,12.77,124078
2025-03-03,12.84,13.64,12.7,13.01,153503
2025-03-04,12.69,13.58,12.69,13.19,121153
2025-03-05,13.18,13.18,12.63,12.8,78674
2025-03-06,12.85,12.88,12.6,12.8,67007
2025-03-07,12.76,12.91,12.58,12.58,55561
2025-03-10,12.58,12.78,12.51,12.77,46585
2025-03-11,12.65,12.95,12.52,12.87,57648
2025-03-12,12.86,13.5,12.86,13.02,78694
2025-03-13,13.0,14.06,12.97,13.48,144191
2025-03-14,13.48,13.74,13.05,13.21,92188
2025-03-17,13.23,13.6,13.08,13.09,67534
2025-03-18,13.13,13.15,12.88,13.05,51149
2025-03-19,13.0,13.46,12.85,13.46,82078
2025-03-20,13.46,13.59,13.18,13.21,60976
2025-03-21,13.08,13.13,12.48,12.49,71388
2025-03-24,12.5,12.68,11.95,12.3,51090
2025-03-25,12.26,12.39,12.0,12.31,35426
2025-03-26,12.29,12.64,12.24,12.55,33842
2025-03-27,12.55,12.55,12.12,12.23,37917
2025-03-28,12.19,12.31,12.04,12.15,30609
2025-03-31,12.24,12.48,12.07,12.39,34694
2025-04-01,12.38,12.54,12.27,12.41,25747
2025-04-02,12.41,12.54,12.3,12.32,22086
2025-04-03,12.27,12.37,12.05,12.23,19862
2025-04-07,11.01,11.37,11.01,11.01,38262
2025-04-08,10.68,11.35,10.55,11.1,52218
2025-04-09,10.99,11.15,10.0,11.03,49296
2025-04-10,11.15,11.34,11.11,11.2,33468
2025-04-11,11.16,11.46,11.12,11.31,24992
2025-04-14,11.4,11.62,11.39,11.6,24410
2025-04-15,11.62,11.72,11.47,11.72,16984
2025-04-16,11.69,11.73,11.25,11.47,20919
2025-04-17,11.39,11.67,11.37,11.48,15450
2025-04-18,11.56,11.82,11.42,11.74,22673
2025-04-21,11.66,12.16,11.66,11.86,25158
2025-04-22,11.92,12.0,11.8,11.86,14356
2025-04-23,12.34,13.05,12.22,13.05,57957
2025-04-24,14.36,14.36,13.77,14.36,317181
2025-04-25,14.5,14.97,12.92,12.92,292455
2025-04-28,12.39,12.76,11.63,11.63,222894
2025-04-29,11.77,11.94,11.55,11.71,109543
2025-04-30,11.82,11.82,11.6,11.72,71047
2025-05-06,11.78,12.22,11.72,12.19,90466
2025-05-07,12.28,12.51,12.17,12.36,80920
2025-05-08,12.36,12.59,12.25,12.55,62678
2025-05-09,12.59,12.63,12.38,12.5,40124
2025-05-12,12.73,13.29,12.61,13.02,122759
2025-05-13,13.02,13.24,12.92,12.95,75119
2025-05-14,12.95,13.02,12.72,12.82,50396
2025-05-15,12.78,13.2,12.7,13.08,57384
2025-05-16,10.7,11.55,10.7,11.01,103048
2025-05-19,11.07,11.11,10.82,11.05,64500
2025-05-20,11.05,11.3,10.85,11.23,92533
2025-05-21,11.2,11.21,11.02,11.17,47208
2025-05-22,11.11,11.25,11.02,11.07,46772
2025-05-23,11.19,11.8,11.0,11.01,124742
2025-05-26,11.03,11.09,10.86,11.03,59811
2025-05-27,11.1,11.22,10.88,11.1,52575
2025-05-28,11.19,11.44,11.07,11.24,68891
2025-05-29,11.29,11.78,11.29,11.4,85234
2025-05-30,11.47,11.49,11.07,11.08,61611
2025-06-03,11.08,11.25,11.0,11.19,37759
2025-06-04,11.2,11.5,11.19,11.25,45561
2025-06-05,11.25,11.28,11.09,11.12,35287
2025-06-06,11.2,11.3,11.02,11.18,39968
2025-06-09,11.18,11.23,11.13,11.19,28863
2025-06-10,11.2,11.24,10.88,11.04,39254
2025-06-11,11.03,11.24,11.02,11.12,36187
2025-06-12,11.12,11.14,10.99,11.11,28765
2025-06-13,11.13,11.13,10.83,10.88,44681
2025-06-16,10.85,10.96,10.8,10.92,38836
2025-06-17,11.0,11.0,10.7,10.78,31715
2025-06-18,10.79,10.8,10.56,10.66,29448
2025-06-19,10.71,10.71,10.36,10.39,36421
2025-06-20,10.39,10.52,10.28,10.3,36683
2025-06-23,10.32,10.76,10.24,10.66,44416
2025-06-24,10.66,10.95,10.6,10.9,35520
2025-06-25,10.98,11.04,10.85,11.0,39351
2025-06-26,10.91,11.07,10.9,10.92,24868
2025-06-27,10.98,11.13,10.96,11.03,43114
2025-06-30,11.12,11.2,11.03,11.16,41984
2025-07-01,11.15,11.36,11.07,11.22,52507
2025-07-02,11.3,11.3,11.13,11.19,28802
2025-07-03,11.24,11.24,11.14,11.21,20525
2025-07-04,11.21,11.23,11.04,11.05,27876
2025-07-07,11.1,11.18,10.98,11.15,22984
2025-07-08,11.17,11.48,11.09,11.38,40332
2025-07-09,11.45,11.46,11.27,11.43,32694
2025-07-10,11.43,11.45,11.22,11.35,24467
2025-07-11,11.42,11.52,11.27,11.44,51998
2025-07-14,11.49,11.58,11.33,11.57,50531
2025-07-15,11.52,11.57,11.28,11.41,39627
2025-07-16,11.51,11.79,11.48,11.73,66947
2025-07-17,11.72,11.87,11.59,11.82,47013
2025-07-18,11.87,11.89,11.72,11.77,41322
2025-07-21,11.76,12.95,11.73,12.25,138298
2025-07-22,12.25,12.47,12.13,12.28,90946
2025-07-23,12.29,12.75,12.1,12.52,108807
2025-07-24,12.54,12.84,12.4,12.57,92031
2025-07-25,12.6,12.72,12.46,12.63,67164
2025-07-28,12.62,12.97,12.56,12.95,66673
2025-07-29,12.94,12.94,12.44,12.73,74382
2025-07-30,12.68,12.79,12.46,12.7,55193
2025-07-31,12.59,13.12,12.54,12.74,87433
2025-08-01,12.73,12.73,12.27,12.38,80491
2025-08-04,12.35,12.66,12.32,12.58,53054
2025-08-05,12.63,12.72,12.5,12.54,36595
2025-08-06,12.58,12.84,12.47,12.83,73534
2025-08-07,12.8,13.14,12.73,12.88,60873
2025-08-08,12.95,13.13,12.73,13.07,51266
2025-08-11,13.1,13.1,12.83,12.85,52960
2025-08-12,12.82,12.95,12.7,12.87,38359
2025-08-13,12.88,12.93,12.74,12.86,33977
2025-08-14,12.88,12.88,12.51,12.53,48002
2025-08-15,12.37,12.86,12.37,12.76,49736
2025-08-18,12.96,13.88,12.95,13.4,144783
2025-08-19,13.3,13.75,13.12,13.64,104515
2025-08-20,13.64,14.8,13.58,14.62,188003
2025-08-21,14.6,15.12,14.22,14.4,139869
2025-08-22,14.66,14.66,13.58,13.62,141650
2025-08-25,13.93,14.51,13.48,13.55,145439
2025-08-26,13.5,13.54,13.16,13.3,102845
2025-08-27,13.34,13.34,12.87,12.88,88606
2025-08-28,12.97,13.26,12.38,12.75,104259
2025-08-29,12.78,12.99,12.7,12.78,64639
2025-09-01,12.78,12.86,12.61,12.67,51323
2025-09-02,12.65,12.86,12.36,12.73,64533
2025-09-03,12.81,12.87,12.23,12.3,60058
2025-09-04,12.33,12.55,12.08,12.27,45081
2025-09-05,12.28,12.42,12.13,12.38,38546
2025-09-08,12.47,12.54,12.28,12.43,43850
2025-09-09,12.43,12.45,12.16,12.23,39488
2025-09-10,12.29,13.45,12.2,13.13,280612
2025-09-11,12.9,13.12,12.31,12.85,248491
2025-09-12,12.81,13.14,12.65,12.84,137102
2025-09-15,13.0,13.73,12.99,13.56,197320
2025-09-16,13.55,14.24,13.31,13.86,160120
2025-09-17,13.93,14.15,13.68,13.69,101968
2025-09-18,13.7,13.7,13.32,13.45,85823
2025-09-19,13.6,13.96,13.25,13.64,84447
2025-09-22,13.51,13.59,13.27,13.31,64592
2025-09-23,13.32,13.34,12.88,13.18,51403
2025-09-24,13.24,13.55,13.16,13.54,50054
2025-09-25,13.5,13.79,13.5,13.56,47385
2025-09-26,13.6,13.68,13.37,13.41,37651
2025-09-29,13.4,13.48,13.23,13.33,31627
2025-09-30,13.35,13.56,13.25,13.36,39213
2025-10-09,13.19,13.49,13.13,13.19,57892
2025-10-10,13.18,13.34,13.05,13.05,36837
2025-10-13,12.68,12.92,12.3,12.87,39325
2025-10-14,12.86,13.18,12.69,12.77,30847
2025-10-15,12.71,12.91,12.66,12.78,26217
2025-10-16,12.8,12.81,12.35,12.41,40090
2025-10-17,12.47,12.53,12.09,12.09,38385
2025-10-20,12.22,12.41,12.18,12.36,26853
2025-10-21,12.36,12.62,12.31,12.58,23578
2025-10-22,12.57,12.85,12.47,12.8,31675
2025-10-23,12.69,13.05,12.64,13.02,36460
2025-10-24,13.18,13.3,13.01,13.13,29163
2025-10-27,13.13,13.3,13.06,13.26,35282
2025-10-28,13.21,13.36,12.99,13.02,32628
2025-10-29,12.98,13.05,12.82,12.95,31459
2025-10-30,12.95,13.03,12.67,12.74,29932
2025-10-31,12.61,12.9,12.54,12.59,39351
2025-11-03,12.55,12.63,12.42,12.58,43997
2025-11-04,12.72,12.75,12.33,12.43,29072
2025-11-05,12.34,12.54,12.24,12.46,25317
2025-11-06,12.49,12.8,12.43,12.71,31682
2025-11-07,12.66,12.66,12.42,12.47,28217
2025-11-10,12.49,12.59,12.36,12.43,30158
2025-11-11,12.42,12.56,12.37,12.43,22551
2025-11-12,12.43,12.87,12.39,12.61,35947
2025-11-13,12.6,12.6,12.33,12.36,36155
2025-11-14,12.36,12.61,12.27,12.41,40730
2025-11-17,12.45,12.56,12.33,12.4,24752
2025-11-18,12.48,12.79,12.3,12.51,41858
2025-11-19,12.54,12.58,12.19,12.34,33859
2025-11-20,12.33,12.44,12.11,12.2,26361
2025-11-21,12.14,12.22,11.57,11.63,34434
2025-11-24,11.68,11.8,11.58,11.76,29903
2025-11-25,11.9,12.15,11.81,12.01,26962
2025-11-26,12.01,12.1,11.74,11.79,21970
2025-11-27,11.78,11.97,11.75,11.87,16721
2025-11-28,11.9,11.96,11.75,11.91,22762
2025-12-01,12.1,12.1,11.8,11.92,25650
2025-12-02,11.9,11.97,11.44,11.7,27306
2025-12-03,11.7,11.72,11.56,11.64,19508
2025-12-04,11.64,11.7,11.38,11.41,25482
2025-12-05,11.42,11.84,11.38,11.77,33438
2025-12-08,11.8,11.86,11.69,11.81,20335
2025-12-09,11.82,11.82,11.61,11.61,18039
2025-12-10,11.61,11.69,11.45,11.52,16434
2025-12-11,11.51,11.57,11.33,11.33,26164
2025-12-12,11.35,11.46,11.09,11.12,23251
2025-12-15,11.01,11.29,11.0,11.23,18169
2025-12-16,11.23,11.28,10.93,10.95,26116
2025-12-17,10.94,11.02,10.71,10.97,27308
2025-12-18,11.02,11.22,10.93,11.11,25993
2025-12-19,11.11,11.35,11.11,11.3,23328
2025-12-22,11.4,11.46,11.2,11.22,19790
2025-12-23,11.21,11.27,11.04,11.08,21087
2025-12-24,11.12,11.22,11.03,11.18,18908
2025-12-25,11.25,11.32,11.12,11.29,15219
2025-12-26,11.26,11.39,11.17,11.2,17263
2025-12-29,11.28,11.57,11.14,11.31,48917
2025-12-30,11.45,11.45,11.17,11.17,26884
2025-12-31,11.22,11.25,11.06,11.18,19583
2026-01-05,11.2,12.05,11.2,11.82,59513
2026-01-06,11.91,11.95,11.69,11.87,43542
2026-01-07,11.87,11.9,11.66,11.71,32479
2026-01-08,11.66,11.93,11.6,11.83,41426
2026-01-09,11.8,11.98,11.7,11.79,34348
2026-01-12,11.85,12.1,11.65,11.98,50019
2026-01-13,12.08,12.08,11.77,11.79,32879
2026-01-14,11.79,12.0,11.69,11.86,34981
2026-01-15,11.86,12.29,11.77,12.12,42885
2026-01-16,12.13,12.45,11.98,12.24,49587
2026-01-19,12.22,12.26,12.05,12.21,27501
2026-01-20,12.21,12.3,12.02,12.16,27880
2026-01-21,12.13,12.35,11.99,12.31,34923
2026-01-22,12.31,12.42,12.22,12.39,26845
2026-01-23,12.48,12.93,12.38,12.83,76817
2026-01-26,12.86,13.09,12.61,12.75,55432
2026-01-27,12.74,12.74,12.22,12.53,42806
2026-01-28,12.3,12.55,12.02,12.35,57752
2026-01-29,12.4,13.0,12.21,12.86,95248
2026-01-30,12.87,13.22,12.56,12.76,70921
2026-02-02,12.56,12.78,12.09,12.12,56336
2026-02-03,12.35,12.35,12.02,12.17,67547
2026-02-04,12.44,12.52,12.15,12.34,34926
2026-02-05,12.34,12.4,12.16,12.24,46138
2026-02-06,12.2,12.32,12.08,12.22,31838
2026-02-09,12.36,13.19,12.24,13.07,112706
2026-02-10,12.99,13.39,12.84,13.08,72527
2026-02-11,13.34,13.34,12.91,12.92,33062
2026-02-12,12.88,13.06,12.63,12.63,34206
2026-02-13,12.63,12.94,12.55,12.83,28342
2026-02-24,12.93,13.01,12.74,12.96,33164
2026-02-25,12.95,13.07,12.8,12.92,35569
2026-02-26,12.92,13.02,12.61,12.65,31321
2026-02-27,12.63,12.82,12.57,12.78,34744
2026-03-02,12.68,12.83,12.12,12.26,53441
2026-03-03,12.24,12.36,11.77,11.77,51841
2026-03-04,11.7,11.86,11.57,11.63,34876
2026-03-05,11.83,12.08,11.74,12.06,35402
2026-03-06,11.93,12.42,11.91,12.37,36718
2026-03-09,12.25,12.47,11.98,12.39,36792
2026-03-10,12.4,12.93,12.35,12.78,48418
2026-03-11,12.84,13.12,12.74,12.84,58312
2026-03-12,12.84,13.05,12.77,12.9,40672
2026-03-13,12.9,13.07,12.6,12.67,34624
2026-03-16,12.65,12.78,12.51,12.61,30939
2026-03-17,12.66,12.79,12.18,12.2,25770
2026-03-18,12.21,12.45,12.09,12.41,27929
2026-03-19,12.53,12.53,11.89,11.91,28846
2026-03-20,11.92,12.18,11.49,11.52,36980
2026-03-23,11.28,11.3,10.58,10.7,47298
2026-03-24,10.99,11.39,10.83,11.37,36863
2026-03-25,11.57,11.76,11.42,11.75,28441
2026-03-26,11.74,11.79,11.26,11.45,22548
2026-03-27,11.15,11.69,11.15,11.53,27486
2026-03-30,11.72,11.72,11.24,11.61,31736
2026-03-31,11.67,11.82,11.42,11.45,23574
2026-04-01,11.64,11.78,11.35,11.52,22355
2026-04-02,11.5,11.52,10.97,11.1,32478
2026-04-03,11.1,11.18,10.71,10.8,29361
2026-04-07,10.73,11.26,10.63,11.22,35467
2026-04-08,11.47,11.69,11.4,11.53,30573
2026-04-09,11.53,11.69,11.36,11.54,32058
2026-04-10,11.54,11.87,11.51,11.66,26941
2026-04-13,11.67,11.75,11.3,11.55,25625
2026-04-14,11.64,11.82,11.42,11.53,26810
2026-04-15,11.57,11.61,11.3,11.33,17959
2026-04-16,11.33,11.64,11.26,11.61,22529
2026-04-17,11.62,11.62,11.36,11.44,21506
2026-04-20,11.44,11.57,11.15,11.47,35243
2026-04-21,11.47,11.47,11.23,11.34,19310
2026-04-22,11.28,11.38,11.2,11.31,18747
2026-04-23,11.36,11.41,11.08,11.21,25811
2026-04-24,11.11,11.56,11.07,11.45,35069
2026-04-27,11.16,11.7,11.15,11.64,48153
2026-04-28,11.7,11.79,11.35,11.36,30454
2026-04-29,11.32,11.75,11.32,11.73,36375
