date,action,code,shares,price,reason,pnl_pct
2021-06-07,BUY,DDOG,149,90.66531,动量轮换,
2021-06-07,BUY,NEM,218,62.03210681533813,动量轮换,
2021-06-07,BUY,NVDA,772,17.578785,动量轮换,
2021-06-07,BUY,CRWD,63,215.51770499999998,动量轮换,
2021-06-07,BUY,RTX,169,80.07002904510497,动量轮换,
2021-06-07,BUY,COP,275,49.262618999999994,动量轮换,
2021-06-07,BUY,PLTR,554,24.47223,动量轮换,
2021-06-08,SELL,COP,275,49.781097,调出Top7,1.052477538800787
2021-06-08,BUY,CRM,58,233.11570614624023,动量轮换,
2021-06-09,SELL,NEM,218,60.652893550872804,调出Top7,-2.2233861386831086
2021-06-09,SELL,RTX,169,79.88209707641602,调出Top7,-0.2347095048299429
2021-06-09,BUY,SNPS,52,256.18802755737295,动量轮换,
2021-06-09,BUY,AMT,58,229.5762328262329,动量轮换,
2021-06-14,SELL,AMT,58,232.7224630050659,调出Top7,1.3704511743662824
2021-06-14,BUY,AMAT,105,133.52763743591308,动量轮换,
2021-06-17,SELL,AMAT,105,131.75347202301026,调出Top7,-1.3286877885144437
2021-06-17,BUY,AMT,61,232.83523150634764,动量轮换,
2021-06-23,SELL,AMT,61,228.03691022491455,调出Top7,-2.060822690101466
2021-06-23,BUY,NOW,132,110.09502,动量轮换,
2021-06-28,SELL,CRM,58,240.91076487731928,调出Top7,3.343858232438867
2021-06-28,BUY,AMZN,86,172.28060103607177,动量轮换,
2021-06-30,SELL,SNPS,52,275.65211354064945,调出Top7,7.597578297806111
2021-06-30,SELL,AMZN,86,171.92199160766603,调出Top7,-0.2081542705615808
2021-06-30,BUY,MSFT,56,260.71029,动量轮换,
2021-06-30,BUY,AMD,156,93.97696530532836,动量轮换,
2021-07-01,SELL,AMD,156,93.26334255981448,调出Top7,-0.7593592144578715
2021-07-01,BUY,AAPL,108,133.99446924591064,动量轮换,
2021-07-02,SELL,MSFT,56,266.9394635,调出Top7,2.3893086460070303
2021-07-02,BUY,AMD,155,94.74734694671632,动量轮换,
2021-07-06,SELL,PLTR,554,24.66766,调出Top7,0.7985786338229158
2021-07-06,BUY,MSFT,55,267.215541,动量轮换,
2021-07-13,SELL,MSFT,55,270.140862,调出Top7,1.0947420906181702
2021-07-13,BUY,NFLX,273,54.095034793853756,动量轮换,
2021-07-15,SELL,DDOG,149,103.42826000000001,调出Top7,14.076993725604648
2021-07-15,BUY,MSFT,53,270.459162,动量轮换,
2021-07-19,SELL,NVDA,772,18.721634500000004,调出Top7,6.501299720088754
2021-07-19,SELL,CRWD,63,250.27480000000003,调出Top7,16.127257387043933
2021-07-19,BUY,ORCL,175,81.63413468170165,动量轮换,
2021-07-19,BUY,AMZN,80,177.5682472000122,动量轮换,
2021-07-20,SELL,AMD,155,87.06644561004639,调出Top7,-8.106719168600565
2021-07-20,SELL,AMZN,80,178.5701703720093,调出Top7,0.5642468109000048
2021-07-20,BUY,AMT,59,244.48944742584226,动量轮换,
2021-07-20,BUY,SNPS,52,278.0289596557617,动量轮换,
2021-07-21,SELL,SNPS,52,278.0808912200928,调出Top7,0.018678473061001687
2021-07-21,BUY,GOOGL,113,126.57025349999999,动量轮换,
2021-07-22,SELL,NFLX,273,51.15140963935852,调出Top7,-5.441581035510657
2021-07-22,BUY,PLD,130,110.95735982894897,动量轮换,
2021-08-04,SELL,AAPL,108,143.30006400299072,调出Top7,6.944760339325784
2021-08-04,BUY,AMD,123,118.82938164138794,动量轮换,
2021-08-05,SELL,AMT,59,244.038030418396,调出Top7,-0.18463660178346758
2021-08-05,BUY,DDOG,110,132.536235,动量轮换,
2021-08-06,SELL,ORCL,175,83.93404805374146,调出Top7,2.817342746398141
2021-08-06,BUY,LIN,50,286.87667353820797,动量轮换,
2021-08-09,SELL,MSFT,53,277.207327,调出Top7,2.4950772420126146
2021-08-09,BUY,SNPS,49,291.5456938934326,动量轮换,
2021-08-13,SELL,NOW,132,117.51121499999999,调出Top7,6.736176622702813
2021-08-13,BUY,FCX,416,35.33766,动量轮换,
2021-08-17,SELL,PLD,130,116.86948402404786,调出Top7,5.3282848512374335
2021-08-17,BUY,PLTR,602,23.981984999999998,动量轮换,
2021-08-19,SELL,FCX,416,29.635175,调出Top7,-16.137132453026034
2021-08-19,BUY,PLD,124,116.17497893142699,动量轮换,
2021-08-26,SELL,AMD,123,107.21636164474488,调出Top7,-9.77285233351604
2021-08-26,BUY,MSFT,50,288.388122,动量轮换,
2021-08-27,SELL,GOOGL,113,142.756586,调出Top7,12.788417540777072
2021-08-27,SELL,PLD,124,114.45503480911256,调出Top7,-1.480477240567987
2021-08-27,BUY,NVDA,657,22.5882885,动量轮换,
2021-08-27,BUY,CRM,56,262.80485971069334,动量轮换,
2021-08-31,SELL,LIN,50,294.7603524932862,调出Top7,2.748107351442854
2021-08-31,BUY,NFLX,262,56.94745821762085,动量轮换,
2021-09-03,SELL,MSFT,50,290.0738905,调出Top7,0.5845485203443971
2021-09-03,BUY,NOW,111,135.79786499999997,动量轮换,
2021-09-08,SELL,DDOG,110,139.500215,调出Top7,5.254397033384864
2021-09-08,BUY,LITE,169,88.214085,动量轮换,
2021-09-13,SELL,CRM,56,250.30802617645267,调出Top7,-4.755175968967128
2021-09-13,BUY,AMT,57,254.51953015136718,动量轮换,
2021-09-15,SELL,AMT,57,256.55232373046874,调出Top7,0.7986788196145999
2021-09-15,BUY,TSM,134,110.57626049999999,动量轮换,
2021-09-17,SELL,LITE,169,85.33731,调出Top7,-3.2611288775482907
2021-09-17,BUY,AMAT,109,135.47493017578125,动量轮换,
2021-09-20,SELL,NVDA,657,21.051469,调出Top7,-6.803611969096286
2021-09-20,BUY,AMZN,85,167.8703922729492,动量轮换,
2021-09-21,SELL,SNPS,49,317.7410438995361,调出Top7,8.984989507572214
2021-09-21,SELL,AMZN,85,167.0979125442505,调出Top7,-0.4601643674262007
2021-09-21,BUY,EOG,250,57.4749473247528,动量轮换,
2021-09-21,BUY,DDOG,98,145.45269,动量轮换,
2021-09-22,SELL,TSM,134,105.32930900000001,调出Top7,-4.745097615233589
2021-09-22,BUY,COP,283,51.781878,动量轮换,
2021-09-24,SELL,NFLX,262,59.2093789138794,调出Top7,3.9719432035311795
2021-09-24,BUY,AVGO,323,46.400401130676265,动量轮换,
2021-09-28,SELL,NOW,111,122.43875000000001,调出Top7,-9.837500022551874
2021-09-28,BUY,OKE,317,45.56861795425415,动量轮换,
2021-09-30,SELL,AMAT,109,123.7376226387024,调出Top7,-8.663822540339732
2021-09-30,SELL,PLTR,602,24.02798,调出Top7,0.1917897955486226
2021-09-30,BUY,XOM,285,50.0452089214325,动量轮换,
2021-09-30,BUY,NFLX,233,61.06451739692688,动量轮换,
2021-10-01,SELL,AVGO,323,44.741019330978396,调出Top7,-3.576222962005423
2021-10-01,BUY,CVX,168,86.95685544204711,动量轮换,
2021-10-04,SELL,NFLX,233,60.304831584930426,调出Top7,-1.244070770359821
2021-10-04,BUY,RTX,184,79.39173443984986,动量轮换,
2021-10-06,SELL,DDOG,98,143.238345,调出Top7,-1.5223816073803658
2021-10-06,BUY,CRM,54,271.4226918640136,动量轮换,
2021-10-14,SELL,CRM,54,285.68072709655763,调出Top7,5.253074138579214
2021-10-14,BUY,NFLX,241,63.41169106864929,动量轮换,
2021-10-18,SELL,RTX,184,82.1252681427002,调出Top7,3.443096088197147
2021-10-18,BUY,ORCL,169,90.89349990463256,动量轮换,
2021-10-21,SELL,NFLX,241,65.2833438911438,调出Top7,2.9515895112594706
2021-10-21,BUY,FCX,434,35.73786,动量轮换,
2021-10-26,SELL,XOM,285,55.9619685497284,调出Top7,11.822829309364662
2021-10-26,SELL,ORCL,169,91.24486682891846,调出Top7,0.386569913860243
2021-10-26,BUY,AMD,129,122.99146530532836,动量轮换,
2021-10-26,BUY,PLD,124,128.19336763000487,动量轮换,
2021-10-28,SELL,CVX,168,94.18890493774416,调出Top7,8.316825003540842
2021-10-28,BUY,DDOG,97,161.0805,动量轮换,
2021-10-29,SELL,COP,283,62.7196245,调出Top7,21.122730427042455
2021-10-29,BUY,CRWD,55,281.9409,动量轮换,
2021-11-01,SELL,OKE,317,50.825907951354985,调出Top7,11.537084583909415
2021-11-01,BUY,NVDA,610,25.7778825,动量轮换,
2021-11-02,SELL,EOG,250,74.14417615127564,调出Top7,29.002599571489977
2021-11-02,BUY,MSFT,49,321.2095245,动量轮换,
2021-11-04,SELL,CRWD,55,279.48019,调出Top7,-0.8727751099609904
2021-11-04,BUY,SNPS,47,341.89086122131346,动量轮换,
2021-11-08,SELL,FCX,434,36.711635,调出Top7,2.724771432872599
2021-11-08,BUY,AVGO,333,51.3655709209442,动量轮换,
2021-11-09,SELL,AVGO,333,51.208658679962156,调出Top7,-0.30548135291544964
2021-11-09,BUY,AMAT,114,150.37907652282715,动量轮换,
2021-11-11,SELL,PLD,124,130.41230029296875,调出Top7,1.730926259280607
2021-11-11,BUY,AVGO,331,51.039339008331304,动量轮换,
2021-11-16,SELL,MSFT,49,327.034401,调出Top7,1.8134196079855087
2021-11-16,BUY,MU,230,75.05401063156127,动量轮换,
2021-11-19,SELL,SNPS,47,357.77103720092776,调出Top7,4.6448085575866624
2021-11-19,BUY,LRCX,287,61.40527912330627,动量轮换,
2021-11-22,SELL,AVGO,331,50.79370131492615,调出Top7,-0.48127130597254475
2021-11-22,BUY,SNPS,49,348.14398622131347,动量轮换,
2021-12-01,SELL,SNPS,49,334.582625,调出Top7,-3.8953311727443047
2021-12-01,SELL,AMAT,114,146.02329582214355,调出Top7,-2.8965337475140034
2021-12-01,BUY,AAPL,106,161.3142746658325,动量轮换,
2021-12-02,SELL,DDOG,97,169.35528,调出Top7,5.137046383640474
2021-12-02,BUY,PLD,126,135.37317949676512,动量轮换,
2021-12-09,SELL,AMD,129,138.03095610046387,调出Top7,12.228076767603117
2021-12-09,BUY,CVX,172,99.60528159713745,动量轮换,
2021-12-13,SELL,NVDA,610,28.081952,调出Top7,8.938164335259115
2021-12-13,BUY,AVGO,296,57.12841107559204,动量轮换,
2021-12-13,BUY,SNPS,46,362.4111259918213,动量轮换,
2021-12-15,SELL,SNPS,46,361.11933779907235,调出Top7,-0.356442752471699
2021-12-15,BUY,OKE,363,47.24384021759033,动量轮换,
2021-12-16,SELL,OKE,363,46.20609910774231,调出Top7,-2.1965638378855536
2021-12-16,BUY,LITE,163,102.81138,动量轮换,
2021-12-17,SELL,CVX,172,95.68180282974244,调出Top7,-3.9390268311914167
2021-12-27,SELL,MU,230,92.17898510742188,调出Top7,22.81686792185802
2021-12-27,BUY,AMT,71,249.25724150848387,动量轮换,
2021-12-27,BUY,NEM,333,53.22021558380127,动量轮换,
2021-12-28,SELL,LRCX,287,68.30844191360474,调出Top7,11.241969564923584
2021-12-28,BUY,LIN,54,324.61568742370605,动量轮换,
2021-12-31,SELL,LIN,54,326.7815043182373,调出Top7,0.6671941555628841
2021-12-31,BUY,FCX,455,39.049515,动量轮换,
2022-01-03,SELL,AAPL,106,178.01461637878418,调出Top7,10.352674459558497
2022-01-03,BUY,MU,188,93.6607825126648,动量轮换,
2022-01-06,SELL,AMT,71,230.87450500000003,调出Top7,-7.375005996709692
2022-01-06,SELL,PLD,126,137.70111500000002,调出Top7,1.7196430724968867
2022-01-06,BUY,LIN,53,319.1580038909912,动量轮换,
2022-01-06,BUY,EOG,218,78.15906,动量轮换,
2022-01-10,SELL,LIN,53,316.40540834045413,调出Top7,-0.862455434919073
2022-01-10,BUY,CAT,83,205.40265,动量轮换,
2022-01-12,SELL,AVGO,296,57.46779942512512,调出Top7,0.5940797987257236
2022-01-12,BUY,COP,246,71.637801,动量轮换,
2022-01-13,SELL,NEM,333,54.172900000000006,调出Top7,1.7900799644425074
2022-01-13,SELL,LITE,163,105.26734,调出Top7,2.3888017065815133
2022-01-13,BUY,XOM,288,60.900434999999995,动量轮换,
2022-01-13,BUY,TSM,135,129.2635995,动量轮换,
2022-01-19,SELL,MU,188,87.94824478530884,调出Top7,-6.099177877980575
2022-01-19,BUY,GE,285,61.340655,动量轮换,
2022-01-21,SELL,GE,285,58.65066,调出Top7,-4.385337913330068
2022-01-21,BUY,CVX,156,106.983465,动量轮换,
2022-01-25,SELL,FCX,455,37.061460000000004,调出Top7,-5.091113167474668
2022-01-25,BUY,GE,307,55.54776,动量轮换,
2022-01-26,SELL,GE,307,54.402785,调出Top7,-2.0612442337908767
2022-01-26,SELL,TSM,135,113.03245550000001,调出Top7,-12.556623877706565
2022-01-26,BUY,RTX,210,81.050505,动量轮换,
2022-01-26,BUY,NEM,311,54.557265,动量轮换,
2022-01-31,SELL,CAT,83,187.5062,调出Top7,-8.712862273198514
2022-01-31,BUY,LIN,56,300.90614570617674,动量轮换,
2022-02-01,SELL,NEM,311,54.182895,调出Top7,-0.6861964213198718
2022-02-09,SELL,LIN,56,286.89944726562504,调出Top7,-4.6548396037841995
2022-02-09,BUY,NEM,314,55.84791,动量轮换,
2022-02-11,SELL,NEM,314,56.421775000000004,调出Top7,1.0275496433080575
2022-02-11,BUY,DDOG,105,167.4837,动量轮换,
2022-02-18,SELL,RTX,210,84.95750000000001,调出Top7,4.820444980571076
2022-02-18,BUY,NOW,154,111.2556,动量轮换,
2022-02-23,SELL,COP,246,75.30233000000001,调出Top7,5.1153566257568635
2022-02-23,BUY,RTX,200,84.02199,动量轮换,
2022-02-23,BUY,OKE,343,48.96446999999999,动量轮换,
2022-02-24,SELL,EOG,218,90.664645,调出Top7,16.00017323647444
2022-02-24,BUY,MU,198,86.89178996658325,动量轮换,
2022-02-25,SELL,XOM,288,67.796085,调出Top7,11.322825526615715
2022-02-25,SELL,NOW,154,115.991975,调出Top7,4.2572014352535925
2022-02-25,BUY,FCX,402,43.811895,动量轮换,
2022-02-25,BUY,NEM,293,60.05001,动量轮换,
2022-03-07,SELL,DDOG,105,130.044945,调出Top7,-22.353670834833473
2022-03-07,BUY,COP,204,86.8484025,动量轮换,
2022-03-08,SELL,MU,198,75.40097846603393,调出Top7,-13.224277581309392
2022-03-17,SELL,RTX,200,89.43526000000001,调出Top7,6.442682445393178
2022-03-17,BUY,CAT,85,206.453175,动量轮换,
2022-03-24,SELL,OKE,343,56.69164,调出Top7,15.781177658003873
2022-03-24,BUY,CRWD,81,223.5117,动量轮换,
2022-03-24,BUY,PLD,132,137.94894,动量轮换,
2022-03-25,SELL,FCX,402,49.35531,调出Top7,12.652762451840996
2022-03-25,BUY,ORCL,239,77.25860999999999,动量轮换,
2022-03-28,SELL,ORCL,239,78.95050499999999,调出Top7,2.1899112603760313
2022-03-28,BUY,PLTR,1369,13.42671,动量轮换,
2022-03-30,SELL,COP,204,86.87953850000001,调出Top7,0.03585097607293767
2022-03-30,BUY,NVDA,671,27.645816,动量轮换,
2022-03-31,SELL,CVX,156,138.57067999999998,调出Top7,29.52532431063061
2022-03-31,BUY,LIN,60,302.8244627838135,动量轮换,
2022-04-04,SELL,NEM,293,72.293835,调出Top7,20.389380451393766
2022-04-04,BUY,AMZN,111,168.43066983032224,动量轮换,
2022-04-05,SELL,PLD,132,146.996465,调出Top7,6.558604219793213
2022-04-05,BUY,META,79,230.10699599999998,动量轮换,
2022-04-06,SELL,CAT,85,201.13938000000002,调出Top7,-2.5738499783304234
2022-04-06,BUY,PLD,117,150.53523,动量轮换,
2022-04-11,SELL,NVDA,671,21.8600645,调出Top7,-20.928127062699108
2022-04-11,BUY,AMT,74,229.724805,动量轮换,
2022-04-12,SELL,AMZN,111,150.71211235046388,调出Top7,-10.519792801220888
2022-04-12,BUY,AAPL,104,164.3527957305908,动量轮换,
2022-04-13,SELL,AAPL,104,166.87179885101318,调出Top7,1.5326804203267494
2022-04-13,BUY,NEM,232,75.07752,动量轮换,
2022-04-14,SELL,PLTR,1369,12.41379,调出Top7,-7.5440670126933504
2022-04-14,BUY,OKE,299,57.44871,动量轮换,
2022-04-18,SELL,LIN,60,300.7318220520019,调出Top7,-0.6910408467579806
2022-04-18,BUY,XOM,222,77.19857999999999,动量轮换,
2022-04-19,SELL,META,79,215.470211,调出Top7,-6.360860492916077
2022-04-19,BUY,CVX,118,146.383155,动量轮换,
2022-04-22,SELL,CRWD,81,205.51719000000003,调出Top7,-8.05081344734972
2022-04-22,BUY,RTX,179,92.03599499999999,动量轮换,
2022-04-25,SELL,CVX,118,134.02295500000002,调出Top7,-8.443731111001101
2022-04-25,BUY,GE,294,54.847409999999996,动量轮换,
2022-04-26,SELL,NEM,232,64.17789499999999,调出Top7,-14.517827706615794
2022-04-26,SELL,OKE,299,52.53372,调出Top7,-8.555440148264418
2022-04-26,SELL,RTX,179,90.7546,调出Top7,-1.392275924218551
2022-04-26,BUY,ORCL,223,70.71534,动量轮换,
2022-04-26,BUY,TSM,189,83.29662749999999,动量轮换,
2022-04-26,BUY,AVGO,303,52.148001583099365,动量轮换,
2022-04-27,SELL,TSM,189,80.70462750000002,调出Top7,-3.111770641614477
2022-04-27,BUY,AAPL,102,153.48154861450195,动量轮换,
2022-04-28,SELL,GE,294,47.386295,调出Top7,-13.603404426936477
2022-04-28,BUY,COP,192,83.833896,动量轮换,
2022-04-29,SELL,COP,192,81.960999,调出Top7,-2.2340569738044795
2022-04-29,BUY,LIN,52,295.7428903198242,动量轮换,
2022-05-02,SELL,AMT,74,207.61614,调出Top7,-9.623978133314774
2022-05-02,BUY,OKE,296,52.18608,动量轮换,
2022-05-03,SELL,PLD,117,134.69262,调出Top7,-10.524187593827708
2022-05-03,BUY,MSFT,57,272.760312,动量轮换,
2022-05-05,SELL,LIN,52,296.06280152893066,调出Top7,0.10817207093651664
2022-05-05,SELL,MSFT,57,268.20383100000004,调出Top7,-1.6705073280602358
2022-05-05,BUY,TSM,187,82.6763175,动量轮换,
2022-05-05,BUY,MU,221,69.82978116989135,动量轮换,
2022-05-06,SELL,OKE,296,53.55321,调出Top7,2.619721580927334
2022-05-06,BUY,MSFT,58,265.9359015,动量轮换,
2022-05-09,SELL,MU,221,66.47211078262329,调出Top7,-4.808364470023275
2022-05-09,BUY,AMT,73,202.691295,动量轮换,
2022-05-10,SELL,TSM,187,79.2653475,调出Top7,-4.125691737540187
2022-05-10,BUY,LIN,53,283.8167947540283,动量轮换,
2022-05-11,SELL,AMT,73,196.9015,调出Top7,-2.856459622501301
2022-05-11,SELL,AVGO,303,52.75072249794007,调出Top7,1.1557890936247077
2022-05-11,BUY,AMAT,148,100.33171885299681,动量轮换,
2022-05-11,BUY,RTX,178,83.351655,动量轮换,
2022-05-12,SELL,XOM,222,75.932015,调出Top7,-1.6406584162558246
2022-05-12,BUY,MU,223,66.32312301635741,动量轮换,
2022-05-16,SELL,MU,223,68.95759227371217,调出Top7,3.972173108773854
2022-05-16,BUY,TSM,186,80.9354475,动量轮换,
2022-05-17,SELL,TSM,186,83.76309750000001,调出Top7,3.4937102188753824
2022-05-17,SELL,AAPL,102,146.36464727783203,调出Top7,-4.636975194031539
2022-05-17,BUY,XOM,192,81.12053999999999,动量轮换,
2022-05-17,BUY,CAT,78,199.38964499999997,动量轮换,
2022-05-18,SELL,AMAT,148,107.38805920028689,调出Top7,7.033010525443927
2022-05-18,BUY,TSM,186,81.05550749999999,动量轮换,
2022-05-19,SELL,LIN,53,294.2539834899903,调出Top7,3.6774387312094854
2022-05-19,SELL,TSM,186,80.6546525,调出Top7,-0.4945438161620207
2022-05-19,BUY,COP,165,90.4802175,动量轮换,
2022-05-19,BUY,LITE,172,86.793375,动量轮换,
2022-05-20,SELL,ORCL,223,65.06745,调出Top7,-7.986796075646393
2022-05-20,SELL,RTX,178,82.90852500000001,调出Top7,-0.5316391138244133
2022-05-20,BUY,EOG,146,102.081015,动量轮换,
2022-05-20,BUY,TSM,184,81.3056325,动量轮换,
2022-05-23,SELL,TSM,184,81.9440075,调出Top7,0.7851547062252991
2022-05-23,BUY,RTX,181,84.60228,动量轮换,
2022-05-24,SELL,CAT,78,192.23383500000003,调出Top7,-3.5888573852468353
2022-05-24,SELL,MSFT,58,251.6371185,调出Top7,-5.376777982720015
2022-05-24,BUY,CVX,103,148.284105,动量轮换,
2022-05-24,BUY,AMD,168,91.20558366394043,动量轮换,
2022-05-27,SELL,RTX,181,89.01547000000001,调出Top7,5.216396059302438
2022-05-27,BUY,ORCL,233,69.07452,动量轮换,
2022-05-31,SELL,ORCL,233,68.18589,调出Top7,-1.2864801666374317
2022-05-31,BUY,LRCX,319,49.814357774734496,动量轮换,
2022-06-01,SELL,LITE,172,86.7566,调出Top7,-0.04237074546299365
2022-06-01,BUY,SNPS,50,317.0184153442383,动量轮换,
2022-06-06,SELL,LRCX,319,49.40379450416565,调出Top7,-0.8241866178932822
2022-06-06,BUY,AMT,69,234.49719,动量轮换,
2022-06-10,SELL,CVX,103,150.50471000000002,调出Top7,1.4975340748760673
2022-06-10,BUY,FCX,419,37.828905,动量轮换,
2022-06-13,SELL,AMD,168,86.94650286483765,调出Top7,-4.669758832744218
2022-06-13,BUY,CRWD,96,154.59726,动量轮换,
2022-06-15,SELL,AMT,69,211.51419,调出Top7,-9.800970322927952
2022-06-15,BUY,NOW,160,93.236595,动量轮换,
2022-06-17,SELL,FCX,419,31.404290000000003,调出Top7,-16.983349108307515
2022-06-17,BUY,CRM,86,160.97044499999998,动量轮换,
2022-06-21,SELL,EOG,146,99.660145,调出Top7,-2.371518347461566
2022-06-21,SELL,COP,165,85.671143,调出Top7,-5.315056299461254
2022-06-21,BUY,LITE,182,78.709335,动量轮换,
2022-06-21,BUY,AVGO,303,47.29478807258606,动量轮换,
2022-06-22,SELL,SNPS,50,301.08937023925785,调出Top7,-5.024643469901803
2022-06-22,SELL,XOM,192,77.30133000000001,调出Top7,-4.708067771738186
2022-06-22,BUY,TSM,188,75.89492849999999,动量轮换,
2022-06-22,BUY,GE,362,39.37968,动量轮换,
2022-06-23,SELL,GE,362,39.06046,调出Top7,-0.810621112208127
2022-06-23,BUY,AAPL,107,135.74168030548094,动量轮换,
2022-06-24,SELL,AVGO,303,47.746477672576916,调出Top7,0.9550515361177276
2022-06-24,SELL,AAPL,107,138.9306982650757,调出Top7,2.349328483644827
2022-06-24,BUY,NEM,262,57.6288,动量轮换,
2022-06-24,BUY,LIN,52,288.5228514404297,动量轮换,
2022-06-27,SELL,LIN,52,281.6090944976807,调出Top7,-2.3962597444994573
2022-06-27,BUY,PLTR,1553,9.624809999999998,动量轮换,
2022-06-28,SELL,NOW,160,94.642655,调出Top7,1.5080559301849352
2022-06-28,BUY,LIN,51,279.16960537719723,动量轮换,
2022-06-29,SELL,CRM,86,168.04593500000001,调出Top7,4.395521177816232
2022-06-29,BUY,AAPL,105,136.68413738250732,动量轮换,
2022-06-30,SELL,AAPL,105,134.08587762451174,调出Top7,-1.9009226730709867
2022-06-30,BUY,ORCL,211,66.31314,动量轮换,
2022-07-05,SELL,ORCL,211,68.25585500000001,调出Top7,2.9296079178274574
2022-07-05,SELL,TSM,188,67.0234715,调出Top7,-11.68913019003634
2022-07-05,BUY,AAPL,102,138.97155065917968,动量轮换,
2022-07-05,BUY,SNPS,46,303.0614586639404,动量轮换,
2022-07-07,SELL,AAPL,102,143.53032601165773,调出Top7,3.280365895648819
2022-07-07,BUY,AVGO,310,46.803785705566405,动量轮换,
2022-07-11,SELL,SNPS,46,315.0324074401856,调出Top7,3.950006981758622
2022-07-11,BUY,XOM,188,75.427695,动量轮换,
2022-07-12,SELL,XOM,188,74.34281,调出Top7,-1.4383112197714645
2022-07-12,BUY,DDOG,143,97.36865999999999,动量轮换,
2022-07-14,SELL,LIN,51,255.70675368499758,调出Top7,-8.404515119222255
2022-07-14,SELL,LITE,182,79.04046,调出Top7,0.42069342854948544
2022-07-14,BUY,ORCL,206,66.21309000000001,动量轮换,
2022-07-14,BUY,AAPL,93,145.75516843414306,动量轮换,
2022-07-15,SELL,NEM,262,49.09544,调出Top7,-14.807457382419893
2022-07-15,SELL,AVGO,310,46.37435371398926,调出Top7,-0.9175155067126848
2022-07-15,BUY,PLD,128,107.843895,动量轮换,
2022-07-15,BUY,AMT,61,226.923405,动量轮换,
2022-07-19,SELL,DDOG,143,92.91352,调出Top7,-4.575537960571693
2022-07-19,BUY,AMZN,118,118.26910408401488,动量轮换,
2022-07-21,SELL,ORCL,206,70.99448500000001,调出Top7,7.221223175054966
2022-07-21,SELL,AMT,61,225.10739,调出Top7,-0.8002766396000418
2022-07-21,BUY,NFLX,652,22.39919448852539,动量轮换,
2022-07-21,BUY,MU,233,62.45853223228454,动量轮换,
2022-07-22,SELL,CRWD,96,183.43823500000002,调出Top7,18.65555379183306
2022-07-22,BUY,ORCL,199,71.405685,动量轮换,
2022-07-25,SELL,PLTR,1553,9.67516,调出Top7,0.5231272097838989
2022-07-25,BUY,SNPS,41,337.8388484344482,动量轮换,
2022-07-28,SELL,AMZN,118,122.21885877990724,调出Top7,3.339633564051151
2022-07-28,BUY,OKE,296,49.32464999999999,动量轮换,
2022-08-01,SELL,MU,233,61.31761153221131,调出Top7,-1.8266850969698163
2022-08-01,SELL,OKE,296,49.015480000000004,调出Top7,-0.6268062723202041
2022-08-01,SELL,PLD,128,116.611665,调出Top7,8.130056875264009
2022-08-01,BUY,AMD,151,96.82838877868652,动量轮换,
2022-08-01,BUY,AMZN,108,135.45769438934326,动量轮换,
2022-08-01,BUY,AMAT,142,102.9772746734619,动量轮换,
2022-08-02,SELL,ORCL,199,72.71362500000001,调出Top7,1.831702895924886
2022-08-02,BUY,NVDA,789,18.5002455,动量轮换,
2022-08-03,SELL,AAPL,93,162.92923681640625,调出Top7,11.782819481988382
2022-08-03,BUY,LRCX,295,50.429945566177366,动量轮换,
2022-08-04,SELL,AMZN,108,142.49872232055665,调出Top7,5.197953473927816
2022-08-04,BUY,GE,337,45.002489999999995,动量轮换,
2022-08-05,SELL,GE,337,45.387295,调出Top7,0.8550749080773248
2022-08-05,BUY,AMZN,107,140.8704030532837,动量轮换,
2022-08-08,SELL,AMZN,107,139.34029866027834,调出Top7,-1.086178757099604
2022-08-08,BUY,GE,323,45.93295499999999,动量轮换,
2022-08-10,SELL,NVDA,789,18.0539685,调出Top7,-2.4122760965523327
2022-08-10,BUY,AMZN,104,142.76134744262694,动量轮换,
2022-08-12,SELL,AMAT,142,106.72245283889771,调出Top7,3.6368977304086356
2022-08-12,BUY,LITE,162,94.317135,动量轮换,
2022-08-15,SELL,LITE,162,96.14190500000001,调出Top7,1.9347173766463701
2022-08-15,BUY,FCX,544,28.264125,动量轮换,
2022-08-16,SELL,FCX,544,29.12543,调出Top7,3.0473435848447514
2022-08-16,BUY,DDOG,135,113.59677,动量轮换,
2022-08-18,SELL,LRCX,295,48.3113196220398,调出Top7,-4.201126771706257
2022-08-18,BUY,AAPL,88,171.20306668853758,动量轮换,
2022-08-22,SELL,AMD,151,92.79357633972168,调出Top7,-4.166972609847828
2022-08-22,BUY,COP,154,92.1870705,动量轮换,
2022-08-23,SELL,SNPS,41,358.82050000000004,调出Top7,6.210550285374583
2022-08-23,BUY,OKE,267,53.78688,动量轮换,
2022-08-24,SELL,NFLX,652,22.949519942283633,调出Top7,2.4568984123074773
2022-08-24,BUY,EOG,137,105.85289999999999,动量轮换,
2022-08-26,SELL,AMZN,104,130.684625,调出Top7,-8.459378297392671
2022-08-26,BUY,FCX,482,29.95497,动量轮换,
2022-08-29,SELL,GE,323,46.41678,调出Top7,1.0533287048482083
2022-08-29,SELL,DDOG,135,105.23735500000001,调出Top7,-7.358849199673545
2022-08-29,BUY,CRWD,75,192.146025,动量轮换,
2022-08-29,BUY,CVX,101,142.69131,动量轮换,
2022-08-30,SELL,AAPL,88,156.06484236145022,调出Top7,-8.842262361238937
2022-08-30,BUY,XOM,164,85.6428,动量轮换,
2022-09-01,SELL,CRWD,75,172.88351500000002,调出Top7,-10.02493286030767
2022-09-01,BUY,NEM,365,36.73836,动量轮换,
2022-09-02,SELL,FCX,482,26.036975,调出Top7,-13.07961583670422
2022-09-02,BUY,LIN,51,265.3381691894531,动量轮换,
2022-09-06,SELL,LIN,51,264.3379797363281,调出Top7,-0.37694895392559186
2022-09-06,BUY,AMT,60,224.26207499999998,动量轮换,
2022-09-07,SELL,OKE,267,50.064955000000005,调出Top7,-6.91976370445728
2022-09-07,BUY,ORCL,190,71.01549,动量轮换,
2022-09-12,SELL,NEM,365,39.950015,调出Top7,8.741966162888055
2022-09-12,BUY,LIN,50,281.3898006134033,动量轮换,
2022-09-13,SELL,CVX,101,138.02095500000001,调出Top7,-3.2730479522543967
2022-09-13,BUY,RTX,178,77.588775,动量轮换,
2022-09-14,SELL,LIN,50,273.52982316589356,调出Top7,-2.7932702004037493
2022-09-14,BUY,GE,327,42.78138,动量轮换,
2022-09-15,SELL,GE,327,42.05896,调出Top7,-1.6886318300157677
2022-09-15,BUY,CAT,79,171.94593,动量轮换,
2022-09-16,SELL,XOM,164,82.79858,调出Top7,-3.321026402686499
2022-09-16,BUY,LIN,50,270.7364052886963,动量轮换,
2022-09-21,SELL,ORCL,190,63.568200000000004,调出Top7,-10.48685293870393
2022-09-21,BUY,AVGO,288,45.64367911720276,动量轮换,
2022-09-22,SELL,EOG,137,102.25884500000001,调出Top7,-3.3953297453352564
2022-09-22,BUY,AAPL,87,150.1553929595947,动量轮换,
2022-09-23,SELL,AMT,60,201.67911,调出Top7,-10.069899246227868
2022-09-23,BUY,OKE,289,43.791885,动量轮换,
2022-09-26,SELL,CAT,79,153.06342999999998,调出Top7,-10.981649870979803
2022-09-26,SELL,COP,154,86.6816375,调出Top7,-5.9720229421977455
2022-09-26,SELL,OKE,289,41.939020000000006,调出Top7,-4.2310692951445095
2022-09-26,BUY,XOM,167,74.67732,动量轮换,
2022-09-26,BUY,TSM,193,64.424196,动量轮换,
2022-09-26,BUY,NFLX,557,22.418203087806695,动量轮换,
2022-09-27,SELL,TSM,193,64.379794,调出Top7,-0.0689213102480797
2022-09-27,BUY,CVX,102,122.22107999999999,动量轮换,
2022-09-28,SELL,NFLX,557,24.50774045753479,调出Top7,9.320717461358884
2022-09-28,BUY,GOOGL,129,99.2826165,动量轮换,
2022-09-29,SELL,GOOGL,129,96.575688,调出Top7,-2.7264878741385745
2022-09-29,SELL,CVX,102,125.347295,调出Top7,2.557836176869012
2022-09-29,BUY,NFLX,528,23.98298617172241,动量轮换,
2022-09-29,BUY,MSFT,54,230.9123985,动量轮换,
2022-10-03,SELL,XOM,167,81.65915000000001,调出Top7,9.349331229347834
2022-10-03,BUY,CRM,87,145.82287499999998,动量轮换,
2022-10-04,SELL,AVGO,288,45.38242591476441,调出Top7,-0.5723754252314042
2022-10-04,BUY,PLTR,1563,8.46423,动量轮换,
2022-10-05,SELL,LIN,50,270.8762738952637,调出Top7,0.05166228251359734
2022-10-05,SELL,CRM,87,153.88302000000002,调出Top7,5.527352961598128
2022-10-05,BUY,SNPS,40,321.5306801147461,动量轮换,
2022-10-05,BUY,GOOGL,130,100.65130049999999,动量轮换,
2022-10-11,SELL,NFLX,528,21.418286354064943,调出Top7,-10.693830198182008
2022-10-11,BUY,AVGO,302,40.7795844669342,动量轮换,
2022-10-12,SELL,AVGO,302,40.72085558319092,调出Top7,-0.1440154050390213
2022-10-12,BUY,LIN,47,259.49079505920406,动量轮换,
2022-10-13,SELL,SNPS,40,287.2862776794434,调出Top7,-10.650430753009859
2022-10-13,BUY,CRM,88,143.401665,动量轮换,
2022-10-14,SELL,LIN,47,262.81072860717774,调出Top7,1.2794032047326447
2022-10-14,SELL,RTX,178,76.46175000000001,调出Top7,-1.4525619202004272
2022-10-14,BUY,COP,116,105.12353549999999,动量轮换,
2022-10-14,BUY,SNPS,44,277.7487903442383,动量轮换,
2022-10-17,SELL,SNPS,44,289.1153797607422,调出Top7,4.092399251286143
2022-10-17,BUY,XOM,141,89.474715,动量轮换,
2022-10-18,SELL,CRM,88,151.22435000000002,调出Top7,5.455086591916493
2022-10-18,BUY,MU,247,51.683230739593505,动量轮换,
2022-10-19,SELL,GOOGL,130,98.766592,调出Top7,-1.8725128146754428
2022-10-19,BUY,EOG,113,113.16655499999999,动量轮换,
2022-10-20,SELL,MSFT,54,229.37025750000004,调出Top7,-0.667846772203511
2022-10-20,SELL,AAPL,87,140.8227113800049,调出Top7,-6.215348909979633
2022-10-20,BUY,CVX,87,146.443185,动量轮换,
2022-10-20,BUY,CAT,75,170.10501,动量轮换,
2022-10-21,SELL,PLTR,1563,8.285855,调出Top7,-2.1073978377241738
2022-10-21,BUY,GE,297,44.54226,动量轮换,
2022-10-26,SELL,MU,247,54.4808941192627,调出Top7,5.413096936151789
2022-10-26,BUY,NFLX,450,29.876930511474608,动量轮换,
2022-10-31,SELL,GE,297,47.546215000000004,调出Top7,6.744056094145212
2022-10-31,BUY,ORCL,184,74.807385,动量轮换,
2022-11-01,SELL,EOG,113,118.48073000000001,调出Top7,4.695888286075352
2022-11-01,BUY,GE,288,47.833905,动量轮换,
2022-11-08,SELL,COP,116,120.001969,调出Top7,14.1532849225757
2022-11-08,BUY,RTX,157,89.214585,动量轮换,
2022-11-09,SELL,XOM,141,96.741605,调出Top7,8.121724668248458
2022-11-09,BUY,FCX,429,31.945964999999998,动量轮换,
2022-11-10,SELL,RTX,157,90.57469,调出Top7,1.5245321154607223
2022-11-10,SELL,NFLX,450,27.483251240730283,调出Top7,-8.01179783118953
2022-11-10,BUY,LRCX,304,46.83521926116943,动量轮换,
2022-11-10,BUY,NVDA,906,15.7328625,动量轮换,
2022-11-11,SELL,CVX,87,161.44923500000002,调出Top7,10.247011494594314
2022-11-11,BUY,AMAT,136,107.24797890472414,动量轮换,
2022-11-15,SELL,ORCL,184,75.792085,调出Top7,1.3163138906673502
2022-11-15,BUY,OKE,265,55.017495,动量轮换,
2022-11-18,SELL,OKE,265,54.312830000000005,调出Top7,-1.280801679538466
2022-11-18,BUY,AMD,190,73.60678469467163,动量轮换,
2022-11-22,SELL,GE,288,53.343315,调出Top7,11.517792661920442
2022-11-22,BUY,TSM,194,73.95896099999999,动量轮换,
2022-11-28,SELL,CAT,75,220.10989,调出Top7,29.396476917405323
2022-11-28,BUY,LIN,43,322.65569302368164,动量轮换,
2022-11-30,SELL,LRCX,304,45.532443946838384,调出Top7,-2.7816146371949633
2022-11-30,BUY,AVGO,282,52.165420566558836,动量轮换,
2022-12-01,SELL,LIN,43,323.0364295501709,调出Top7,0.11800087050109102
2022-12-01,BUY,SNPS,41,358.01891633605953,动量轮换,
2022-12-02,SELL,AVGO,282,51.14578577423096,调出Top7,-1.9546181766653385
2022-12-02,BUY,META,118,122.567253,动量轮换,
2022-12-06,SELL,AMAT,136,101.74638834381102,调出Top7,-5.129784837997332
2022-12-06,BUY,AVGO,277,49.77881373596191,动量轮换,
2022-12-09,SELL,AMD,190,68.55570133972168,调出Top7,-6.862252407712625
2022-12-09,BUY,NFLX,437,32.01699995040893,动量轮换,
2022-12-12,SELL,SNPS,41,334.1728263397217,调出Top7,-6.66056705617039
2022-12-12,BUY,NEM,330,42.72135,动量轮换,
2022-12-14,SELL,NEM,330,43.32832500000001,调出Top7,1.420776731072416
2022-12-14,BUY,RTX,154,93.16656,动量轮换,
2022-12-15,SELL,META,118,115.16638800000001,调出Top7,-6.038207448444637
2022-12-15,BUY,MSFT,56,242.783331,动量轮换,
2022-12-16,SELL,TSM,194,68.0949355,调出Top7,-7.928755921814509
2022-12-16,BUY,PLD,135,101.340645,动量轮换,
2022-12-19,SELL,MSFT,56,234.20284,调出Top7,-3.534217511827447
2022-12-19,SELL,NFLX,437,28.8155849237442,调出Top7,-9.999109946663944
2022-12-19,BUY,META,119,113.62378349999999,动量轮换,
2022-12-19,BUY,NEM,322,41.980979999999995,动量轮换,
2022-12-21,SELL,PLD,135,102.778585,调出Top7,1.4189173554204355
2022-12-21,BUY,CVX,91,152.586255,动量轮换,
2022-12-23,SELL,FCX,429,35.982,调出Top7,12.633942972140618
2022-12-23,SELL,NVDA,906,15.178407,调出Top7,-3.5241870320801416
2022-12-23,BUY,TSM,205,66.7523595,动量轮换,
2022-12-23,BUY,XOM,140,97.418685,动量轮换,
2022-12-27,SELL,XOM,140,98.67064,调出Top7,1.2851282071812091
2022-12-27,BUY,GE,271,50.72535,动量轮换,
2022-12-28,SELL,CVX,91,154.42275,调出Top7,1.2035782646346578
2022-12-28,BUY,LIN,43,312.4774191741943,动量轮换,
2022-12-29,SELL,RTX,154,93.423265,调出Top7,0.27553341027080597
2022-12-29,BUY,AMT,71,193.13652,动量轮换,
2022-12-30,SELL,GE,271,51.254360000000005,调出Top7,1.0428907834051548
2022-12-30,SELL,AMT,71,189.475215,调出Top7,-1.895708279304193
2022-12-30,BUY,CAT,60,227.21354999999997,动量轮换,
2022-12-30,BUY,LITE,263,52.196085,动量轮换,
2023-01-03,SELL,META,119,123.684127,调出Top7,8.854082472971001
2023-01-03,BUY,SNPS,43,319.83983267211914,动量轮换,
2023-01-04,SELL,LITE,263,53.09344,调出Top7,1.7191998212126536
2023-01-04,BUY,META,111,126.4181775,动量轮换,
2023-01-05,SELL,META,111,125.865036,调出Top7,-0.43754902256836864
2023-01-05,BUY,MSFT,64,216.75032099999999,动量轮换,
2023-01-09,SELL,TSM,205,72.1029305,调出Top7,8.015553367817661
2023-01-09,SELL,MSFT,64,221.21933500000003,调出Top7,2.0618257815636842
2023-01-09,BUY,META,111,128.50221899999997,动量轮换,
2023-01-09,BUY,ORCL,173,83.12154,动量轮换,
2023-01-10,SELL,SNPS,43,327.46618988037113,调出Top7,2.384430089441073
2023-01-10,SELL,LIN,43,308.44872583007816,调出Top7,-1.2892750313808499
2023-01-10,BUY,XOM,146,98.68932,动量轮换,
2023-01-10,BUY,GE,245,59.059515,动量轮换,
2023-01-13,SELL,XOM,146,101.32931,调出Top7,2.675051363207297
2023-01-13,SELL,AVGO,277,55.21542428398133,调出Top7,10.921534966374306
2023-01-13,BUY,CRM,101,147.41367,动量轮换,
2023-01-13,BUY,FCX,346,43.12155,动量轮换,
2023-01-20,SELL,CAT,60,237.72108000000003,调出Top7,4.6245173318228865
2023-01-20,BUY,TSM,178,82.90042949999999,动量轮换,
2023-01-23,SELL,ORCL,173,85.48723500000001,调出Top7,2.846067337058501
2023-01-23,BUY,LITE,250,60.330149999999996,动量轮换,
2023-01-24,SELL,NEM,322,49.10543500000001,调出Top7,16.970673385900024
2023-01-24,BUY,NFLX,412,36.40119091987609,动量轮换,
2023-01-26,SELL,LITE,250,59.840065,调出Top7,-0.8123384410613822
2023-01-26,BUY,MU,246,61.90472000312805,动量轮换,
2023-01-27,SELL,CRM,101,162.048935,调出Top7,9.928024314162997
2023-01-27,BUY,NVDA,754,20.3491695,动量轮换,
2023-01-30,SELL,FCX,346,42.008985,调出Top7,-2.580067274947205
2023-01-30,BUY,CRM,92,162.44118,动量轮换,
2023-02-02,SELL,MU,246,62.207207862854005,调出Top7,0.488634565685254
2023-02-02,BUY,AMZN,143,112.96645866394043,动量轮换,
2023-02-03,SELL,GE,245,64.24786,调出Top7,8.784943459153034
2023-02-03,SELL,NFLX,412,36.5717051525116,调出Top7,0.46843036814600153
2023-02-03,BUY,NOW,167,94.48722,动量轮换,
2023-02-03,BUY,PLTR,1878,8.414204999999999,动量轮换,
2023-02-06,SELL,AMZN,143,102.1289103050232,调出Top7,-9.59359838937453
2023-02-06,BUY,AMD,186,83.72184030532837,动量轮换,
2023-02-09,SELL,TSM,178,88.47474050000001,调出Top7,6.724103884166274
2023-02-09,BUY,DDOG,187,83.4417,动量轮换,
2023-02-14,SELL,NOW,167,92.223865,调出Top7,-2.395408606581917
2023-02-14,BUY,AAPL,106,151.0877894668579,动量轮换,
2023-02-17,SELL,CRM,92,162.68861500000003,调出Top7,0.15232282848476247
2023-02-17,BUY,CRWD,135,114.307125,动量轮换,
2023-02-22,SELL,AMD,186,76.57169561004639,调出Top7,-8.54035777188586
2023-02-22,BUY,MSFT,61,245.83485599999997,动量轮换,
2023-02-27,SELL,MSFT,61,244.27080350000003,调出Top7,-0.6362208050757236
2023-03-01,SELL,DDOG,187,75.18239,调出Top7,-9.898300250354438
2023-03-01,BUY,GE,228,66.022995,动量轮换,
2023-03-02,SELL,AAPL,106,143.75447230529787,调出Top7,-4.853679564336109
2023-03-02,BUY,LIN,45,337.2523737030029,动量轮换,
2023-03-03,SELL,PLTR,1878,8.325835,调出Top7,-1.0502477655345859
2023-03-03,BUY,PLD,137,114.62728499999999,动量轮换,
2023-03-06,SELL,META,111,183.334287,调出Top7,42.67013319046268
2023-03-06,BUY,CVX,107,146.43318,动量轮换,
2023-03-06,BUY,MU,281,56.019832466125486,动量轮换,
2023-03-10,SELL,MU,281,54.09280167198182,调出Top7,-3.439908170573199
2023-03-10,BUY,CRM,89,170.75533499999997,动量轮换,
2023-03-15,SELL,PLD,137,108.25584500000001,调出Top7,-5.5583973745866695
2023-03-15,BUY,AVGO,259,59.761036239624026,动量轮换,
2023-03-16,SELL,CVX,107,135.822055,调出Top7,-7.246393884227596
2023-03-16,BUY,META,78,203.39764799999998,动量轮换,
2023-03-17,SELL,LIN,45,317.7380546722412,调出Top7,-5.786265880502508
2023-03-27,SELL,AVGO,259,60.20784946060181,调出Top7,0.7476664547552224
2023-03-27,BUY,AMD,165,96.65830561065674,动量轮换,
2023-03-29,SELL,CRWD,135,129.5352,调出Top7,13.322069818482445
2023-03-29,BUY,GOOGL,159,100.612281,动量轮换,
2023-03-29,BUY,MSFT,58,274.1800215,动量轮换,
2023-03-30,SELL,GE,228,73.793085,调出Top7,11.768763292243879
2023-03-30,BUY,NEM,356,45.39268499999999,动量轮换,
2023-04-04,SELL,CRM,89,194.24283000000003,调出Top7,13.755057784871
2023-04-04,BUY,GE,220,74.64730499999999,动量轮换,
2023-04-05,SELL,GE,220,73.94301,调出Top7,-0.9434968884676919
2023-04-05,BUY,AAPL,100,161.50214321136474,动量轮换,
2023-04-10,SELL,AAPL,100,159.63632843017578,调出Top7,-1.1552879386542183
2023-04-10,BUY,NFLX,485,33.915947759628295,动量轮换,
2023-04-12,SELL,AMD,165,92.28383683013915,调出Top7,-4.525703976374376
2023-04-12,BUY,ORCL,177,90.695325,动量轮换,
2023-04-14,SELL,GOOGL,159,107.92601,调出Top7,7.269220941328236
2023-04-14,SELL,MSFT,58,279.404228,调出Top7,1.90539284059396
2023-04-14,BUY,NOW,176,92.65630499999999,动量轮换,
2023-04-14,BUY,EOG,149,109.484715,动量轮换,
2023-04-17,SELL,NVDA,754,26.958514000000005,调出Top7,32.479676873299454
2023-04-17,BUY,FCX,403,40.34016,动量轮换,
2023-04-18,SELL,NEM,356,45.367305,调出Top7,-0.055912092443950616
2023-04-18,SELL,NOW,176,95.15240000000001,调出Top7,2.693928923671223
2023-04-18,BUY,XOM,154,105.63278999999999,动量轮换,
2023-04-18,BUY,COP,171,95.2766145,动量轮换,
2023-04-19,SELL,NFLX,485,32.295844274520874,调出Top7,-4.776819142987077
2023-04-19,BUY,CVX,107,150.405165,动量轮换,
2023-04-20,SELL,META,78,211.26531450000002,调出Top7,3.868120687413279
2023-04-20,BUY,OKE,283,56.468219999999995,动量轮换,
2023-04-24,SELL,COP,171,93.97498900000001,调出Top7,-1.3661542308474721
2023-04-24,BUY,LIN,45,354.16432887268064,动量轮换,
2023-04-25,SELL,FCX,403,35.932025,调出Top7,-10.927410798568957
2023-04-25,BUY,NOW,178,88.50422999999999,动量轮换,
2023-04-26,SELL,NOW,178,90.76459500000001,调出Top7,2.553962675004372
2023-04-26,BUY,GE,207,75.55775999999999,动量轮换,
2023-04-28,SELL,EOG,149,107.44625,调出Top7,-1.8618717690409916
2023-04-28,BUY,AMZN,151,105.50272194671632,动量轮换,
2023-05-01,SELL,CVX,107,147.22635000000002,调出Top7,-2.1135012218496523
2023-05-01,BUY,META,65,241.3616205,动量轮换,
2023-05-03,SELL,XOM,154,97.39128000000001,调出Top7,-7.802037605936545
2023-05-03,SELL,OKE,283,54.45276,调出Top7,-3.5691934330495947
2023-05-03,BUY,MSFT,52,297.53169149999997,动量轮换,
2023-05-03,BUY,AAPL,94,165.14130624389648,动量轮换,
2023-05-05,SELL,AMZN,151,105.60717366027832,调出Top7,0.09900380922375884
2023-05-05,SELL,ORCL,177,93.56319500000001,调出Top7,3.1620924231761784
2023-05-05,BUY,SNPS,42,371.745777557373,动量轮换,
2023-05-05,BUY,NFLX,489,32.29213897705078,动量轮换,
2023-05-08,SELL,NFLX,489,33.104437883377074,调出Top7,2.5154694983307584
2023-05-08,BUY,AMZN,149,105.88291683197019,动量轮换,
2023-05-09,SELL,SNPS,42,366.7665372009278,调出Top7,-1.3394208238657728
2023-05-09,BUY,LRCX,315,50.13140312004089,动量轮换,
2023-05-10,SELL,AMZN,149,110.13490744018554,调出Top7,4.015747521352291
2023-05-10,SELL,LIN,45,354.6659925994873,调出Top7,0.14164716373427122
2023-05-10,BUY,DDOG,185,86.04299999999999,动量轮换,
2023-05-10,BUY,NVDA,553,28.8674265,动量轮换,
2023-05-12,SELL,LRCX,315,51.18143154716493,调出Top7,2.0945522402588934
2023-05-12,BUY,AMZN,144,110.31513213729859,动量轮换,
2023-05-16,SELL,GE,207,79.350305,调出Top7,5.0193984046112785
2023-05-16,BUY,LRCX,297,54.326424081802365,动量轮换,
2023-05-18,SELL,AAPL,94,172.70254595947267,调出Top7,4.578648363365269
2023-05-18,BUY,GOOGL,138,121.88691299999999,动量轮换,
2023-05-19,SELL,NVDA,553,31.214385000000004,调出Top7,8.130127221420318
2023-05-19,SELL,AMZN,144,116.19187500000001,调出Top7,5.327231857354986
2023-05-19,BUY,PLTR,1428,11.715855,动量轮换,
2023-05-19,BUY,AMD,158,105.87290969467162,动量轮换,
2023-05-23,SELL,MSFT,52,308.5166645,调出Top7,3.6920346012955823
2023-05-23,BUY,NVDA,551,30.669327,动量轮换,
2023-05-24,SELL,META,65,247.09938850000003,调出Top7,2.3772495345837497
2023-05-24,BUY,AMAT,141,118.98616775894165,动量轮换,
2023-05-25,SELL,AMAT,141,127.40168324661255,调出Top7,7.072683864161587
2023-05-25,BUY,CRWD,120,149.684805,动量轮换,
2023-06-01,SELL,GOOGL,138,122.64764550000001,调出Top7,0.6241297619868487
2023-06-01,SELL,LRCX,297,60.1884385471344,调出Top7,10.790355824828948
2023-06-01,BUY,AVGO,246,75.95046235656739,动量轮换,
2023-06-01,BUY,NOW,172,108.644295,动量轮换,
2023-06-09,SELL,CRWD,120,149.45523500000002,调出Top7,-0.15336894082201286
2023-06-09,SELL,DDOG,185,95.582185,调出Top7,11.086532315237735
2023-06-09,BUY,NFLX,446,42.02299990081787,动量轮换,
2023-06-09,BUY,SNPS,42,438.9993887786865,动量轮换,
2023-06-13,SELL,NOW,172,110.88453,调出Top7,2.0619904616252502
2023-06-13,BUY,TSM,197,99.12953999999999,动量轮换,
2023-06-15,SELL,SNPS,42,446.1468101196289,调出Top7,1.6281164675027924
2023-06-21,SELL,AMD,158,112.0539456100464,调出Top7,5.838165715101582
2023-06-21,BUY,ORCL,160,117.928935,动量轮换,
2023-06-22,SELL,TSM,197,95.80107550000001,调出Top7,-3.3576918646046185
2023-06-22,BUY,LITE,331,56.658315,动量轮换,
2023-06-23,BUY,CAT,82,224.62225499999997,动量轮换,
2023-06-26,SELL,CAT,82,226.796545,调出Top7,0.9679762141111272
2023-06-26,BUY,FCX,490,37.488735,动量轮换,
2023-06-27,SELL,PLTR,1428,14.602695,调出Top7,24.640455178047198
2023-06-27,BUY,CAT,81,230.605245,动量轮换,
2023-06-30,SELL,AVGO,246,83.76035259628297,调出Top7,10.282873859345596
2023-06-30,BUY,META,67,284.834346,动量轮换,
2023-07-03,SELL,NVDA,551,42.34981450000001,调出Top7,38.085242300882605
2023-07-03,BUY,AAPL,100,190.06903182220458,动量轮换,
2023-07-05,SELL,LITE,331,54.59269,调出Top7,-3.645757908614127
2023-07-05,BUY,LIN,53,354.7020426635742,动量轮换,
2023-07-06,SELL,LIN,53,351.73267605590814,调出Top7,-0.8371439265948752
2023-07-06,BUY,AMAT,136,137.2158056716919,动量轮换,
2023-07-07,SELL,FCX,490,36.821580000000004,调出Top7,-1.7796145962246899
2023-07-07,BUY,NVDA,442,42.48223049999999,动量轮换,
2023-07-10,SELL,ORCL,160,110.36479000000001,调出Top7,-6.414155270714504
2023-07-10,BUY,AMZN,148,127.19356225204466,动量轮换,
2023-07-11,SELL,AMAT,136,134.3249548034668,调出Top7,-2.106791454580581
2023-07-11,BUY,AVGO,221,85.25728324127196,动量轮换,
2023-07-14,SELL,AVGO,221,85.802620136261,调出Top7,0.6396367257513598
2023-07-14,SELL,NFLX,446,44.16890639114379,调出Top7,5.106504760228114
2023-07-14,BUY,DDOG,178,108.584265,动量轮换,
2023-07-14,BUY,GE,223,86.67331499999999,动量轮换,
2023-07-17,SELL,CAT,81,246.42672500000003,调出Top7,6.860850020995852
2023-07-17,BUY,OKE,356,55.017495,动量轮换,
2023-07-18,SELL,NVDA,442,47.42327650000001,调出Top7,11.630853516507367
2023-07-18,BUY,CAT,78,252.75631499999997,动量轮换,
2023-07-19,SELL,CAT,78,252.73357000000001,调出Top7,-0.008998786044161875
2023-07-19,BUY,EOG,179,110.97546,动量轮换,
2023-07-20,SELL,AMZN,148,129.89502671051025,调出Top7,2.1239003064576623
2023-07-20,SELL,AAPL,100,190.54007353973392,调出Top7,0.24782665172408003
2023-07-20,BUY,CRM,87,224.962425,动量轮换,
2023-07-20,BUY,CAT,77,251.38562999999996,动量轮换,
2023-07-21,SELL,CAT,77,247.82602500000002,调出Top7,-1.4159938259000517
2023-07-21,BUY,PLTR,1186,16.438215,动量轮换,
2023-07-24,SELL,GE,223,86.56669500000001,调出Top7,-0.12301364035744819
2023-07-24,BUY,CAT,78,249.7248,动量轮换,
2023-07-25,SELL,META,67,291.9769385,调出Top7,2.5076303473598776
2023-07-25,BUY,COP,185,106.9184325,动量轮换,
2023-07-28,SELL,CRM,87,222.218835,调出Top7,-1.2195770026927757
2023-07-28,BUY,NVDA,426,46.7263515,动量轮换,
2023-08-02,SELL,CAT,78,276.60163,调出Top7,10.762579447455765
2023-08-02,BUY,FCX,489,40.94046,动量轮换,
2023-08-03,SELL,NVDA,426,44.448764499999996,调出Top7,-4.874309521041899
2023-08-03,BUY,CAT,74,270.985425,动量轮换,
2023-08-04,SELL,OKE,356,57.371300000000005,调出Top7,4.2782845711168935
2023-08-04,BUY,MU,286,69.18256899261475,动量轮换,
2023-08-07,SELL,DDOG,178,106.24685000000001,调出Top7,-2.15262773109897
2023-08-07,BUY,OKE,344,57.378675,动量轮换,
2023-08-08,SELL,OKE,344,56.401785000000004,调出Top7,-1.702531471840361
2023-08-08,BUY,LRCX,288,67.83571212387085,动量轮换,
2023-08-10,SELL,PLTR,1186,15.402295,调出Top7,-6.301900784239646
2023-08-10,BUY,GOOGL,149,128.694315,动量轮换,
2023-08-14,SELL,MU,286,67.50198346710205,调出Top7,-2.4292036996950777
2023-08-14,BUY,XOM,189,101.97095999999999,动量轮换,
2023-08-15,SELL,FCX,489,38.18090000000001,调出Top7,-6.740422555095847
2023-08-15,BUY,CVX,133,141.70081499999998,动量轮换,
2023-08-17,SELL,LRCX,288,63.148795396804815,调出Top7,-6.909217254928389
2023-08-17,BUY,AMZN,141,134.04698572540283,动量轮换,
2023-08-22,SELL,CVX,133,142.72860000000003,调出Top7,0.725320457754637
2023-08-22,BUY,SNPS,43,436.6082096557617,动量轮换,
2023-08-24,SELL,SNPS,43,435.64205535888675,调出Top7,-0.22128633303452988
2023-08-24,SELL,EOG,179,113.793075,调出Top7,2.538953206411583
2023-08-24,BUY,LIN,50,365.03676676940916,动量轮换,
2023-08-24,BUY,PLD,166,111.51572999999999,动量轮换,
2023-08-25,SELL,COP,185,107.6031715,调出Top7,0.640431199737246
2023-08-25,SELL,GOOGL,149,128.7545905,调出Top7,0.046836179204976736
2023-08-25,BUY,MSFT,59,317.05344749999995,动量轮换,
2023-08-25,BUY,OKE,328,57.158565,动量轮换,
2023-08-28,SELL,AMZN,141,133.07342938995362,调出Top7,-0.726279916091184
2023-08-28,SELL,CAT,74,264.30778000000004,调出Top7,-2.4642081765098562
2023-08-28,BUY,AMT,116,162.00096,动量轮换,
2023-08-28,BUY,TSM,217,86.76235949999999,动量轮换,
2023-08-30,SELL,PLD,166,115.02246000000001,调出Top7,3.144605698227523
2023-08-30,BUY,CRM,90,212.02595999999997,动量轮换,
2023-08-31,SELL,MSFT,59,321.4242075,调出Top7,1.3785562133021991
2023-08-31,SELL,LIN,50,373.4524625854492,调出Top7,2.305437857813425
2023-08-31,SELL,OKE,328,57.321325,调出Top7,0.2847517253101065
2023-08-31,BUY,COP,173,110.07901199999999,动量轮换,
2023-08-31,BUY,EOG,164,116.57825999999999,动量轮换,
2023-08-31,BUY,NEM,516,37.008495,动量轮换,
2023-09-01,SELL,CRM,90,218.21084000000002,调出Top7,2.917039026730524
2023-09-01,SELL,TSM,217,85.86604550000001,调出Top7,-1.033067801711842
2023-09-01,BUY,NVDA,397,48.48523049999999,动量轮换,
2023-09-01,BUY,ORCL,164,117.208575,动量轮换,
2023-09-05,SELL,EOG,164,120.77958000000001,调出Top7,3.6038623324795074
2023-09-05,BUY,GOOGL,143,134.7283305,动量轮换,
2023-09-06,SELL,NEM,516,36.481750000000005,调出Top7,-1.423308351231246
2023-09-06,SELL,AMT,116,161.69911000000002,调出Top7,-0.18632605633940275
2023-09-06,BUY,NOW,160,119.75985,动量轮换,
2023-09-06,BUY,SNPS,41,465.92284744262696,动量轮换,
2023-09-11,SELL,GOOGL,143,135.7330995,调出Top7,0.7457741042816606
2023-09-11,BUY,CRWD,111,172.37614499999998,动量轮换,
2023-09-12,SELL,XOM,189,107.81606500000001,调出Top7,5.732127068333983
2023-09-12,BUY,CRM,85,218.54922,动量轮换,
2023-09-13,SELL,ORCL,164,108.28583,调出Top7,-7.6127066641668435
2023-09-13,BUY,DDOG,193,97.52874,动量轮换,
2023-09-14,SELL,NVDA,397,45.517230000000005,调出Top7,-6.121452799940775
2023-09-14,SELL,COP,173,115.12440900000001,调出Top7,4.5834323076955155
2023-09-14,BUY,MU,266,71.04301107788086,动量轮换,
2023-09-14,BUY,GOOGL,138,137.040486,动量轮换,
2023-09-15,SELL,GOOGL,138,136.20886149999998,调出Top7,-0.6068458484597054
2023-09-15,BUY,COP,162,114.3621525,动量轮换,
2023-09-18,SELL,CRM,85,211.77406000000002,调出Top7,-3.1000613957807635
2023-09-18,BUY,XOM,172,108.05399999999999,动量轮换,
2023-09-19,SELL,DDOG,193,92.84355500000001,调出Top7,-4.803901906248343
2023-09-19,BUY,GOOGL,135,136.980456,动量轮换,
2023-09-20,SELL,NOW,160,114.05294500000001,调出Top7,-4.76529070468942
2023-09-20,BUY,CVX,122,149.74483499999997,动量轮换,
2023-09-22,SELL,SNPS,41,446.6265811004639,调出Top7,-4.141515370640665
2023-09-22,SELL,GOOGL,135,129.121407,调出Top7,-5.737350589634479
2023-09-22,BUY,NEM,466,38.639309999999995,动量轮换,
2023-09-22,BUY,META,60,296.844348,动量轮换,
2023-09-29,SELL,NEM,466,35.012485000000005,调出Top7,-9.3863606777657
2023-09-29,SELL,MU,266,67.25484605026246,调出Top7,-5.332213500164895
2023-09-29,BUY,AVGO,222,80.71953118515015,动量轮换,
2023-09-29,BUY,TSM,224,80.124042,动量轮换,
2023-10-02,SELL,COP,162,108.7046205,调出Top7,-4.9470317551079575
2023-10-02,SELL,TSM,224,80.79358300000001,调出Top7,0.8356305838889275
2023-10-02,BUY,AAPL,104,171.82317333984375,动量轮换,
2023-10-02,BUY,LIN,50,358.7524982757568,动量轮换,
2023-10-03,SELL,META,60,298.3917295,调出Top7,0.5212770633584614
2023-10-03,BUY,CAT,68,258.96941999999996,动量轮换,
2023-10-04,SELL,CRWD,111,163.96797500000002,调出Top7,-4.877803712340798
2023-10-04,BUY,MSFT,56,313.1074755,动量轮换,
2023-10-06,SELL,XOM,172,98.340805,调出Top7,-8.989204471838141
2023-10-06,SELL,CVX,122,145.597165,调出Top7,-2.7698250827816384
2023-10-06,BUY,MU,255,69.34753791046143,动量轮换,
2023-10-06,BUY,TSM,214,82.515237,动量轮换,
2023-10-09,SELL,MU,255,68.80292263793946,调出Top7,-0.7853419009989225
2023-10-09,SELL,TSM,214,82.13291300000002,调出Top7,-0.46333745608702886
2023-10-09,BUY,NOW,157,112.946445,动量轮换,
2023-10-09,BUY,COP,157,113.28861599999999,动量轮换,
2023-10-10,SELL,COP,157,111.8210615,调出Top7,-1.2954121533270313
2023-10-10,SELL,AAPL,104,176.23538558959962,调出Top7,2.567879619490608
2023-10-10,BUY,GE,202,87.67381499999999,动量轮换,
2023-10-10,BUY,CRM,87,203.98193999999998,动量轮换,
2023-10-11,SELL,AVGO,222,84.90876491928101,调出Top7,5.189863806966155
2023-10-11,SELL,MSFT,56,325.99492100000003,调出Top7,4.1159814148225315
2023-10-11,BUY,META,54,325.3696035,动量轮换,
2023-10-11,BUY,PLTR,997,17.92896,动量轮换,
2023-10-12,SELL,GE,202,87.47624,调出Top7,-0.2253523472201892
2023-10-12,SELL,CRM,87,202.59865,调出Top7,-0.6781433689668744
2023-10-12,BUY,SNPS,35,496.4781259918213,动量轮换,
2023-10-12,BUY,CRWD,94,187.65377999999998,动量轮换,
2023-10-16,SELL,NOW,157,110.27483500000001,调出Top7,-2.3653776796604684
2023-10-16,BUY,GE,205,85.83289500000001,动量轮换,
2023-10-17,SELL,LIN,50,368.9266809539795,调出Top7,2.8359893595506738
2023-10-17,SELL,GE,205,86.446755,调出Top7,0.7151803513093532
2023-10-17,BUY,NVDA,404,43.9209495,动量轮换,
2023-10-17,BUY,AVGO,206,85.95002751159667,动量轮换,
2023-10-18,SELL,CAT,68,249.33527,调出Top7,-3.720188275511429
2023-10-18,BUY,AMD,170,102.22108316802979,动量轮换,
2023-10-20,SELL,NVDA,404,41.329325000000004,调出Top7,-5.900656815263055
2023-10-20,BUY,TSM,199,84.53624699999999,动量轮换,
2023-10-24,SELL,AMD,170,101.61916316986085,调出Top7,-0.5888413422302613
2023-10-24,BUY,EOG,144,118.509225,动量轮换,
2023-10-25,SELL,EOG,144,118.20087000000001,调出Top7,-0.2601949341918249
2023-10-25,BUY,GOOGL,132,124.646292,动量轮换,
2023-10-26,SELL,GOOGL,132,121.22035950000001,调出Top7,-2.7485233977116525
2023-10-26,SELL,META,54,285.9079745,调出Top7,-12.128246946091865
2023-10-26,BUY,MSFT,50,321.8738565,动量轮换,
2023-10-26,BUY,EOG,138,116.67831,动量轮换,
2023-10-27,SELL,SNPS,35,456.7715,调出Top7,-7.997658690903814
2023-10-27,BUY,RTX,214,75.167565,动量轮换,
2023-10-30,SELL,PLTR,997,14.682655,调出Top7,-18.106488050617546
2023-10-30,BUY,OKE,279,57.738855,动量轮换,
2023-10-31,SELL,EOG,138,115.02246000000001,调出Top7,-1.4191583679948627
2023-10-31,SELL,TSM,199,79.45425300000001,调出Top7,-6.011615348857373
2023-10-31,SELL,AVGO,206,81.68643127441406,调出Top7,-4.960552498493793
2023-10-31,BUY,AMT,99,163.66179,动量轮换,
2023-10-31,BUY,NFLX,395,41.18958321762085,动量轮换,
2023-10-31,BUY,NEM,458,35.53776,动量轮换,
2023-11-03,SELL,CRWD,94,188.14588,调出Top7,0.26223825600529976
2023-11-03,SELL,NEM,458,36.971505,调出Top7,4.034427043235144
2023-11-03,BUY,EOG,145,116.888415,动量轮换,
2023-11-03,BUY,NOW,139,121.41067499999998,动量轮换,
2023-11-07,SELL,EOG,145,111.73410500000001,调出Top7,-4.409598675796897
2023-11-07,BUY,AMZN,117,142.78136171722412,动量轮换,
2023-11-08,SELL,OKE,279,56.7716,调出Top7,-1.6752237293240428
2023-11-08,BUY,LIN,44,380.12007980346675,动量轮换,
2023-11-16,SELL,LIN,44,395.3553545379639,调出Top7,4.008016293791743
2023-11-16,BUY,AMD,145,119.8899168319702,动量轮换,
2023-11-17,SELL,RTX,214,76.14191000000001,调出Top7,1.296230628197167
2023-11-17,BUY,DDOG,158,109.59477,动量轮换,
2023-11-20,SELL,AMZN,117,146.0569398803711,调出Top7,2.294121672290952
2023-11-20,BUY,PLTR,826,21.350669999999997,动量轮换,
2023-11-21,SELL,MSFT,50,366.59261200000003,调出Top7,13.893254949707307
2023-11-21,BUY,NVDA,348,49.9239495,动量轮换,
2023-11-24,SELL,NFLX,395,47.932023281097415,调出Top7,16.3692845053896
2023-11-24,BUY,LRCX,247,70.14259008407592,动量轮换,
2023-11-27,SELL,NVDA,348,48.1749005,调出Top7,-3.503426747116631
2023-11-27,BUY,CRWD,82,210.17503499999998,动量轮换,
2023-11-28,SELL,AMT,99,186.45672500000003,调出Top7,13.92807386501152
2023-11-28,BUY,SNPS,32,544.0018454589843,动量轮换,
2023-11-30,SELL,SNPS,32,542.9583654785157,调出Top7,-0.19181552216762116
2023-11-30,BUY,ARM,291,61.53075,动量轮换,
2023-12-05,SELL,AMD,145,118.32080725479125,调出Top7,-1.308791947347924
2023-12-05,SELL,PLTR,826,18.290850000000002,调出Top7,-14.331259862102666
2023-12-05,BUY,CRM,71,247.50368999999998,动量轮换,
2023-12-05,BUY,AMT,91,193.25657999999999,动量轮换,
2023-12-07,SELL,LRCX,247,69.14762934875489,调出Top7,-1.4184830273995115
2023-12-07,BUY,PLD,160,109.724835,动量轮换,
2023-12-12,SELL,NOW,139,143.22835,调出Top7,17.9701455411561
2023-12-12,BUY,NEM,497,36.178079999999994,动量轮换,
2023-12-13,SELL,DDOG,158,117.17138500000001,调出Top7,6.9132997861120735
2023-12-13,BUY,NOW,129,143.201565,动量轮换,
2023-12-15,SELL,NOW,129,139.58017500000003,调出Top7,-2.528875993778394
2023-12-15,BUY,FCX,473,40.019999999999996,动量轮换,
2023-12-18,SELL,AMT,91,193.313295,调出Top7,0.029346995584846526
2023-12-18,BUY,AMD,135,138.9694438934326,动量轮换,
2023-12-20,SELL,NEM,497,39.350315,调出Top7,8.768389588391667
2023-12-20,BUY,CAT,66,280.370115,动量轮换,
2023-12-26,SELL,FCX,473,41.309335,调出Top7,3.221726636681663
2023-12-26,BUY,LITE,359,53.53675499999999,动量轮换,
2023-12-27,SELL,AMD,135,145.99697232055664,调出Top7,5.056887492845562
2023-12-27,BUY,AVGO,176,109.94957011413574,动量轮换,
2023-12-28,SELL,CRM,71,261.59913500000005,调出Top7,5.695044384994854
2023-12-28,BUY,AMD,130,148.83437450408934,动量轮换,
2024-01-02,SELL,CRWD,82,246.766555,调出Top7,17.41002207992973
2024-01-02,BUY,FCX,459,40.610295,动量轮换,
2024-01-08,SELL,ARM,291,72.80357633972169,调出Top7,18.320638607073196
2024-01-08,BUY,MU,223,84.3190549621582,动量轮换,
2024-01-10,SELL,AVGO,176,105.3921399345398,调出Top7,-4.145018643424429
2024-01-10,SELL,PLD,160,123.848045,调出Top7,12.871479824963966
2024-01-10,BUY,META,51,367.70075849999995,动量轮换,
2024-01-10,BUY,ARM,265,70.80538164138794,动量轮换,
2024-01-11,SELL,ARM,265,69.73511164474488,调出Top7,-1.5115658892479678
2024-01-11,BUY,PLD,153,121.90092,动量轮换,
2024-01-12,SELL,MU,223,81.69633690261841,调出Top7,-3.1104689927049702
2024-01-12,SELL,PLD,153,121.99897000000001,调出Top7,0.08043417555832626
2024-01-12,BUY,NVDA,341,54.693332999999996,动量轮换,
2024-01-12,BUY,GE,182,102.14104499999999,动量轮换,
2024-01-16,SELL,FCX,459,37.531225,调出Top7,-7.5819936791889875
2024-01-16,BUY,RTX,230,81.790875,动量轮换,
2024-01-17,SELL,CAT,66,269.375245,调出Top7,-3.9215556194353995
2024-01-17,BUY,CRWD,67,276.40813499999996,动量轮换,
2024-01-18,SELL,LITE,359,52.803585,调出Top7,-1.3694703760061555
2024-01-18,BUY,GOOGL,133,142.37915399999997,动量轮换,
2024-01-22,SELL,GE,182,103.16839,调出Top7,1.0058101520304703
2024-01-22,BUY,MSFT,49,390.01491,动量轮换,
2024-01-25,SELL,GOOGL,133,150.5536855,调出Top7,5.741382267238384
2024-01-25,BUY,NOW,131,153.41666999999998,动量轮换,
2024-01-26,SELL,RTX,230,86.39678,调出Top7,5.631318897126369
2024-01-26,BUY,TSM,180,110.9824635,动量轮换,
2024-02-01,SELL,MSFT,49,396.76851650000003,调出Top7,1.7316277728972072
2024-02-01,BUY,NFLX,351,56.779374950408936,动量轮换,
2024-02-07,SELL,NOW,131,158.00096000000002,调出Top7,2.988130299008601
2024-02-07,BUY,AVGO,173,122.7285546798706,动量轮换,
2024-02-12,SELL,AMD,130,171.82404866027832,调出Top7,15.446481522020521
2024-02-12,BUY,PLTR,861,25.062525,动量轮换,
2024-02-13,SELL,CRWD,67,322.27878000000004,调出Top7,16.59525867427892
2024-02-13,SELL,AVGO,173,122.07822783660889,调出Top7,-0.5298904113700712
2024-02-13,BUY,ARM,177,120.03999335861205,动量轮换,
2024-02-13,BUY,AMAT,120,177.00755744934082,动量轮换,
2024-02-21,SELL,NFLX,351,57.306331584930426,调出Top7,0.9280775545375998
2024-02-21,BUY,GE,181,117.30862499999999,动量轮换,
2024-02-29,SELL,TSM,180,122.27583150000001,调出Top7,10.175813046355756
2024-02-29,BUY,LIN,52,436.27396669006345,动量轮换,
2024-03-04,SELL,LIN,52,442.42180587768564,调出Top7,1.4091693882779228
2024-03-04,BUY,LRCX,244,95.82260659790037,动量轮换,
2024-03-06,SELL,META,51,492.43066150000004,调出Top7,33.92157892434701
2024-03-06,BUY,LIN,52,450.65053614807124,动量轮换,
2024-03-08,SELL,LIN,52,449.17077955627445,调出Top7,-0.3283601090203916
2024-03-08,BUY,AMD,113,207.49369438934326,动量轮换,
2024-03-11,SELL,PLTR,861,25.337325000000003,调出Top7,1.0964577591443903
2024-03-11,SELL,LRCX,244,91.19079384231568,调出Top7,-4.8337369646195585
2024-03-11,BUY,OKE,328,70.01499,动量轮换,
2024-03-11,BUY,LIN,50,456.35645164489745,动量轮换,
2024-03-13,SELL,LIN,50,462.5174964141846,调出Top7,1.3500509847248174
2024-03-13,BUY,MU,250,93.4606626663208,动量轮换,
2024-03-14,SELL,ARM,177,130.89452671051026,调出Top7,9.042430816762014
2024-03-14,BUY,LIN,49,462.0540316772461,动量轮换,
2024-03-18,SELL,AMAT,120,197.19020445251465,调出Top7,11.402138583235383
2024-03-18,BUY,TSM,176,130.9184265,动量轮换,
2024-03-19,SELL,TSM,176,129.0184585,调出Top7,-1.4512609498862263
2024-03-19,BUY,FCX,537,43.00149,动量轮换,
2024-03-20,SELL,AMD,113,179.6401307296753,调出Top7,-13.423812102647931
2024-03-21,SELL,LIN,49,454.1512897644044,调出Top7,-1.710350169255078
2024-03-21,SELL,OKE,328,71.92402,调出Top7,2.726601831979125
2024-03-21,BUY,ORCL,190,125.98295999999999,动量轮换,
2024-03-21,BUY,CAT,67,354.43712999999997,动量轮换,
2024-03-27,SELL,CAT,67,354.17282500000005,调出Top7,-0.07457034763821783
2024-03-27,BUY,EOG,205,117.66880499999999,动量轮换,
2024-04-02,SELL,NVDA,341,89.33531,调出Top7,63.33857364297037
2024-04-02,BUY,COP,198,123.047493,动量轮换,
2024-04-02,BUY,XOM,218,111.59577,动量轮换,
2024-04-03,SELL,GE,181,143.54819,调出Top7,22.36797592674879
2024-04-03,BUY,GOOGL,162,153.73082699999998,动量轮换,
2024-04-04,SELL,ORCL,190,121.15939,调出Top7,-3.8287479513102323
2024-04-04,BUY,GE,169,145.44268499999998,动量轮换,
2024-04-12,SELL,XOM,218,112.50372000000002,调出Top7,0.8136061071132121
2024-04-12,BUY,NEM,670,37.308645,动量轮换,
2024-04-16,SELL,GOOGL,162,153.06143100000003,调出Top7,-0.43543381185346086
2024-04-16,BUY,XOM,223,111.04549499999999,动量轮换,
2024-04-17,SELL,XOM,223,110.87453500000001,调出Top7,-0.15395491730662247
2024-04-17,BUY,RTX,254,96.998475,动量轮换,
2024-04-19,SELL,COP,198,121.69612150000002,调出Top7,-1.098251957071555
2024-04-19,BUY,XOM,216,112.15605,动量轮换,
2024-04-23,SELL,MU,250,111.62081267547607,调出Top7,19.430795257670916
2024-04-23,BUY,GOOGL,156,157.04548350000002,动量轮换,
2024-04-30,SELL,XOM,216,110.5447,调出Top7,-1.43670359289578
2024-04-30,BUY,CVX,168,148.003965,动量轮换,
2024-05-02,SELL,EOG,205,123.408265,调出Top7,4.8776394049383
2024-05-02,SELL,CVX,168,147.356285,调出Top7,-0.43760989781589965
2024-05-02,BUY,LIN,61,409.09629162597656,动量轮换,
2024-05-02,BUY,MSFT,63,392.0289165,动量轮换,
2024-05-03,SELL,FCX,537,49.225375,调出Top7,14.473649634001063
2024-05-03,BUY,ORCL,222,113.44669499999999,动量轮换,
2024-05-06,SELL,ORCL,222,115.82206000000001,调出Top7,2.093815954708964
2024-05-06,BUY,COP,219,116.2611015,动量轮换,
2024-05-08,SELL,MSFT,63,404.13882950000004,调出Top7,3.0890356528075302
2024-05-08,BUY,AAPL,141,181.18246490478515,动量轮换,
2024-05-09,SELL,COP,219,115.9929745,调出Top7,-0.230624857790456
2024-05-09,BUY,XOM,233,110.805375,动量轮换,
2024-05-15,SELL,XOM,233,111.73410500000001,调出Top7,0.8381633111209775
2024-05-15,SELL,LIN,61,419.59563922119145,调出Top7,2.566473422060276
2024-05-15,BUY,AMT,144,179.359635,动量轮换,
2024-05-15,BUY,CRWD,75,343.29156,动量轮换,
2024-05-17,SELL,GE,169,157.90100999999999,调出Top7,8.565796897932684
2024-05-17,SELL,RTX,254,100.80957000000001,调出Top7,3.9290256882904697
2024-05-17,BUY,TSM,178,145.9659465,动量轮换,
2024-05-17,BUY,NVDA,281,92.4512025,动量轮换,
2024-05-22,SELL,NEM,670,40.889545,调出Top7,9.598043563361788
2024-05-22,SELL,GOOGL,156,174.8515305,调出Top7,11.338146505817836
2024-05-22,BUY,MU,207,125.46309845352171,动量轮换,
2024-05-22,BUY,ARM,231,112.48621530532836,动量轮换,
2024-05-24,SELL,AMT,144,173.503205,调出Top7,-3.2651884020615833
2024-05-24,BUY,NFLX,412,64.70734055328369,动量轮换,
2024-06-04,SELL,CRWD,75,305.42721,调出Top7,-11.029793450208913
2024-06-04,BUY,AMAT,127,209.06663928222656,动量轮换,
2024-06-05,SELL,AMAT,127,219.83099326324464,调出Top7,5.148766928083102
2024-06-05,BUY,AMD,168,166.25308316802978,动量轮换,
2024-06-11,SELL,AMD,168,158.88052671051025,调出Top7,-4.434538185417095
2024-06-11,BUY,AMAT,125,226.5528865814209,动量轮换,
2024-06-13,SELL,NFLX,412,65.29333340072633,调出Top7,0.9056049011318894
2024-06-20,SELL,AMAT,125,236.18770949554445,调出Top7,4.252791946069908
2024-06-20,BUY,PLTR,1173,25.572779999999998,动量轮换,
2024-06-25,SELL,AAPL,141,207.3617518768311,调出Top7,14.449128388778501
2024-06-25,BUY,AVGO,189,155.48418212127686,动量轮换,
2024-06-26,SELL,MU,207,141.2976934967041,调出Top7,12.6209182128946
2024-06-26,BUY,ORCL,218,135.41767499999997,动量轮换,
2024-06-28,SELL,TSM,178,168.47871849999999,调出Top7,15.42330422938749
2024-06-28,BUY,CRWD,77,383.381595,动量轮换,
2024-07-02,SELL,NVDA,281,122.52270800000001,调出Top7,32.52689493140991
2024-07-02,BUY,LITE,557,53.966969999999996,动量轮换,
2024-07-02,BUY,LRCX,284,105.58791619491578,动量轮换,
2024-07-05,SELL,LRCX,284,106.95523891448974,调出Top7,1.2949613638078423
2024-07-05,BUY,NOW,193,161.370645,动量轮换,
2024-07-08,SELL,PLTR,1173,27.68615,调出Top7,8.264138666191174
2024-07-08,BUY,DDOG,236,132.4662,动量轮换,
2024-07-09,SELL,CRWD,77,385.68706000000003,调出Top7,0.601349942216195
2024-07-09,BUY,PLTR,1122,27.403695,动量轮换,
2024-07-11,SELL,ORCL,218,140.10991,调出Top7,3.4650092759309596
2024-07-11,SELL,NOW,193,149.755085,调出Top7,-7.198062572037181
2024-07-11,BUY,AAPL,135,225.93639807128906,动量轮换,
2024-07-11,BUY,LRCX,293,104.32026150512694,动量轮换,
2024-07-12,SELL,LRCX,293,105.18741599273683,调出Top7,0.8312426321585454
2024-07-15,SELL,AVGO,189,168.43768116760256,调出Top7,8.331071926160336
2024-07-15,BUY,TSM,173,180.0629865,动量轮换,
2024-07-15,BUY,NEM,679,45.992985,动量轮换,
2024-07-17,SELL,TSM,173,165.8700235,调出Top7,-7.882221258170674
2024-07-18,SELL,DDOG,236,118.76059,调出Top7,-10.346495936321865
2024-07-18,BUY,EOG,237,124.80236999999998,动量轮换,
2024-07-19,SELL,ARM,231,163.31829389953614,调出Top7,45.1896069720464
2024-07-19,BUY,PLD,253,116.708325,动量轮换,
2024-07-19,BUY,OKE,386,76.548255,动量轮换,
2024-07-23,SELL,OKE,386,76.251855,调出Top7,-0.38720673645661985
2024-07-23,BUY,AMT,149,197.32861499999999,动量轮换,
2024-07-24,SELL,EOG,237,117.950995,调出Top7,-5.489779561077227
2024-07-24,BUY,CAT,87,329.24454,动量轮换,
2024-07-29,SELL,AAPL,135,216.4568114471436,调出Top7,-4.195688125095454
2024-07-29,BUY,RTX,262,110.845395,动量轮换,
2024-07-30,SELL,LITE,557,49.025475,调出Top7,-9.156517403144917
2024-07-30,BUY,LIN,65,440.95428419494624,动量轮换,
2024-08-01,SELL,PLTR,1122,26.066959999999998,调出Top7,-4.877937081112605
2024-08-01,BUY,GE,173,168.09400499999998,动量轮换,
2024-08-05,SELL,CAT,87,310.08488,调出Top7,-5.819279493594632
2024-08-05,BUY,XOM,259,108.2541,动量轮换,
2024-08-06,SELL,GE,173,160.52969500000003,调出Top7,-4.50004745856341
2024-08-06,BUY,ORCL,224,125.952945,动量轮换,
2024-08-07,SELL,ORCL,224,123.568185,调出Top7,-1.8933737516022353
2024-08-07,BUY,COP,277,101.16555749999999,动量轮换,
2024-08-08,SELL,COP,277,102.33980450000001,调出Top7,1.1607181624042575
2024-08-08,BUY,NOW,178,159.30961499999998,动量轮换,
2024-08-13,SELL,PLD,253,115.59217500000001,调出Top7,-0.9563585116999926
2024-08-13,BUY,NFLX,442,64.83440295410156,动量轮换,
2024-08-14,SELL,NEM,679,47.686145,调出Top7,3.681344013657748
2024-08-14,SELL,NFLX,442,66.13491526794434,调出Top7,2.00589849614787
2024-08-14,BUY,COP,277,104.196072,动量轮换,
2024-08-14,BUY,AAPL,131,220.38317729187014,动量轮换,
2024-08-15,SELL,COP,277,105.901023,调出Top7,1.6362910494360998
2024-08-15,SELL,AAPL,131,223.14182176208493,调出Top7,1.2517491144804163
2024-08-15,BUY,META,54,534.435084,动量轮换,
2024-08-15,BUY,GE,172,168.28409999999997,动量轮换,
2024-08-19,SELL,XOM,259,112.59367500000002,调出Top7,4.008693435167836
2024-08-19,SELL,LIN,65,448.06635157775884,调出Top7,1.6128808898630287
2024-08-19,BUY,NEM,584,49.72485,动量轮换,
2024-08-19,BUY,OKE,354,82.051005,动量轮换,
2024-08-20,SELL,GE,172,168.165875,调出Top7,-0.07025322059539016
2024-08-20,BUY,PLTR,896,32.33616,动量轮换,
2024-08-22,SELL,AMT,149,207.086405,调出Top7,4.9449442494693585
2024-08-22,BUY,NFLX,419,68.9304517250061,动量轮换,
2024-08-27,SELL,NOW,178,166.266825,调出Top7,4.367099876551728
2024-08-27,BUY,NVDA,226,128.274105,动量轮换,
2024-08-28,SELL,RTX,262,117.551195,调出Top7,6.049687494911278
2024-08-28,BUY,AVGO,184,155.5835359725952,动量轮换,
2024-08-29,SELL,AVGO,184,154.19976279449463,调出Top7,-0.8894084900759096
2024-08-29,BUY,LITE,508,56.558265,动量轮换,
2024-08-30,SELL,META,54,517.982879,调出Top7,-3.0784290725943313
2024-08-30,BUY,CRWD,105,277.41864,动量轮换,
2024-09-05,SELL,NVDA,226,107.0814325,调出Top7,-16.521395725193315
2024-09-05,BUY,LIN,61,456.64129248046873,动量轮换,
2024-09-09,SELL,LIN,61,453.7938025817872,调出Top7,-0.6235725821495515
2024-09-09,BUY,ORCL,203,137.42868,动量轮换,
2024-09-10,SELL,CRWD,105,247.61613000000003,调出Top7,-10.742792913987307
2024-09-10,BUY,PLD,227,124.872405,动量轮换,
2024-09-11,SELL,PLTR,896,34.832575000000006,调出Top7,7.720196213774319
2024-09-11,SELL,NFLX,419,68.11292967224121,调出Top7,-1.1860100032803227
2024-09-11,BUY,RTX,245,116.13803999999999,动量轮换,
2024-09-11,BUY,LIN,62,456.2390528869629,动量轮换,
2024-09-12,SELL,LIN,62,457.9683500061036,调出Top7,0.3790331205095585
2024-09-12,BUY,AMT,129,223.341615,动量轮换,
2024-09-13,SELL,RTX,245,115.88203,调出Top7,-0.22043595707314265
2024-09-13,BUY,NOW,165,175.877895,动量轮换,
2024-09-17,SELL,LITE,508,58.340815,调出Top7,3.151705590685995
2024-09-17,BUY,PLTR,809,36.468225000000004,动量轮换,
2024-09-20,SELL,NEM,584,53.11343,调出Top7,6.81466107992281
2024-09-20,BUY,AMZN,155,191.69580610656735,动量轮换,
2024-09-24,SELL,PLD,227,120.24984500000001,调出Top7,-3.7018266765983987
2024-09-24,BUY,GE,158,187.81385999999998,动量轮换,
2024-09-26,SELL,AMT,129,218.060915,调出Top7,-2.364404860240666
2024-09-26,BUY,ARM,195,149.2345836639404,动量轮换,
2024-09-27,SELL,OKE,354,83.668145,调出Top7,1.9708960298536158
2024-09-27,BUY,META,51,564.868293,动量轮换,
2024-10-01,SELL,NOW,165,173.35328,调出Top7,-1.435436215563066
2024-10-01,BUY,AMD,179,159.829875,动量轮换,
2024-10-02,SELL,AMZN,155,184.6676145095826,调出Top7,-3.666325174103
2024-10-02,SELL,ARM,195,136.96148377990724,调出Top7,-8.224031978854727
2024-10-02,BUY,FCX,577,49.794885,动量轮换,
2024-10-02,BUY,CAT,74,386.07293999999996,动量轮换,
2024-10-03,SELL,GE,158,182.18886,调出Top7,-2.9949866319769862
2024-10-03,BUY,LITE,436,66.19308,动量轮换,
2024-10-08,SELL,ORCL,203,171.13439,调出Top7,24.52596503146212
2024-10-08,BUY,MU,290,102.08057868576049,动量轮换,
2024-10-09,SELL,META,51,587.328189,调出Top7,3.9761297063986483
2024-10-09,BUY,CRM,104,285.16250999999994,动量轮换,
2024-10-11,SELL,CRM,104,285.05740000000003,调出Top7,-0.036859683974555774
2024-10-11,BUY,AVGO,168,179.08817182159422,动量轮换,
2024-10-14,SELL,AMD,179,165.18736927032472,调出Top7,3.3519980356142653
2024-10-14,SELL,AVGO,168,179.7274131164551,调出Top7,0.35694221922019864
2024-10-14,BUY,CRM,103,288.85435499999994,动量轮换,
2024-10-14,BUY,CRWD,96,310.67526,动量轮换,
2024-10-16,SELL,CRWD,96,306.08688,调出Top7,-1.4769054993307071
2024-10-16,BUY,DDOG,235,126.06299999999999,动量轮换,
2024-10-17,SELL,FCX,577,47.026475,调出Top7,-5.559627258904209
2024-10-17,SELL,CAT,74,386.12684,调出Top7,0.013961092429854209
2024-10-17,BUY,NVDA,218,136.916424,动量轮换,
2024-10-17,BUY,CRWD,96,310.49517,动量轮换,
2024-10-21,SELL,CRWD,96,309.39522500000004,调出Top7,-0.3542551080585036
2024-10-21,BUY,TSM,151,197.426664,动量轮换,
2024-10-25,SELL,LITE,436,64.337815,调出Top7,-2.8028080880962007
2024-10-25,BUY,RTX,245,121.88090999999999,动量轮换,
2024-10-28,SELL,RTX,245,122.01896,调出Top7,0.11326630232742856
2024-10-28,BUY,CRWD,98,301.47065999999995,动量轮换,
2024-10-29,SELL,MU,290,107.58767400360108,调出Top7,5.394851193774429
2024-10-29,BUY,RTX,251,119.569755,动量轮换,
2024-10-30,SELL,RTX,251,118.550695,调出Top7,-0.8522723827610051
2024-10-30,BUY,NOW,156,190.095,动量轮换,
2024-11-01,SELL,CRWD,98,302.978435,调出Top7,0.5001398809423239
2024-11-01,BUY,NFLX,384,75.64780561065673,动量轮换,
2024-11-04,SELL,DDOG,235,125.49722000000001,调出Top7,-0.4488073423605462
2024-11-04,BUY,CRWD,97,299.02943999999997,动量轮换,
2024-11-05,SELL,CRWD,97,307.42621,调出Top7,2.808007800168459
2024-11-05,BUY,AMZN,153,199.59975,动量轮换,
2024-11-07,SELL,TSM,151,196.46971600000003,调出Top7,-0.48471061639371793
2024-11-07,BUY,GOOGL,179,179.793852,动量轮换,
2024-11-12,SELL,NVDA,218,148.1268995,调出Top7,8.187823763203165
2024-11-12,BUY,OKE,330,101.10052499999999,动量轮换,
2024-11-14,SELL,OKE,330,101.05944500000001,调出Top7,-0.04063282559608823
2024-11-14,BUY,LITE,389,85.17256499999999,动量轮换,
2024-11-15,SELL,GOOGL,179,171.406254,调出Top7,-4.665119472494531
2024-11-20,SELL,AMZN,153,202.7785648803711,调出Top7,1.592594620169167
2024-11-20,BUY,OKE,312,106.11303,动量轮换,
2024-11-29,SELL,NOW,156,209.785055,调出Top7,10.35800783818617
2024-11-29,BUY,CRWD,98,346.142985,动量轮换,
2024-12-09,SELL,OKE,312,98.47074,调出Top7,-7.202027875370243
2024-12-09,BUY,DDOG,217,161.270595,动量轮换,
2024-12-10,SELL,CRM,103,345.13734500000004,调出Top7,19.484902694300768
2024-12-10,BUY,AAPL,139,246.54707057189935,动量轮换,
2024-12-11,SELL,CRWD,98,362.7885150000001,调出Top7,4.808859552649915
2024-12-11,BUY,NOW,152,229.55471999999997,动量轮换,
2024-12-16,SELL,LITE,389,93.13341000000001,调出Top7,9.346724499843372
2024-12-16,BUY,AMZN,152,233.04645767211912,动量轮换,
2024-12-18,SELL,NOW,152,212.0939,调出Top7,-7.6063868344767585
2024-12-18,BUY,AVGO,155,220.67279651641843,动量轮换,
2024-12-19,SELL,NFLX,384,90.1589003791809,调出Top7,19.18243979635009
2024-12-19,BUY,META,58,593.4285659999999,动量轮换,
2024-12-23,SELL,DDOG,217,147.38627000000002,调出Top7,-8.609334516314002
2024-12-23,BUY,GOOGL,183,193.8138585,动量轮换,
2024-12-26,SELL,META,58,600.5805595,调出Top7,1.2051987231096855
2024-12-26,BUY,MSFT,83,434.13696,动量轮换,
2024-12-31,SELL,MSFT,83,417.2602655,调出Top7,-3.8874125114802447
2024-12-31,BUY,TSM,178,193.572738,动量轮换,
2025-01-07,SELL,AMZN,152,221.99894561004643,调出Top7,-4.740476286327338
2025-01-07,BUY,RTX,304,112.38616499999999,动量轮换,
2025-01-08,SELL,AAPL,139,241.26071798706056,调出Top7,-2.1441555044950986
2025-01-08,BUY,LIN,82,413.24887957763667,动量轮换,
2025-01-10,SELL,PLTR,809,67.22637,调出Top7,84.34231443948806
2025-01-10,BUY,NFLX,401,83.810881690979,动量轮换,
2025-01-10,BUY,MSFT,81,415.151472,动量轮换,
2025-01-13,SELL,NFLX,401,83.98698482894898,调出Top7,0.21011965799296603
2025-01-13,BUY,NOW,165,203.251575,动量轮换,
2025-01-14,SELL,RTX,304,116.84155000000001,调出Top7,3.9643536195046973
2025-01-14,SELL,NOW,165,206.15687,调出Top7,1.4294083575982106
2025-01-14,BUY,SNPS,68,490.60516534423823,动量轮换,
2025-01-14,BUY,NFLX,407,82.88141633605957,动量轮换,
2025-01-15,SELL,NFLX,407,84.78358340072633,调出Top7,2.2950465240048894
2025-01-15,BUY,AMZN,154,223.46168110656734,动量轮换,
2025-01-16,SELL,SNPS,68,515.5520925598145,调出Top7,5.084929588556608
2025-01-16,SELL,GOOGL,183,191.9089975,调出Top7,-0.9828301313138612
2025-01-16,BUY,GE,194,178.539225,动量轮换,
2025-01-16,BUY,EOG,264,131.22557999999998,动量轮换,
2025-01-17,SELL,AMZN,154,225.82703244018555,调出Top7,1.0585042240374927
2025-01-17,SELL,LIN,82,428.5527062988281,调出Top7,3.703295393524798
2025-01-17,BUY,AMAT,184,190.00469913482664,动量轮换,
2025-01-17,BUY,COP,345,101.580765,动量轮换,
2025-01-21,SELL,AVGO,155,237.5405636138916,调出Top7,7.643790881228166
2025-01-21,SELL,MSFT,81,424.189799,调出Top7,2.177115489066598
2025-01-21,BUY,OKE,343,103.001475,动量轮换,
2025-01-21,BUY,CVX,235,149.844885,动量轮换,
2025-01-24,SELL,OKE,343,97.92101500000001,调出Top7,-4.932414802797715
2025-01-24,BUY,ARM,214,162.60126427459716,动量轮换,
2025-01-27,SELL,TSM,178,188.201852,调出Top7,-2.7746086848241953
2025-01-27,BUY,NEM,820,40.810395,动量轮换,
2025-01-28,SELL,COP,345,97.19337900000001,调出Top7,-4.319111004923021
2025-01-28,BUY,PLD,289,115.207575,动量轮换,
2025-01-30,SELL,AMAT,184,179.60502256011964,调出Top7,-5.473378617508522
2025-01-30,BUY,CAT,92,370.08494999999994,动量轮换,
2025-01-31,SELL,CAT,92,366.22679500000004,调出Top7,-1.0425052410263906
2025-01-31,BUY,RTX,267,126.24309,动量轮换,
2025-02-03,SELL,EOG,264,120.889525,调出Top7,-7.8765550131308055
2025-02-03,SELL,CVX,235,141.279325,调出Top7,-5.716284543179438
2025-02-03,BUY,META,48,694.9523025,动量轮换,
2025-02-03,BUY,CRWD,84,397.768785,动量轮换,
2025-02-06,SELL,RTX,267,125.94699500000002,调出Top7,-0.2345435302636998
2025-02-06,BUY,PLTR,311,111.33564,动量轮换,
2025-02-10,SELL,ARM,214,160.7595763397217,调出Top7,-1.1326405997466709
2025-02-10,BUY,NFLX,340,102.8113821372986,动量轮换,
2025-02-19,SELL,PLD,289,116.45174500000002,调出Top7,1.0799376690291511
2025-02-19,BUY,LIN,77,454.6318043518067,动量轮换,
2025-02-25,SELL,GE,194,197.74108,调出Top7,10.754978352796158
2025-02-25,BUY,AAPL,130,246.0909405212402,动量轮换,
2025-02-26,SELL,META,48,670.6075285000001,调出Top7,-3.5030855948563344
2025-02-26,BUY,LRCX,403,80.50603795623779,动量轮换,
2025-02-27,SELL,NFLX,340,96.2588457069397,调出Top7,-6.3733570098380445
2025-02-27,BUY,AMT,161,195.207555,动量轮换,
2025-02-28,SELL,CRWD,84,389.46517000000006,调出Top7,-2.087548171986377
2025-02-28,BUY,PLD,268,118.76935499999999,动量轮换,
2025-03-03,SELL,NEM,820,41.549215000000004,调出Top7,1.810372087797739
2025-03-03,SELL,LRCX,403,74.96494018554688,调出Top7,-6.882835016303984
2025-03-03,BUY,XOM,303,104.23209,动量轮换,
2025-03-03,BUY,CVX,216,146.58325499999998,动量轮换,
2025-03-04,SELL,PLTR,311,84.35780000000001,调出Top7,-24.231090780993387
2025-03-04,BUY,MU,346,90.90934644699097,动量轮换,
2025-03-05,SELL,MU,346,93.94535154342653,调出Top7,3.339596218751663
2025-03-05,BUY,MSFT,79,398.1799905,动量轮换,
2025-03-06,SELL,XOM,303,103.997975,调出Top7,-0.2246093309651593
2025-03-06,BUY,CAT,93,336.55819499999996,动量轮换,
2025-03-11,SELL,AAPL,130,219.77171200561526,调出Top7,-10.694919715402255
2025-03-11,BUY,GE,162,190.805355,动量轮换,
2025-03-12,SELL,CVX,216,146.03694500000003,调出Top7,-0.37269604908142384
2025-03-12,SELL,PLD,268,110.80457000000001,调出Top7,-6.706094345633164
2025-03-12,BUY,OKE,350,88.11403499999999,动量轮换,
2025-03-12,BUY,COP,326,94.563258,动量轮换,
2025-03-13,SELL,LIN,77,447.00404730224614,调出Top7,-1.6777878222655067
2025-03-13,SELL,COP,326,92.961496,调出Top7,-1.6938523839777262
2025-03-13,BUY,GOOGL,189,162.2720955,动量轮换,
2025-03-13,BUY,RTX,241,127.12353,动量轮换,
2025-03-17,SELL,GOOGL,189,163.63414200000003,调出Top7,0.8393596544145321
2025-03-17,BUY,EOG,267,118.309125,动量轮换,
2025-03-18,SELL,OKE,350,92.79358,调出Top7,5.310782782788258
2025-03-18,BUY,GOOGL,196,160.188054,动量轮换,
2025-03-19,SELL,GOOGL,196,163.2353415,调出Top7,1.9023188208529023
2025-03-19,BUY,PLD,291,109.23459,动量轮换,
2025-03-20,SELL,GE,162,202.74857500000002,调出Top7,6.259373590432
2025-03-20,BUY,XOM,283,112.10602499999999,动量轮换,
2025-03-24,SELL,CAT,93,336.881475,调出Top7,0.09605471053826753
2025-03-24,BUY,CVX,201,158.008965,动量轮换,
2025-03-25,SELL,EOG,267,121.82905500000001,调出Top7,2.9751973907338227
2025-03-25,BUY,FCX,753,42.28113,动量轮换,
2025-03-26,SELL,PLD,291,107.34630000000001,调出Top7,-1.728655730753403
2025-03-26,BUY,NEM,679,46.80339,动量轮换,
2025-03-27,SELL,MSFT,79,387.42619,调出Top7,-2.7007385495429497
2025-03-27,BUY,COP,319,99.46870949999999,动量轮换,
2025-04-01,SELL,RTX,241,130.584675,调出Top7,2.7226627517344757
2025-04-01,BUY,AMD,309,102.83138877868652,动量轮换,
2025-04-04,SELL,FCX,753,28.3858,调出Top7,-32.864140575240064
2025-04-04,SELL,AMD,309,85.71712213516236,调出Top7,-16.643037546013744
2025-04-04,BUY,OKE,363,76.63829999999999,动量轮换,
2025-04-04,BUY,EOG,263,105.83288999999999,动量轮换,
2025-04-07,SELL,EOG,263,104.27783500000001,调出Top7,-1.4693494621567849
2025-04-07,SELL,OKE,363,76.60168,调出Top7,-0.047782897063198174
2025-04-07,BUY,GOOGL,188,146.3101185,动量轮换,
2025-04-07,BUY,MSFT,77,355.325574,动量轮换,
2025-04-08,SELL,CVX,201,130.97448,调出Top7,-17.109462744724638
2025-04-08,BUY,CRM,111,241.9209,动量轮换,
2025-04-09,SELL,XOM,283,102.23885500000002,调出Top7,-8.801641124997497
2025-04-09,SELL,COP,319,88.4387585,调出Top7,-11.088865086763777
2025-04-09,BUY,AMZN,151,191.19555610656735,动量轮换,
2025-04-09,BUY,NOW,175,165.272595,动量轮换,
2025-04-11,SELL,AMT,161,205.547175,调出Top7,5.296731471279376
2025-04-11,BUY,LIN,66,436.1677429504395,动量轮换,
2025-04-14,SELL,MSFT,77,384.6785645,调出Top7,8.26087190110329
2025-04-14,BUY,AMAT,204,143.32015942382813,动量轮换,
2025-04-15,SELL,AMAT,204,144.08827443695068,调出Top7,0.5359434542987594
2025-04-15,BUY,SNPS,68,425.8628188934326,动量轮换,
2025-04-22,SELL,AMZN,151,173.09340267944336,调出Top7,-9.46787351952591
2025-04-22,SELL,CRM,111,241.46920500000002,调出Top7,-0.18671185499060744
2025-04-22,BUY,MSFT,78,364.22202,动量轮换,
2025-04-22,BUY,RTX,254,111.91592999999999,动量轮换,
2025-04-23,SELL,LIN,66,442.02372010803225,调出Top7,1.3425974873749766
2025-04-23,BUY,AMT,141,205.152525,动量轮换,
2025-04-24,SELL,NOW,175,187.61614500000002,调出Top7,13.519210489797187
2025-04-24,BUY,CRM,115,262.881375,动量轮换,
2025-04-25,SELL,SNPS,68,446.39668511962896,调出Top7,4.821709084524412
2025-04-25,SELL,AMT,141,203.22833500000002,调出Top7,-0.937931424436517
2025-04-25,SELL,MSFT,78,388.6865595,调出Top7,6.716930376697158
2025-04-25,BUY,PLTR,269,112.83639,动量轮换,
2025-04-25,BUY,NFLX,276,110.20807637786864,动量轮换,
2025-04-25,BUY,CRWD,71,425.09243999999995,动量轮换,
2025-04-28,SELL,GOOGL,188,159.96897550000003,调出Top7,9.335551867521755
2025-04-28,BUY,XOM,289,105.082515,动量轮换,
2025-04-30,SELL,XOM,289,102.078935,调出Top7,-2.8583061606395694
2025-04-30,SELL,CRM,115,266.59663500000005,调出Top7,1.4132838433304975
2025-04-30,BUY,AVGO,159,191.01849618530272,动量轮换,
2025-04-30,BUY,NOW,159,191.0955,动量轮换,
2025-05-02,SELL,RTX,254,127.98597500000002,调出Top7,14.359032713216106
2025-05-02,BUY,ARM,254,123.33163164138793,动量轮换,
2025-05-07,SELL,NEM,679,53.27335,调出Top7,13.82369952262005
2025-05-07,BUY,SNPS,64,480.7802785491943,动量轮换,
2025-05-09,SELL,SNPS,64,482.65854389953614,调出Top7,0.3906702155108597
2025-05-09,BUY,LITE,474,64.902435,动量轮换,
2025-05-13,SELL,CRWD,71,439.9799,调出Top7,3.502170022125078
2025-05-13,BUY,GE,150,220.52020499999998,动量轮换,
2025-05-14,SELL,GE,150,221.94897,调出Top7,0.6479066169923192
2025-05-14,BUY,MU,355,95.13993053054809,动量轮换,
2025-05-15,SELL,NFLX,276,117.7390975227356,调出Top7,6.833456668861072
2025-05-15,BUY,DDOG,288,117.19856999999999,动量轮换,
2025-05-21,SELL,DDOG,288,113.633155,调出Top7,-3.042200088277517
2025-05-21,SELL,NOW,159,202.848525,调出Top7,6.150341059836578
2025-05-21,BUY,NVDA,251,131.8128735,动量轮换,
2025-05-21,BUY,LRCX,402,82.22889907836914,动量轮换,
2025-05-22,SELL,PLTR,269,122.22885500000001,调出Top7,8.323968003584675
2025-05-22,BUY,AMD,298,110.76535408401489,动量轮换,
2025-05-23,SELL,ARM,254,127.1164103050232,调出Top7,3.068781798525367
2025-05-23,BUY,TSM,173,188.73732149999998,动量轮换,
2025-05-29,SELL,LRCX,402,83.50607001113892,调出Top7,1.5531898725198259
2025-05-29,BUY,GE,139,242.991435,动量轮换,
2025-06-09,SELL,AMD,298,121.66913835525513,调出Top7,9.844038653972778
2025-06-09,BUY,ORCL,204,175.4877,动量轮换,
2025-06-16,SELL,LITE,474,85.73711,调出Top7,32.10153055120352
2025-06-16,BUY,CRWD,78,479.62969499999997,动量轮换,
2025-06-17,SELL,GE,139,234.38275000000002,调出Top7,-3.542793596819567
2025-06-17,BUY,NEM,646,58.069019999999995,动量轮换,
2025-06-18,SELL,NVDA,251,145.36328200000003,调出Top7,10.280034218357308
2025-06-18,BUY,RTX,261,144.262095,动量轮换,
2025-06-20,SELL,AVGO,159,248.44014039611818,调出Top7,30.06077702292872
2025-06-20,SELL,RTX,261,144.877525,调出Top7,0.4266054780363501
2025-06-20,BUY,META,54,681.054357,动量轮换,
2025-06-20,BUY,LITE,416,89.70482999999999,动量轮换,
2025-06-23,SELL,CRWD,78,491.564095,调出Top7,2.488252942720746
2025-06-23,BUY,LRCX,413,91.2155373687744,动量轮换,
2025-06-24,SELL,META,54,710.136754,调出Top7,4.270202033227726
2025-06-24,BUY,AMD,280,138.49920767211913,动量轮换,
2025-06-25,SELL,NEM,646,57.56120500000001,调出Top7,-0.8745024455380624
2025-06-25,BUY,PLTR,272,142.97145,动量轮换,
2025-06-26,SELL,TSM,173,221.343273,调出Top7,17.27583672421675
2025-06-26,BUY,ARM,247,158.2290688934326,动量轮换,
2025-06-30,SELL,PLTR,272,136.25184,调出Top7,-4.699966321947505
2025-06-30,BUY,TSM,174,224.045967,动量轮换,
2025-07-08,SELL,TSM,174,225.191348,调出Top7,0.5112258949968131
2025-07-08,BUY,DDOG,266,146.01297,动量轮换,
2025-07-09,SELL,MU,355,122.00185765457154,调出Top7,28.234125224001993
2025-07-09,BUY,AMAT,199,194.30534081268314,动量轮换,
2025-07-11,SELL,LITE,416,92.943505,调出Top7,3.6103685832747416
2025-07-11,SELL,ARM,247,145.86703244018557,调出Top7,-7.8127467599350435
2025-07-11,BUY,NVDA,235,164.9534355,动量轮换,
2025-07-11,BUY,CAT,96,402.56118,动量轮换,
2025-07-16,SELL,LRCX,413,99.83793447875979,调出Top7,9.452772366100284
2025-07-16,BUY,SNPS,69,571.4856122131347,动量轮换,
2025-07-22,SELL,DDOG,266,144.817555,调出Top7,-0.8187046671264868
2025-07-22,BUY,AVGO,144,277.1398129119873,动量轮换,
2025-07-23,SELL,AMAT,199,185.78596679687502,调出Top7,-4.38452899965374
2025-07-23,BUY,TSM,170,237.892887,动量轮换,
2025-07-25,SELL,TSM,170,242.922478,调出Top7,2.1142250461654246
2025-07-25,SELL,AVGO,144,288.38091441345216,调出Top7,4.056112105782059
2025-07-25,BUY,GOOGL,213,192.83236799999997,动量轮换,
2025-07-25,BUY,LITE,394,104.57225999999999,动量轮换,
2025-07-30,SELL,GOOGL,213,195.979961,调出Top7,1.632294947495552
2025-07-30,BUY,PLTR,270,158.68930500000002,动量轮换,
2025-08-05,SELL,ORCL,204,253.55316000000002,调出Top7,44.48486133216176
2025-08-05,BUY,GOOGL,221,194.3201115,动量轮换,
2025-08-08,SELL,CAT,96,414.15282,调出Top7,2.8794728791285937
2025-08-08,BUY,NEM,641,68.45421,动量轮换,
2025-08-13,SELL,NVDA,235,181.445232,调出Top7,9.99784966588343
2025-08-13,BUY,AVGO,144,307.4810257415771,动量轮换,
2025-08-14,SELL,SNPS,69,616.0518053588868,调出Top7,7.798305362958324
2025-08-14,BUY,NVDA,241,182.0559825,动量轮换,
2025-08-15,SELL,NVDA,241,180.305802,调出Top7,-0.9613419322817359
2025-08-15,BUY,META,55,783.7386734999999,动量轮换,
2025-08-21,SELL,AMD,280,163.62815171051025,调出Top7,18.14374570133354
2025-08-21,SELL,AVGO,144,287.8045425872803,调出Top7,-6.399251175529103
2025-08-21,BUY,AAPL,185,224.58437351989744,动量轮换,
2025-08-21,BUY,MU,360,115.68004927825926,动量轮换,
2025-08-25,SELL,PLTR,270,157.09141499999998,调出Top7,-1.0069298620975338
2025-08-25,BUY,LIN,90,473.23063769531245,动量轮换,
2025-08-26,SELL,LIN,90,476.7842547302247,调出Top7,0.7509270854099301
2025-08-26,BUY,NFLX,349,122.67030566024778,动量轮换,
2025-08-27,SELL,META,55,745.215206,调出Top7,-4.915345995108653
2025-08-27,BUY,LIN,89,478.0436203765869,动量轮换,
2025-09-02,SELL,MU,360,118.24918018341064,调出Top7,2.2208936814779014
2025-09-02,BUY,CVX,274,158.57925,动量轮换,
2025-09-03,SELL,NFLX,349,122.55668721771242,调出Top7,-0.09262098266065844
2025-09-03,BUY,FCX,967,45.78288,动量轮换,
2025-09-04,SELL,LIN,89,468.8464836578369,调出Top7,-1.9239116111422552
2025-09-08,SELL,CVX,274,150.75458500000002,调出Top7,-4.934230045860339
2025-09-08,BUY,PLD,407,110.85539999999999,动量轮换,
2025-09-11,SELL,AAPL,185,229.47759577178957,调出Top7,2.1787901692361524
2025-09-11,BUY,XOM,419,110.485215,动量轮换,
2025-09-15,SELL,XOM,419,110.58468,调出Top7,0.09002562017009176
2025-09-15,BUY,NOW,246,189.57474,动量轮换,
2025-09-16,SELL,PLD,407,112.193875,调出Top7,1.2074062246855064
2025-09-16,BUY,AVGO,130,358.1260255279541,动量轮换,
2025-09-18,SELL,FCX,967,44.45776,调出Top7,-2.8943570172955444
2025-09-18,SELL,NOW,246,189.455225,调出Top7,-0.06304373673411262
2025-09-18,BUY,MU,275,168.72961683654785,动量轮换,
2025-09-18,BUY,ORCL,157,294.457155,动量轮换,
2025-09-24,SELL,NEM,641,83.01847000000001,调出Top7,21.27591568144604
2025-09-24,BUY,LRCX,356,128.01976555252074,动量轮换,
2025-09-26,SELL,AVGO,130,333.02560360717774,调出Top7,-7.008823746828499
2025-09-26,BUY,TSM,166,271.76181299999996,动量轮换,
2025-10-01,SELL,GOOGL,221,244.4347215,调出Top7,25.789718631362557
2025-10-01,BUY,AMAT,220,217.15185662841796,动量轮换,
2025-10-03,SELL,LITE,394,163.72809500000002,调出Top7,56.56933779570227
2025-10-03,BUY,PLTR,276,173.156535,动量轮换,
2025-10-03,BUY,CRWD,97,490.12494,动量轮换,
2025-10-06,SELL,PLTR,276,179.440235,调出Top7,3.62891299482287
2025-10-06,BUY,CAT,99,493.056405,动量轮换,
2025-10-07,SELL,ORCL,157,281.888985,调出Top7,-4.268250842809375
2025-10-07,BUY,NEM,547,86.57326499999999,动量轮换,
2025-10-09,SELL,NEM,547,84.74760500000001,调出Top7,-2.108803451042288
2025-10-09,BUY,AMD,207,233.00644438934324,动量轮换,
2025-10-13,SELL,CRWD,97,508.355695,调出Top7,3.719613819284537
2025-10-13,BUY,DDOG,291,164.28209999999999,动量轮换,
2025-10-20,SELL,LRCX,356,143.56932322692873,调出Top7,12.146216334093122
2025-10-20,BUY,NEM,525,94.477215,动量轮换,
2025-10-21,SELL,TSM,166,292.629612,调出Top7,7.678709076024619
2025-10-21,BUY,ARM,286,169.4646948852539,动量轮换,
2025-10-24,SELL,NEM,525,82.91852,调出Top7,-12.23437312372089
2025-10-24,BUY,PLD,397,124.512225,动量轮换,
2025-10-28,SELL,DDOG,291,157.19136500000002,调出Top7,-4.316194521496844
2025-10-28,BUY,LRCX,320,155.25587283325194,动量轮换,
2025-10-31,SELL,AMAT,220,232.2380099182129,调出Top7,6.947282663859417
2025-10-31,BUY,LITE,250,201.66078,动量轮换,
2025-11-03,SELL,LRCX,320,160.70197270965576,调出Top7,3.5078221371072043
2025-11-03,SELL,PLD,397,122.21886,调出Top7,-1.8418793817233565
2025-11-03,BUY,GOOGL,179,283.4646615,动量轮换,
2025-11-03,BUY,AVGO,141,361.280678237915,动量轮换,
2025-11-04,SELL,AVGO,141,350.35729597473147,调出Top7,-3.0235168723831265
2025-11-04,BUY,LRCX,313,155.4155137710571,动量轮换,
2025-11-05,SELL,ARM,286,160.10990744018557,调出Top7,-5.5201984409806055
2025-11-11,SELL,AMD,207,237.4012442703247,调出Top7,1.886128039290596
2025-11-11,BUY,AMZN,209,249.22455610656735,动量轮换,
2025-11-14,SELL,CAT,99,552.48362,调出Top7,12.052822840826902
2025-11-14,BUY,DDOG,271,185.10250499999998,动量轮换,
2025-11-18,SELL,LRCX,313,142.76201834106445,调出Top7,-8.14171965395459
2025-11-18,BUY,CRWD,96,513.926835,动量轮换,
2025-11-19,SELL,CRWD,96,520.3297050000001,调出Top7,1.2458718953642731
2025-11-19,BUY,XOM,431,116.63829,动量轮换,
2025-11-21,SELL,AMZN,209,220.57965744018557,调出Top7,-11.493610065507887
2025-11-21,BUY,AAPL,179,271.3717936248779,动量轮换,
2025-11-25,SELL,MU,275,224.23290497589113,调出Top7,32.89481075104352
2025-11-25,BUY,OKE,729,69.95496,动量轮换,
2025-11-25,BUY,LIN,125,405.1955995788574,动量轮换,
2025-11-26,SELL,LIN,125,404.84020324707035,调出Top7,-0.087709820184732
2025-11-26,BUY,RTX,298,172.70631,动量轮换,
2025-11-28,SELL,DDOG,271,159.929995,调出Top7,-13.59922708771553
2025-12-02,SELL,XOM,431,114.56269000000002,调出Top7,-1.7795185440389945
2025-12-02,BUY,NEM,571,90.34514999999999,动量轮换,
2025-12-03,SELL,RTX,298,167.806055,调出Top7,-2.8373340846666317
2025-12-03,BUY,PLD,406,127.23358499999999,动量轮换,
2025-12-08,SELL,AAPL,179,277.4914033966065,调出Top7,2.255064791364356
2025-12-08,SELL,PLD,406,124.627655,调出Top7,-2.048146328659989
2025-12-08,BUY,AMAT,196,267.959901763916,动量轮换,
2025-12-08,BUY,FCX,1175,44.72235,动量轮换,
2025-12-09,SELL,NEM,571,93.85305000000001,调出Top7,3.882776219863514
2025-12-09,BUY,AVGO,132,404.8675547790528,动量轮换,
2025-12-16,SELL,AVGO,132,339.7651520690918,调出Top7,-16.07992587736232
2025-12-16,BUY,SNPS,108,463.57166633605954,动量轮换,
2025-12-17,SELL,OKE,729,72.02397,调出Top7,2.957631596101271
2025-12-17,BUY,CAT,89,560.8803,动量轮换,
2025-12-18,SELL,CAT,89,564.247735,调出Top7,0.600383896528368
2025-12-18,SELL,GOOGL,179,302.096876,调出Top7,6.57302903346209
2025-12-18,BUY,NEM,516,99.18956999999999,动量轮换,
2025-12-18,BUY,META,77,664.1839259999999,动量轮换,
2025-12-19,SELL,META,77,657.8479115,调出Top7,-0.953954808596184
2025-12-19,BUY,LRCX,306,172.14988996124268,动量轮换,
2025-12-22,SELL,AMAT,196,258.5580342407227,调出Top7,-3.50868449394967
2025-12-22,BUY,PLTR,279,194.07698999999997,动量轮换,
2025-12-26,SELL,LRCX,306,177.76798987579346,调出Top7,3.263493177843811
2025-12-26,BUY,MU,191,284.6977281646728,动量轮换,
2025-12-29,SELL,SNPS,108,478.7305162200928,调出Top7,3.2700121652914116
2025-12-29,BUY,LRCX,304,175.74736040496825,动量轮换,
2026-01-02,SELL,PLTR,279,167.77607000000003,调出Top7,-13.551797150192785
2026-01-02,BUY,CRM,214,253.116495,动量轮换,
2026-01-06,SELL,CRM,214,262.10888,调出Top7,3.5526665300892435
2026-01-06,BUY,RTX,304,189.864885,动量轮换,
2026-01-12,SELL,LITE,250,339.700065,调出Top7,68.45123032847538
2026-01-12,BUY,GE,177,323.84184,动量轮换,
2026-01-14,SELL,RTX,304,198.08091000000002,调出Top7,4.327300964578063
2026-01-14,BUY,LIN,129,438.72633361816406,动量轮换,
2026-01-15,SELL,LIN,129,438.3476110839844,调出Top7,-0.08632318262191602
2026-01-15,BUY,SNPS,112,508.44409744262697,动量轮换,
2026-01-16,SELL,GE,177,324.467685,调出Top7,0.19325637477851124
2026-01-16,BUY,AMAT,178,326.7659929962158,动量轮换,
2026-01-22,SELL,SNPS,112,509.2152662200928,调出Top7,0.15167228439560454
2026-01-22,BUY,TSM,181,326.59421549999996,动量轮换,
2026-01-28,SELL,TSM,181,341.1903195,调出Top7,4.469186319682391
2026-01-28,BUY,XOM,463,136.73833499999998,动量轮换,
2026-02-06,SELL,NEM,516,115.03245500000001,调出Top7,15.97232955037513
2026-02-06,BUY,CVX,339,179.199555,动量轮换,
2026-02-09,SELL,AMAT,178,329.99315452575684,调出Top7,0.9876062989144677
2026-02-09,SELL,LRCX,304,228.89112767791752,调出Top7,30.23872856496509
2026-02-09,BUY,LITE,106,577.4385749999999,动量轮换,
2026-02-09,BUY,CAT,82,742.49106,动量轮换,
2026-02-11,SELL,FCX,1175,65.27734500000001,调出Top7,45.961348184967946
2026-02-11,BUY,OKE,741,84.94245000000001,动量轮换,
2026-02-11,BUY,COP,570,110.409177,动量轮换,
2026-02-17,SELL,MU,191,399.4123155212403,调出Top7,40.29346777583526
2026-02-17,BUY,EOG,522,118.88941499999999,动量轮换,
2026-02-25,SELL,CVX,339,184.12789,调出Top7,2.750193771407526
2026-02-25,BUY,TSM,166,386.98439549999995,动量轮换,
2026-02-26,SELL,XOM,463,148.46573,调出Top7,8.576523182032334
2026-02-26,SELL,OKE,741,83.97799,调出Top7,-1.135427574787403
2026-02-26,BUY,AMAT,168,375.90786122131345,动量轮换,
2026-02-26,BUY,GE,185,340.500165,动量轮换,
2026-03-02,SELL,COP,570,118.18088,调出Top7,7.03900093377202
2026-03-02,BUY,ARM,528,124.43218774795533,动量轮换,
2026-03-03,SELL,TSM,166,352.0149045,调出Top7,-9.036408549450142
2026-03-03,BUY,COP,529,118.57925999999999,动量轮换,
2026-03-04,SELL,CAT,82,731.6040150000001,调出Top7,-1.4662863415486553
2026-03-04,BUY,LIN,126,497.76761929321293,动量轮换,
2026-03-09,SELL,ARM,528,117.57118225479125,调出Top7,-5.513851051997446
2026-03-09,BUY,NFLX,621,98.36915969467162,动量轮换,
2026-03-10,SELL,AMAT,168,345.7070648803711,调出Top7,-8.03409544105326
2026-03-10,SELL,GE,185,326.35674,调出Top7,-4.153720454144268
2026-03-10,BUY,CVX,328,186.38314499999998,动量轮换,
2026-03-10,BUY,AMT,331,184.37214,动量轮换,
2026-03-11,SELL,LIN,126,481.3092127990723,调出Top7,-3.306443781439645
2026-03-11,BUY,NOW,533,115.68781499999999,动量轮换,
2026-03-12,SELL,AMT,331,177.99096000000003,调出Top7,-3.461032670120319
2026-03-12,BUY,PLTR,397,153.57675,动量轮换,
2026-03-17,SELL,LITE,106,649.23522,调出Top7,12.433641967892454
2026-03-17,BUY,AMZN,289,215.3075969467163,动量轮换,
2026-03-19,SELL,AMZN,289,208.6556145095826,调出Top7,-3.08952518697235
2026-03-19,BUY,CRM,319,194.59725,动量轮换,
2026-03-20,SELL,CRM,319,194.792555,调出Top7,0.10036369989811804
2026-03-20,BUY,XOM,386,159.749835,动量轮换,
2026-03-24,SELL,NOW,533,104.59767500000001,调出Top7,-9.586264551716168
2026-03-24,BUY,DDOG,509,122.63128499999999,动量轮换,
2026-03-27,SELL,NFLX,621,93.3832853050232,调出Top7,-5.06853408641906
2026-03-27,BUY,OKE,667,94.00697999999998,动量轮换,
2026-03-31,SELL,PLTR,397,146.20686,调出Top7,-4.798831854431089
2026-04-01,SELL,DDOG,509,118.61066500000001,调出Top7,-3.2786250262320746
2026-04-01,BUY,ARM,389,155.14754232788084,动量轮换,
2026-04-08,BUY,LITE,66,896.4680099999999,动量轮换,
2026-04-09,SELL,OKE,667,86.13691000000001,调出Top7,-8.37179324343785
2026-04-10,SELL,CVX,328,188.45572500000003,调出Top7,1.111999692890709
2026-04-10,BUY,AMD,238,245.16251328277588,动量轮换,
2026-04-10,BUY,LIN,116,503.40156889343257,动量轮换,
2026-04-13,SELL,XOM,386,152.56368,调出Top7,-4.498380233068777
2026-04-13,SELL,LIN,116,508.6155601196289,调出Top7,1.035751882469824
2026-04-13,BUY,LRCX,220,267.45366732788085,动量轮换,
2026-04-13,BUY,CAT,74,792.125865,动量轮换,
2026-04-14,SELL,EOG,522,132.49372,调出Top7,11.442822727321866
2026-04-14,SELL,COP,529,118.73060500000001,调出Top7,0.12763193158737918
2026-04-14,BUY,AMAT,148,395.8378346557617,动量轮换,
2026-04-14,BUY,LIN,117,499.8998188934326,动量轮换,
2026-04-15,SELL,AMAT,148,394.0628797607422,调出Top7,-0.4484045585392526
2026-04-15,SELL,LIN,117,497.6910324401856,调出Top7,-0.4418458198557308
2026-04-15,BUY,FCX,844,68.73434999999999,动量轮换,
2026-04-15,BUY,NFLX,538,107.76385408401488,动量轮换,
2026-04-17,SELL,CAT,74,794.2526750000001,调出Top7,0.2684939469815307
2026-04-17,SELL,NFLX,538,97.26134255981447,调出Top7,-9.745857378126477
2026-04-17,BUY,AVGO,146,406.7432785491943,动量轮换,
2026-04-17,BUY,AMZN,237,250.68527755737298,动量轮换,
2026-04-21,SELL,LRCX,220,258.240815,调出Top7,-3.444653580534565
2026-04-21,BUY,CAT,73,800.850225,动量轮换,
2026-04-27,SELL,CAT,73,828.3756050000001,调出Top7,3.4370196999070632
2026-04-27,SELL,LITE,66,859.25016,调出Top7,-4.151609380908069
2026-04-27,BUY,MU,120,524.8222799999999,动量轮换,
2026-04-27,BUY,ORCL,364,173.04648,动量轮换,
2026-04-28,SELL,FCX,844,58.18089500000001,调出Top7,-15.353975123064359
2026-04-30,SELL,ORCL,364,161.309305,调出Top7,-6.782671915661045
2026-04-30,BUY,GOOGL,161,386.03291999999993,动量轮换,
2026-05-07,SELL,AMZN,237,271.034415,调出Top7,8.117404277149799
2026-05-07,BUY,SNPS,132,505.442595,动量轮换,
2026-05-08,SELL,AVGO,146,429.785,调出Top7,5.664929862637886
2026-05-08,BUY,DDOG,352,200.46018,动量轮换,
2026-05-18,SELL,SNPS,132,498.180785,调出Top7,-1.4367229971981228
2026-05-18,BUY,CRWD,110,621.3605249999999,动量轮换,
2026-05-27,SELL,GOOGL,161,393.68306,调出Top7,1.9817325423956276
2026-05-27,BUY,AAPL,260,311.005425,动量轮换,
2026-06-01,SELL,AAPL,260,306.15684500000003,调出Top7,-1.5590017441013995
2026-06-01,BUY,LRCX,292,317.27855999999997,动量轮换,
2026-06-03,SELL,LRCX,292,343.538145,调出Top7,8.27650787371199
2026-06-03,BUY,NOW,803,117.95895,动量轮换,
