date,code,name,action,price,shares,amount,commission
2019-01-02,511880.XSHG,货币基金,买入,100.116,9900,991148.4,198.22968
2019-02-20,511880.XSHG,货币基金,卖出,100.515,9900,995098.5,199.0197
2019-02-20,510050.XSHG,上证50ETF,买入,2.577,389200,1002968.4,200.59368
2019-02-22,510050.XSHG,上证50ETF,卖出,2.618,389200,1018925.6,203.78512
2019-02-22,159915.XSHE,创业板ETF,买入,1.406,724300,1018365.7999999999,203.67316
2019-03-14,159915.XSHE,创业板ETF,盈利保护卖出,1.583,724300,1146566.9,229.31338
2019-03-14,512100.XSHG,中证1000ETF,买入,0.682,1680200,1145896.4000000001,229.17928000000003
2019-03-15,512100.XSHG,中证1000ETF,盈利保护卖出,0.692,1680200,1162698.4,232.53968
2019-03-15,510500.XSHG,中证500ETF,买入,5.72,203100,1161732.0,232.34640000000002
2019-03-18,510500.XSHG,中证500ETF,卖出,5.903,203100,1198899.2999999998,239.77985999999999
2019-03-18,512100.XSHG,中证1000ETF,买入,0.709,1690300,1198422.7,239.68454
2019-03-19,512100.XSHG,中证1000ETF,卖出,0.71,1690300,1200113.0,240.0226
2019-03-19,159915.XSHE,创业板ETF,买入,1.633,734400,1199275.2,239.85504
2019-03-21,159915.XSHE,创业板ETF,卖出,1.627,734400,1194868.8,238.97376000000003
2019-03-21,512100.XSHG,中证1000ETF,买入,0.719,1661000,1194259.0,238.85180000000003
2019-03-27,512100.XSHG,中证1000ETF,卖出,0.699,1661000,1161039.0,232.20780000000002
2019-03-27,512890.XSHG,红利低波ETF,买入,1.146,1012500,1160325.0,232.065
2019-03-28,512890.XSHG,红利低波ETF,卖出,1.14,1012500,1154250.0,230.85000000000002
2019-03-28,510500.XSHG,中证500ETF,买入,5.746,200700,1153222.2000000002,230.64444000000006
2019-03-29,510500.XSHG,中证500ETF,卖出,5.942,200700,1192559.4000000001,238.51188000000005
2019-03-29,512100.XSHG,中证1000ETF,买入,0.71,1679200,1192232.0,238.4464
2019-04-02,512100.XSHG,中证1000ETF,卖出,0.743,1679200,1247645.6,249.52912000000003
2019-04-02,510500.XSHG,中证500ETF,买入,6.172,202000,1246744.0,249.3488
2019-04-09,510500.XSHG,中证500ETF,卖出,6.257,202000,1263914.0,252.7828
2019-04-09,512890.XSHG,红利低波ETF,买入,1.226,1030400,1263270.4,252.65408
2019-04-19,512890.XSHG,红利低波ETF,卖出,1.221,1030400,1258118.4000000001,251.62368000000004
2019-04-19,510050.XSHG,上证50ETF,买入,3.024,415800,1257379.2,251.47584
2019-04-24,510050.XSHG,上证50ETF,卖出,2.958,415800,1229936.4000000001,245.98728000000003
2019-04-24,501018.XSHG,南方原油,买入,1.179,1042600,1229225.4000000001,245.84508000000005
2019-04-30,501018.XSHG,南方原油,盈利保护卖出,1.151,1042600,1200032.6,240.00652000000002
2019-04-30,513100.XSHG,纳指ETF,买入,2.807,427200,1199150.4,239.83007999999998
2019-05-13,513100.XSHG,纳指ETF,卖出,2.679,427200,1144468.7999999998,228.89376
2019-05-13,511220.XSHG,城投债ETF,买入,96.106,11900,1143661.4,228.73228
2019-05-20,511220.XSHG,城投债ETF,卖出,96.15,11900,1144185.0,228.83700000000002
2019-05-20,518880.XSHG,黄金ETF,买入,2.835,403400,1143639.0,228.7278
2019-05-29,518880.XSHG,黄金ETF,卖出,2.861,403400,1154127.4000000001,230.82548000000003
2019-05-29,511220.XSHG,城投债ETF,买入,96.24,11900,1145256.0,229.05120000000002
2019-05-30,511220.XSHG,城投债ETF,卖出,96.227,11900,1145101.3,229.02026
2019-05-30,518880.XSHG,黄金ETF,买入,2.847,404800,1152465.6,230.49312000000003
2019-05-31,518880.XSHG,黄金ETF,卖出,2.878,404800,1165014.4000000001,233.00288000000003
2019-05-31,511220.XSHG,城投债ETF,买入,96.234,12100,1164431.4,232.88628
2019-06-03,511220.XSHG,城投债ETF,卖出,96.22,12100,1164262.0,232.85240000000002
2019-06-03,518880.XSHG,黄金ETF,买入,2.914,399300,1163560.2,232.71204
2019-07-01,518880.XSHG,黄金ETF,卖出,3.034,399300,1211476.2,242.29524
2019-07-01,510050.XSHG,上证50ETF,买入,3.02,400900,1210718.0,242.14360000000002
2019-07-08,510050.XSHG,上证50ETF,卖出,2.924,400900,1172231.5999999999,234.44632
2019-07-08,513050.XSHG,中概互联网ETF,买入,1.213,965900,1171636.7000000002,234.32734000000005
2019-07-15,513050.XSHG,中概互联网ETF,卖出,1.203,965900,1161977.7,232.39554
2019-07-15,501018.XSHG,南方原油,买入,1.117,1039700,1161344.9,232.26898
2019-07-22,501018.XSHG,南方原油,卖出,1.1,1039700,1143670.0,228.734
2019-07-22,513100.XSHG,纳指ETF,买入,2.804,407600,1142910.4,228.58208
2019-07-24,513100.XSHG,纳指ETF,卖出,2.847,407600,1160437.2,232.08744000000002
2019-07-24,161226.XSHE,白银LOF,买入,0.829,1399000,1159771.0,231.95420000000001
2019-08-02,161226.XSHE,白银LOF,卖出,0.817,1399000,1142983.0,228.59660000000002
2019-08-02,513100.XSHG,纳指ETF,买入,2.818,405300,1142135.4000000001,228.42708000000005
2019-08-05,513100.XSHG,纳指ETF,卖出,2.789,405300,1130381.7,226.07634
2019-08-05,159915.XSHE,创业板ETF,买入,1.473,767000,1129791.0,225.9582
2019-08-06,159915.XSHE,创业板ETF,卖出,1.451,767000,1112917.0,222.5834
2019-08-06,161226.XSHE,白银LOF,买入,0.845,1316400,1112358.0,222.47160000000002
2019-08-15,161226.XSHE,白银LOF,卖出,0.883,1316400,1162381.2,232.47624
2019-08-15,518880.XSHG,黄金ETF,买入,3.414,340200,1161442.8,232.28856000000002
2019-08-26,518880.XSHG,黄金ETF,卖出,3.52,340200,1197504.0,239.5008
2019-08-26,161226.XSHE,白银LOF,买入,0.915,1308200,1197003.0,239.40060000000003
2019-08-27,161226.XSHE,白银LOF,卖出,0.924,1308200,1208776.8,241.75536000000002
2019-08-27,518880.XSHG,黄金ETF,买入,3.522,343000,1208046.0,241.60920000000002
2019-08-29,518880.XSHG,黄金ETF,卖出,3.565,343000,1222795.0,244.55900000000003
2019-08-29,161226.XSHE,白银LOF,买入,0.965,1266400,1222076.0,244.4152
2019-09-09,161226.XSHE,白银LOF,盈利保护卖出,0.95,1266400,1203080.0,240.616
2019-09-09,159967.XSHE,创业板成长ETF,买入,1.18,1018900,1202302.0,240.46040000000002
2019-09-12,159967.XSHE,创业板成长ETF,卖出,1.161,1018900,1182942.9000000001,236.58858000000004
2019-09-12,512100.XSHG,中证1000ETF,买入,0.712,1660500,1182276.0,236.45520000000002
2019-09-24,512100.XSHG,中证1000ETF,卖出,0.701,1660500,1164010.5,232.80210000000002
2019-09-24,501018.XSHG,南方原油,买入,1.133,1026800,1163364.4,232.67288
2019-09-26,501018.XSHG,南方原油,卖出,1.107,1026800,1136667.6,227.33352000000002
2019-09-26,513520.XSHG,日经225ETF,买入,1.061,1070600,1135906.5999999999,227.18131999999997
2019-10-11,513520.XSHG,日经225ETF,卖出,1.053,1070600,1127341.8,225.46836000000002
2019-10-11,511880.XSHG,货币基金,买入,102.095,11000,1123045.0,224.609
2019-10-16,511880.XSHG,货币基金,卖出,102.131,11000,1123441.0,224.68820000000002
2019-10-16,513520.XSHG,日经225ETF,买入,1.076,1046900,1126464.4000000001,225.29288000000003
2019-10-29,513520.XSHG,日经225ETF,卖出,1.093,1046900,1144261.7,228.85234
2019-10-29,513030.XSHG,德国30ETF,买入,1.095,1044300,1143508.5,228.70170000000002
2019-11-12,513030.XSHG,德国30ETF,卖出,1.098,1044300,1146641.4000000001,229.32828000000003
2019-11-12,513050.XSHG,中概互联网ETF,买入,1.298,882900,1146004.2,229.20084
2019-11-22,513050.XSHG,中概互联网ETF,卖出,1.266,882900,1117751.4,223.55028
2019-11-22,513100.XSHG,纳指ETF,买入,3.023,369500,1116998.5,223.39970000000002
2019-12-09,513100.XSHG,纳指ETF,卖出,3.086,369500,1140277.0,228.05540000000002
2019-12-09,513050.XSHG,中概互联网ETF,买入,1.332,855600,1139659.2,227.93184
2020-01-20,513050.XSHG,中概互联网ETF,卖出,1.514,855600,1295378.4,259.07568
2020-01-20,159915.XSHE,创业板ETF,买入,1.905,679600,1294638.0,258.9276
2020-02-03,159915.XSHE,创业板ETF,卖出,1.708,679600,1160756.8,232.15136
2020-02-03,513100.XSHG,纳指ETF,买入,3.303,351200,1160013.6,232.00272000000004
2020-02-04,513100.XSHG,纳指ETF,盈利保护卖出,3.422,351200,1201806.4000000001,240.36128000000005
2020-02-04,518880.XSHG,黄金ETF,买入,3.492,343900,1200898.8,240.17976000000002
2020-02-07,518880.XSHG,黄金ETF,卖出,3.468,343900,1192645.2,238.52904
2020-02-07,513100.XSHG,纳指ETF,买入,3.709,321400,1192072.6,238.41452000000004
2020-02-17,513100.XSHG,纳指ETF,盈利保护卖出,3.976,321400,1277886.4,255.57728
2020-02-17,159915.XSHE,创业板ETF,买入,2.071,616700,1277185.7000000002,255.43714000000006
2020-02-24,159915.XSHE,创业板ETF,卖出,2.178,616700,1343172.5999999999,268.63452
2020-02-24,513100.XSHG,纳指ETF,买入,3.558,377200,1342077.5999999999,268.41551999999996
2020-02-25,513100.XSHG,纳指ETF,盈利保护卖出,3.686,377200,1390359.2,278.07184
2020-02-25,159915.XSHE,创业板ETF,买入,2.195,633100,1389654.5,277.9309
2020-02-27,159915.XSHE,创业板ETF,卖出,2.111,633100,1336474.1,267.29482
2020-02-27,518880.XSHG,黄金ETF,买入,3.669,364000,1335516.0,267.1032
2020-03-05,518880.XSHG,黄金ETF,卖出,3.611,364000,1314404.0,262.8808
2020-03-05,512100.XSHG,中证1000ETF,买入,0.824,1594600,1313950.4,262.79008
2020-03-10,512100.XSHG,中证1000ETF,卖出,0.807,1594600,1286842.2000000002,257.3684400000001
2020-03-10,511220.XSHG,城投债ETF,买入,98.868,13000,1285284.0,257.0568
2020-03-11,511220.XSHG,城投债ETF,卖出,98.833,13000,1284829.0,256.9658
2020-03-11,510210.XSHG,上证ETF,买入,3.911,328500,1284763.5,256.9527
2020-03-13,510210.XSHG,上证ETF,卖出,3.8,328500,1248300.0,249.66000000000003
2020-03-13,511220.XSHG,城投债ETF,买入,98.697,12600,1243582.2,248.71644
2020-03-16,511220.XSHG,城投债ETF,卖出,98.724,12600,1243922.4000000001,248.78448000000003
2020-03-16,512100.XSHG,中证1000ETF,买入,0.735,1696900,1247221.5,249.4443
2020-03-17,512100.XSHG,中证1000ETF,盈利保护卖出,0.734,1696900,1245524.5999999999,249.10492
2020-03-17,511220.XSHG,城投债ETF,买入,98.221,12600,1237584.6,247.51692000000003
2020-03-18,511220.XSHG,城投债ETF,卖出,98.311,12600,1238718.6,247.74372000000002
2020-03-18,511010.XSHG,国债ETF,买入,121.791,10200,1242268.2,248.45364
2020-03-19,511010.XSHG,国债ETF,卖出,121.479,10200,1239085.8,247.81716000000003
2020-03-19,511880.XSHG,货币基金,买入,100.66,12300,1238118.0,247.6236
2020-03-24,511880.XSHG,货币基金,卖出,100.681,12300,1238376.3,247.67526
2020-03-24,159985.XSHE,豆粕ETF,买入,1.015,1222400,1240735.9999999998,248.14719999999997
2020-04-07,159985.XSHE,豆粕ETF,卖出,0.979,1222400,1196729.6,239.34592000000004
2020-04-07,511010.XSHG,国债ETF,买入,123.862,9600,1189075.2,237.81504
2020-04-15,511010.XSHG,国债ETF,卖出,125.087,9600,1200835.2,240.16704000000001
2020-04-15,518880.XSHG,黄金ETF,买入,3.702,326000,1206852.0,241.37040000000002
2020-04-20,518880.XSHG,黄金ETF,卖出,3.651,326000,1190226.0,238.04520000000002
2020-04-20,513520.XSHG,日经225ETF,买入,0.951,1251000,1189701.0,237.9402
2020-04-23,513520.XSHG,日经225ETF,卖出,0.938,1251000,1173438.0,234.6876
2020-04-23,513030.XSHG,德国30ETF,买入,0.857,1368400,1172718.8,234.54376000000002
2020-04-24,513030.XSHG,德国30ETF,卖出,0.846,1368400,1157666.4,231.53328
2020-04-24,159967.XSHE,创业板成长ETF,买入,1.39,832400,1157036.0,231.40720000000002
2020-04-29,159967.XSHE,创业板成长ETF,卖出,1.428,832400,1188667.2,237.73344
2020-04-29,513100.XSHG,纳指ETF,买入,3.722,319100,1187690.2,237.53804
2020-05-18,513100.XSHG,纳指ETF,卖出,3.651,319100,1165034.0999999999,233.00681999999998
2020-05-18,159967.XSHE,创业板成长ETF,买入,1.52,766100,1164472.0,232.89440000000002
2020-05-20,159967.XSHE,创业板成长ETF,卖出,1.519,766100,1163705.9,232.74117999999999
2020-05-20,513100.XSHG,纳指ETF,买入,3.721,312500,1162812.5,232.5625
2020-05-21,513100.XSHG,纳指ETF,卖出,3.72,312500,1162500.0,232.5
2020-05-21,159967.XSHE,创业板成长ETF,买入,1.506,771600,1162029.6,232.40592000000004
2020-05-25,159967.XSHE,创业板成长ETF,卖出,1.478,771600,1140424.8,228.08496000000002
2020-05-25,161226.XSHE,白银LOF,买入,0.806,1414200,1139845.2000000002,227.96904000000004
2020-06-08,161226.XSHE,白银LOF,卖出,0.83,1414200,1173786.0,234.7572
2020-06-08,513030.XSHG,德国30ETF,买入,1.083,1083100,1172997.3,234.59946000000002
2020-06-12,513030.XSHG,德国30ETF,卖出,1.007,1083100,1090681.7,218.13634
2020-06-12,513520.XSHG,日经225ETF,买入,1.072,1016800,1090009.6,218.00192000000004
2020-06-16,513520.XSHG,日经225ETF,卖出,1.095,1016800,1113396.0,222.6792
2020-06-16,513050.XSHG,中概互联网ETF,买入,1.705,652600,1112683.0,222.53660000000002
2020-06-17,513050.XSHG,中概互联网ETF,卖出,1.732,652600,1130303.2,226.06064
2020-06-17,513030.XSHG,德国30ETF,买入,1.038,1088400,1129759.2,225.95184
2020-06-19,513030.XSHG,德国30ETF,卖出,1.038,1088400,1129759.2,225.95184
2020-06-19,513050.XSHG,中概互联网ETF,买入,1.766,639300,1129003.8,225.80076000000003
2020-07-08,513050.XSHG,中概互联网ETF,卖出,1.953,639300,1248552.9000000001,249.71058000000005
2020-07-08,159915.XSHE,创业板ETF,买入,2.574,484800,1247875.2,249.57504
2020-07-17,159915.XSHE,创业板ETF,盈利保护卖出,2.583,484800,1252238.4000000001,250.44768000000005
2020-07-17,512890.XSHG,红利低波ETF,买入,1.276,980800,1251500.8,250.30016000000003
2020-07-22,512890.XSHG,红利低波ETF,卖出,1.326,980800,1300540.8,260.10816
2020-07-22,159915.XSHE,创业板ETF,买入,2.678,485300,1299633.4,259.92668
2020-07-23,159915.XSHE,创业板ETF,卖出,2.706,485300,1313221.8,262.64436
2020-07-23,159967.XSHE,创业板成长ETF,买入,2.075,632500,1312437.5,262.4875
2020-07-27,159967.XSHE,创业板成长ETF,盈利保护卖出,1.947,632500,1231477.5,246.2955
2020-07-27,161226.XSHE,白银LOF,买入,1.042,1181200,1230810.4000000001,246.16208000000003
2020-08-13,161226.XSHE,白银LOF,盈利保护卖出,1.089,1181200,1286326.8,257.26536000000004
2020-08-13,513500.XSHG,标普500ETF,买入,2.212,581200,1285614.4000000001,257.12288000000007
2020-08-18,513500.XSHG,标普500ETF,卖出,2.209,581200,1283870.8,256.77416
2020-08-18,161226.XSHE,白银LOF,买入,1.192,1076400,1283068.8,256.61376
2020-08-20,161226.XSHE,白银LOF,盈利保护卖出,1.088,1076400,1171123.2000000002,234.22464000000005
2020-08-20,512040.XSHG,价值ETF,买入,1.517,771500,1170365.5,234.0731
2020-08-25,512040.XSHG,价值ETF,卖出,1.526,771500,1177309.0,235.4618
2020-08-25,513100.XSHG,纳指ETF,买入,4.591,256300,1176673.3,235.33466
2020-09-07,513100.XSHG,纳指ETF,盈利保护卖出,4.484,256300,1149249.2,229.84984
2020-09-07,159980.XSHE,有色ETF,买入,1.083,1060500,1148521.5,229.70430000000002
2020-09-10,159980.XSHE,有色ETF,卖出,1.054,1060500,1117767.0,223.5534
2020-09-10,159985.XSHE,豆粕ETF,买入,1.047,1067000,1117149.0,223.4298
2020-09-29,159985.XSHE,豆粕ETF,卖出,1.072,1067000,1143824.0,228.7648
2020-09-29,511880.XSHG,货币基金,买入,101.559,11200,1137460.8,227.49216
2020-10-09,511880.XSHG,货币基金,卖出,101.624,11200,1138188.8,227.63776000000001
2020-10-09,159985.XSHE,豆粕ETF,买入,1.14,1002700,1143078.0,228.6156
2020-10-20,159985.XSHE,豆粕ETF,卖出,1.146,1002700,1149094.2,229.81884
2020-10-20,159967.XSHE,创业板成长ETF,买入,2.029,566000,1148414.0,229.68280000000001
2020-10-26,159967.XSHE,创业板成长ETF,卖出,1.93,566000,1092380.0,218.476
2020-10-26,513050.XSHG,中概互联网ETF,买入,2.08,524900,1091792.0,218.35840000000002
2020-10-27,513050.XSHG,中概互联网ETF,卖出,2.125,524900,1115412.5,223.0825
2020-10-27,511880.XSHG,货币基金,买入,101.695,10900,1108475.5,221.6951
2020-10-28,511880.XSHG,货币基金,卖出,101.701,10900,1108540.9,221.70818
2020-10-28,513050.XSHG,中概互联网ETF,买入,2.199,506600,1114013.4,222.80267999999998
2020-11-11,513050.XSHG,中概互联网ETF,卖出,2.076,506600,1051701.6,210.34032000000002
2020-11-11,159920.XSHE,恒生ETF,买入,1.398,751900,1051156.2,210.23124
2020-11-16,159920.XSHE,恒生ETF,卖出,1.392,751900,1046644.7999999999,209.32896
2020-11-16,513520.XSHG,日经225ETF,买入,1.201,871000,1046071.0000000001,209.21420000000003
2020-11-23,513520.XSHG,日经225ETF,卖出,1.197,871000,1042587.0,208.5174
2020-11-23,513080.XSHG,法国ETF,买入,1.087,958500,1041889.5,208.3779
2020-12-10,513080.XSHG,法国ETF,卖出,1.114,958500,1067769.0,213.55380000000002
2020-12-10,159981.XSHE,能源化工ETF,买入,0.995,1072500,1067137.5,213.4275
2020-12-24,159981.XSHE,能源化工ETF,卖出,1.012,1072500,1085370.0,217.074
2020-12-24,159967.XSHE,创业板成长ETF,买入,0.618,1755300,1084775.4,216.95507999999998
2021-01-27,159967.XSHE,创业板成长ETF,盈利保护卖出,0.758,1755300,1330517.4,266.10348
2021-01-27,513050.XSHG,中概互联网ETF,买入,2.417,550100,1329591.7,265.91834
2021-01-29,513050.XSHG,中概互联网ETF,盈利保护卖出,2.329,550100,1281182.9000000001,256.23658000000006
2021-01-29,159920.XSHE,恒生ETF,买入,1.477,867000,1280559.0,256.1118
2021-02-01,159920.XSHE,恒生ETF,卖出,1.503,867000,1303101.0,260.6202
2021-02-01,511880.XSHG,货币基金,买入,100.314,12900,1294050.5999999999,258.81012
2021-02-02,511880.XSHG,货币基金,卖出,100.327,12900,1294218.3,258.84366
2021-02-02,501018.XSHG,南方原油,买入,0.627,2076100,1301714.7,260.34294
2021-02-03,501018.XSHG,南方原油,卖出,0.634,2076100,1316247.4,263.24948
2021-02-03,513050.XSHG,中概互联网ETF,买入,2.427,542000,1315434.0,263.08680000000004
2021-02-09,513050.XSHG,中概互联网ETF,卖出,2.459,542000,1332778.0,266.5556
2021-02-09,501018.XSHG,南方原油,买入,0.668,1994000,1331992.0,266.39840000000004
2021-02-10,501018.XSHG,南方原油,卖出,0.662,1994000,1320028.0,264.0056
2021-02-10,513050.XSHG,中概互联网ETF,买入,2.57,513300,1319181.0,263.8362
2021-02-24,513050.XSHG,中概互联网ETF,卖出,2.354,513300,1208308.2,241.66164
2021-02-24,501018.XSHG,南方原油,买入,0.7,1725200,1207640.0,241.52800000000002
2021-03-03,501018.XSHG,南方原油,卖出,0.69,1725200,1190388.0,238.07760000000002
2021-03-03,159980.XSHE,有色ETF,买入,1.308,909500,1189626.0,237.92520000000002
2021-03-05,159980.XSHE,有色ETF,卖出,1.255,909500,1141422.5,228.2845
2021-03-05,159981.XSHE,能源化工ETF,买入,1.099,1038000,1140762.0,228.1524
2021-03-08,159981.XSHE,能源化工ETF,卖出,1.116,1038000,1158408.0,231.6816
2021-03-08,501018.XSHG,南方原油,买入,0.758,1527300,1157693.4,231.53868
2021-03-22,501018.XSHG,南方原油,盈利保护卖出,0.713,1527300,1088964.9,217.79298
2021-03-22,513080.XSHG,法国ETF,买入,1.169,931000,1088339.0,217.6678
2021-03-23,513080.XSHG,法国ETF,卖出,1.167,931000,1086477.0,217.2954
2021-03-23,512890.XSHG,红利低波ETF,买入,1.407,771700,1085781.9,217.15637999999998
2021-03-29,512890.XSHG,红利低波ETF,卖出,1.425,771700,1099672.5,219.9345
2021-03-29,513030.XSHG,德国30ETF,买入,1.185,927500,1099087.5,219.81750000000002
2021-04-07,513030.XSHG,德国30ETF,卖出,1.228,927500,1138970.0,227.794
2021-04-07,513500.XSHG,标普500ETF,买入,2.526,450600,1138215.5999999999,227.64311999999998
2021-04-13,513500.XSHG,标普500ETF,卖出,2.557,450600,1152184.2,230.43684
2021-04-13,513100.XSHG,纳指ETF,买入,4.625,248900,1151162.5,230.23250000000002
2021-04-26,513100.XSHG,纳指ETF,卖出,4.619,248900,1149669.0999999999,229.93382
2021-04-26,159967.XSHE,创业板成长ETF,买入,0.672,1710300,1149321.6,229.86432000000002
2021-05-07,159967.XSHE,创业板成长ETF,卖出,0.662,1710300,1132218.6,226.44372000000004
2021-05-07,159981.XSHE,能源化工ETF,买入,1.278,885400,1131541.2,226.30824
2021-05-14,159981.XSHE,能源化工ETF,卖出,1.281,885400,1134197.4,226.83947999999998
2021-05-14,159980.XSHE,有色ETF,买入,1.375,824400,1133550.0,226.71
2021-05-19,159980.XSHE,有色ETF,卖出,1.388,824400,1144267.2,228.85344
2021-05-19,159981.XSHE,能源化工ETF,买入,1.272,899000,1143528.0,228.7056
2021-05-21,159981.XSHE,能源化工ETF,盈利保护卖出,1.179,899000,1059921.0,211.98420000000002
2021-05-21,159967.XSHE,创业板成长ETF,买入,0.716,1479500,1059322.0,211.86440000000002
2021-06-04,159967.XSHE,创业板成长ETF,卖出,0.74,1479500,1094830.0,218.966
2021-06-04,588080.XSHG,科创50,买入,1.46,749400,1094124.0,218.8248
2021-06-17,588080.XSHG,科创50,卖出,1.505,749400,1127847.0,225.5694
2021-06-17,501018.XSHG,南方原油,买入,0.817,1379700,1127214.9,225.44298
2021-06-18,501018.XSHG,南方原油,卖出,0.802,1379700,1106519.4000000001,221.30388000000005
2021-06-18,588080.XSHG,科创50,买入,1.529,723200,1105772.8,221.15456000000003
2021-07-09,588080.XSHG,科创50,卖出,1.627,723200,1176646.4,235.32927999999998
2021-07-09,159967.XSHE,创业板成长ETF,买入,0.827,1422000,1175994.0,235.1988
2021-07-19,159967.XSHE,创业板成长ETF,卖出,0.823,1422000,1170306.0,234.0612
2021-07-19,513100.XSHG,纳指ETF,买入,4.874,239900,1169272.5999999999,233.85451999999998
2021-07-20,513100.XSHG,纳指ETF,卖出,4.863,239900,1166633.7000000002,233.32674000000006
2021-07-20,159981.XSHE,能源化工ETF,买入,1.366,853800,1166290.8,233.25816000000003
2021-07-22,159981.XSHE,能源化工ETF,卖出,1.387,853800,1184220.6,236.84412000000003
2021-07-22,159967.XSHE,创业板成长ETF,买入,0.861,1374600,1183530.6,236.70612000000003
2021-07-26,159967.XSHE,创业板成长ETF,卖出,0.813,1374600,1117549.7999999998,223.50995999999998
2021-07-26,159981.XSHE,能源化工ETF,买入,1.367,817000,1116839.0,223.36780000000002
2021-08-03,159981.XSHE,能源化工ETF,卖出,1.342,817000,1096414.0,219.2828
2021-08-03,159980.XSHE,有色ETF,买入,1.395,785500,1095772.5,219.1545
2021-08-10,159980.XSHE,有色ETF,卖出,1.395,785500,1095772.5,219.1545
2021-08-10,512100.XSHG,中证1000ETF,买入,1.096,999200,1095123.2000000002,219.02464000000006
2021-08-11,512100.XSHG,中证1000ETF,卖出,1.105,999200,1104116.0,220.8232
2021-08-11,513080.XSHG,法国ETF,买入,1.325,832800,1103460.0,220.692
2021-08-20,513080.XSHG,法国ETF,卖出,1.292,832800,1075977.6,215.19552000000002
2021-08-20,512100.XSHG,中证1000ETF,买入,1.091,985600,1075289.5999999999,215.05792
2021-08-24,512100.XSHG,中证1000ETF,卖出,1.124,985600,1107814.4000000001,221.56288000000004
2021-08-24,512040.XSHG,价值ETF,买入,1.725,641800,1107105.0,221.42100000000002
2021-09-02,512040.XSHG,价值ETF,卖出,1.809,641800,1161016.2,232.20324
2021-09-02,512890.XSHG,红利低波ETF,买入,1.618,717200,1160429.6,232.08592000000002
2021-09-27,512890.XSHG,红利低波ETF,盈利保护卖出,1.637,717200,1174056.4,234.81127999999998
2021-09-27,513520.XSHG,日经225ETF,买入,1.293,907400,1173268.2,234.65364
2021-09-28,513520.XSHG,日经225ETF,卖出,1.278,907400,1159657.2,231.93144
2021-09-28,159981.XSHE,能源化工ETF,买入,1.751,661900,1158986.9,231.79738
2021-10-20,159981.XSHE,能源化工ETF,卖出,2.053,661900,1358880.7,271.77614
2021-10-20,501018.XSHG,南方原油,买入,0.939,1446300,1358075.7,271.61514
2021-10-29,501018.XSHG,南方原油,卖出,0.936,1446300,1353736.8,270.74736
2021-10-29,159967.XSHE,创业板成长ETF,买入,0.825,1639900,1352917.5,270.5835
2021-11-09,159967.XSHE,创业板成长ETF,卖出,0.841,1639900,1379155.9,275.83118
2021-11-09,513100.XSHG,纳指ETF,买入,5.368,256700,1377965.6,275.59312000000006
2021-11-24,513100.XSHG,纳指ETF,卖出,5.368,256700,1377965.6,275.59312000000006
2021-11-24,588080.XSHG,科创50,买入,1.509,912900,1377566.0999999999,275.51322
2021-11-29,588080.XSHG,科创50,卖出,1.512,912900,1380304.8,276.06096
2021-11-29,512100.XSHG,中证1000ETF,买入,1.164,1185100,1379456.4,275.89128
2021-12-07,512100.XSHG,中证1000ETF,卖出,1.129,1185100,1337977.9,267.59558
2021-12-07,512040.XSHG,价值ETF,买入,1.827,731900,1337181.3,267.43626
2021-12-28,512040.XSHG,价值ETF,卖出,1.874,731900,1371580.6,274.31612
2021-12-28,159985.XSHE,豆粕ETF,买入,1.249,1097500,1370777.5000000002,274.1555000000001
2022-01-07,159985.XSHE,豆粕ETF,卖出,1.234,1097500,1354315.0,270.863
2022-01-07,501018.XSHG,南方原油,买入,0.929,1456900,1353460.1,270.69202
2022-01-27,501018.XSHG,南方原油,卖出,0.981,1456900,1429218.9,285.84378
2022-01-27,159981.XSHE,能源化工ETF,买入,1.635,873600,1428336.0,285.66720000000004
2022-02-14,159981.XSHE,能源化工ETF,卖出,1.66,873600,1450176.0,290.03520000000003
2022-02-14,159985.XSHE,豆粕ETF,买入,1.43,1013500,1449305.0,289.861
2022-02-28,159985.XSHE,豆粕ETF,盈利保护卖出,1.484,1013500,1504034.0,300.8068
2022-02-28,518880.XSHG,黄金ETF,买入,3.787,396900,1503060.3,300.61206000000004
2022-03-01,518880.XSHG,黄金ETF,卖出,3.786,396900,1502663.4,300.53267999999997
2022-03-01,501018.XSHG,南方原油,买入,1.085,1384200,1501857.0,300.3714
2022-03-03,501018.XSHG,南方原油,卖出,1.264,1384200,1749628.8,349.92576
2022-03-03,159985.XSHE,豆粕ETF,买入,1.502,1164200,1748628.4,349.72568
2022-03-10,159985.XSHE,豆粕ETF,卖出,1.583,1164200,1842928.5999999999,368.58572
2022-03-10,501018.XSHG,南方原油,买入,1.347,1367300,1841753.0999999999,368.35062
2022-03-11,501018.XSHG,南方原油,盈利保护卖出,1.249,1367300,1707757.7000000002,341.55154000000005
2022-03-11,159985.XSHE,豆粕ETF,买入,1.61,1060100,1706761.0,341.35220000000004
2022-03-31,159985.XSHE,豆粕ETF,卖出,1.59,1060100,1685559.0,337.1118
2022-03-31,513100.XSHG,纳指ETF,买入,0.983,1713700,1684567.0999999999,336.91342
2022-04-11,513100.XSHG,纳指ETF,卖出,0.929,1713700,1592027.3,318.40546
2022-04-11,513690.XSHG,港股红利,买入,0.899,1769800,1591050.2,318.21004
2022-04-14,513690.XSHG,港股红利,卖出,0.908,1769800,1606978.4000000001,321.39568
2022-04-14,512890.XSHG,红利低波ETF,买入,0.862,1863100,1605992.2,321.19844
2022-04-20,512890.XSHG,红利低波ETF,卖出,0.835,1863100,1555688.5,311.1377
2022-04-20,513690.XSHG,港股红利,买入,0.881,1764800,1554788.8,310.95776
2022-04-21,513690.XSHG,港股红利,卖出,0.868,1764800,1531846.4,306.36928
2022-04-21,159980.XSHE,有色ETF,买入,1.731,884400,1530896.4000000001,306.17928000000006
2022-04-22,159980.XSHE,有色ETF,卖出,1.744,884400,1542393.6,308.47872
2022-04-22,518880.XSHG,黄金ETF,买入,3.951,390100,1541285.1,308.25702
2022-04-27,518880.XSHG,黄金ETF,卖出,3.892,390100,1518269.2,303.65384
2022-04-27,511880.XSHG,货币基金,买入,100.726,15000,1510890.0,302.178
2022-05-05,511880.XSHG,货币基金,卖出,100.769,15000,1511535.0,302.307
2022-05-05,511220.XSHG,城投债ETF,买入,98.24,15400,1512896.0,302.5792
2022-05-06,511220.XSHG,城投债ETF,卖出,98.345,15400,1514513.0,302.9026
2022-05-06,501018.XSHG,南方原油,买入,1.32,1150000,1518000.0,303.6
2022-05-09,501018.XSHG,南方原油,盈利保护卖出,1.332,1150000,1531800.0,306.36
2022-05-09,511880.XSHG,货币基金,买入,100.801,15100,1522095.1,304.41902000000005
2022-05-10,511880.XSHG,货币基金,卖出,100.808,15100,1522200.8,304.44016000000005
2022-05-10,501018.XSHG,南方原油,买入,1.27,1204800,1530096.0,306.0192
2022-05-11,501018.XSHG,南方原油,盈利保护卖出,1.268,1204800,1527686.4,305.53728
2022-05-11,511220.XSHG,城投债ETF,买入,98.72,15400,1520288.0,304.05760000000004
2022-05-16,511220.XSHG,城投债ETF,卖出,98.54,15400,1517516.0,303.5032
2022-05-16,501018.XSHG,南方原油,买入,1.329,1146000,1523034.0,304.6068
2022-05-24,501018.XSHG,南方原油,卖出,1.314,1146000,1505844.0,301.16880000000003
2022-05-24,588080.XSHG,科创50,买入,1.027,1465400,1504965.7999999998,300.99316
2022-05-25,588080.XSHG,科创50,卖出,1.035,1465400,1516688.9999999998,303.33779999999996
2022-05-25,501018.XSHG,南方原油,买入,1.332,1138000,1515816.0,303.1632
2022-06-01,501018.XSHG,南方原油,卖出,1.389,1138000,1580682.0,316.13640000000004
2022-06-01,512100.XSHG,中证1000ETF,买入,0.929,1700400,1579671.6,315.93432
2022-06-13,512100.XSHG,中证1000ETF,卖出,0.975,1700400,1657890.0,331.57800000000003
2022-06-13,513130.XSHG,恒生科技,买入,0.594,2789500,1656963.0,331.3926
2022-06-14,513130.XSHG,恒生科技,卖出,0.598,2789500,1668121.0,333.62420000000003
2022-06-14,159967.XSHE,创业板成长ETF,买入,0.628,2654600,1667088.8,333.41776000000004
2022-06-15,159967.XSHE,创业板成长ETF,卖出,0.633,2654600,1680361.8,336.07236
2022-06-15,501018.XSHG,南方原油,买入,1.453,1155800,1679377.4000000001,335.87548000000004
2022-06-17,501018.XSHG,南方原油,卖出,1.43,1155800,1652794.0,330.5588
2022-06-17,159792.XSHE,港股互联ETF,买入,0.72,2294200,1651824.0,330.3648
2022-06-23,159792.XSHE,港股互联ETF,卖出,0.728,2294200,1670177.5999999999,334.03551999999996
2022-06-23,159915.XSHE,创业板ETF,买入,2.68,622800,1669104.0,333.8208
2022-07-05,159915.XSHE,创业板ETF,卖出,2.739,622800,1705849.2,341.16984
2022-07-05,159967.XSHE,创业板成长ETF,买入,0.704,2421700,1704876.7999999998,340.97535999999997
2022-07-12,159967.XSHE,创业板成长ETF,卖出,0.664,2421700,1608008.8,321.60176
2022-07-12,511380.XSHG,可转债ETF,买入,11.573,138800,1606332.4000000001,321.26648000000006
2022-07-13,511380.XSHG,可转债ETF,卖出,11.587,138800,1608275.5999999999,321.65512
2022-07-13,511880.XSHG,货币基金,买入,101.112,15900,1607680.7999999998,321.53616
2022-07-14,511880.XSHG,货币基金,卖出,101.111,15900,1607664.9000000001,321.53298000000007
2022-07-14,511380.XSHG,可转债ETF,买入,11.63,138100,1606103.0,321.2206
2022-07-15,511380.XSHG,可转债ETF,卖出,11.614,138100,1603893.4000000001,320.77868000000007
2022-07-15,159915.XSHE,创业板ETF,买入,2.68,598400,1603712.0,320.74240000000003
2022-07-18,159915.XSHE,创业板ETF,卖出,2.717,598400,1625852.8,325.17056
2022-07-18,513100.XSHG,纳指ETF,买入,0.841,1932300,1625064.3,325.01286000000005
2022-08-15,513100.XSHG,纳指ETF,卖出,0.931,1932300,1798971.3,359.79426
2022-08-15,513080.XSHG,法国ETF,买入,1.185,1517200,1797882.0,359.57640000000004
2022-08-16,513080.XSHG,法国ETF,卖出,1.178,1517200,1787261.5999999999,357.45232
2022-08-16,513100.XSHG,纳指ETF,买入,0.942,1896100,1786126.2,357.22524
2022-08-23,513100.XSHG,纳指ETF,卖出,0.895,1896100,1697009.5,339.4019
2022-08-23,513500.XSHG,标普500ETF,买入,1.335,1270400,1695984.0,339.1968
2022-08-26,513500.XSHG,标普500ETF,卖出,1.358,1270400,1725203.2000000002,345.04064000000005
2022-08-26,159985.XSHE,豆粕ETF,买入,1.631,1057100,1724130.1,344.82602
2022-09-01,159985.XSHE,豆粕ETF,卖出,1.631,1057100,1724130.1,344.82602
2022-09-01,512890.XSHG,红利低波ETF,买入,0.854,2017800,1723201.2,344.64024
2022-09-07,512890.XSHG,红利低波ETF,卖出,0.882,2017800,1779699.6,355.93992000000003
2022-09-07,512100.XSHG,中证1000ETF,买入,2.783,639100,1778615.3,355.72306000000003
2022-09-08,512100.XSHG,中证1000ETF,卖出,2.761,639100,1764555.1,352.91102
2022-09-08,512890.XSHG,红利低波ETF,买入,0.883,1997200,1763527.6,352.70552000000004
2022-09-19,512890.XSHG,红利低波ETF,卖出,0.86,1997200,1717592.0,343.51840000000004
2022-09-19,159985.XSHE,豆粕ETF,买入,1.735,989300,1716435.5,343.2871
2022-09-28,159985.XSHE,豆粕ETF,卖出,1.762,989300,1743146.6,348.62932
2022-09-28,511880.XSHG,货币基金,买入,101.418,17100,1734247.8,346.84956000000005
2022-09-29,511880.XSHG,货币基金,卖出,101.405,17100,1734025.5,346.80510000000004
2022-09-29,159985.XSHE,豆粕ETF,买入,1.8,967200,1740960.0,348.192
2022-10-19,159985.XSHE,豆粕ETF,卖出,1.735,967200,1678092.0,335.6184
2022-10-19,161226.XSHE,白银LOF,买入,0.614,2731400,1677079.5999999999,335.41591999999997
2022-10-20,161226.XSHE,白银LOF,卖出,0.611,2731400,1668885.4,333.77708
2022-10-20,513290.XSHG,纳指生物ETF,买入,0.995,1676200,1667819.0,333.5638
2022-10-21,513290.XSHG,纳指生物ETF,卖出,0.989,1676200,1657761.8,331.55236
2022-10-21,501018.XSHG,南方原油,买入,1.248,1327600,1656844.8,331.36896
2022-10-25,501018.XSHG,南方原油,卖出,1.257,1327600,1668793.2,333.75864
2022-10-25,518880.XSHG,黄金ETF,买入,3.827,435700,1667423.9,333.48478
2022-10-26,518880.XSHG,黄金ETF,卖出,3.824,435700,1666116.8,333.22336
2022-10-26,513290.XSHG,纳指生物ETF,买入,1.03,1616900,1665407.0,333.08140000000003
2022-10-31,513290.XSHG,纳指生物ETF,卖出,1.093,1616900,1767271.7,353.45434
2022-10-31,513080.XSHG,法国ETF,买入,1.18,1496800,1766224.0,353.2448
2022-11-03,513080.XSHG,法国ETF,卖出,1.164,1496800,1742275.2,348.45504
2022-11-03,513030.XSHG,德国30ETF,买入,0.946,1840600,1741207.5999999999,348.24152
2022-11-17,513030.XSHG,德国30ETF,卖出,1.058,1840600,1947354.8,389.47096000000005
2022-11-17,159792.XSHE,港股互联ETF,买入,0.634,3069800,1946253.2,389.25064000000003
2022-11-22,159792.XSHE,港股互联ETF,盈利保护卖出,0.596,3069800,1829600.7999999998,365.92015999999995
2022-11-22,513030.XSHG,德国30ETF,买入,1.053,1736400,1828429.2,365.68584
2022-11-28,513030.XSHG,德国30ETF,卖出,1.079,1736400,1873575.5999999999,374.71512
2022-11-28,513130.XSHG,恒生科技,买入,0.466,4018300,1872527.8,374.50556
2022-11-29,513130.XSHG,恒生科技,卖出,0.495,4018300,1989058.5,397.81170000000003
2022-11-29,513030.XSHG,德国30ETF,买入,1.069,1859500,1987805.5,397.5611
2022-11-30,513030.XSHG,德国30ETF,卖出,1.063,1859500,1976648.5,395.3297
2022-11-30,159920.XSHE,恒生ETF,买入,1.065,1854900,1975468.5,395.0937
2022-12-01,159920.XSHE,恒生ETF,卖出,1.083,1854900,2008856.7,401.77134
2022-12-01,513130.XSHG,恒生科技,买入,0.522,3846200,2007716.4000000001,401.54328000000004
2022-12-09,513130.XSHG,恒生科技,卖出,0.575,3846200,2211565.0,442.31300000000005
2022-12-09,159792.XSHE,港股互联ETF,买入,0.746,2962800,2210248.8,442.04976
2022-12-13,159792.XSHE,港股互联ETF,卖出,0.732,2962800,2168769.6,433.75392000000005
2022-12-13,513050.XSHG,中概互联网ETF,买入,1.053,2058300,2167389.9,433.47798
2022-12-16,513050.XSHG,中概互联网ETF,卖出,1.041,2058300,2142690.3,428.53806
2022-12-16,513130.XSHG,恒生科技,买入,0.553,3872400,2141437.2,428.28744000000006
2022-12-20,513130.XSHG,恒生科技,卖出,0.528,3872400,2044627.2000000002,408.92544000000004
2022-12-20,513690.XSHG,港股红利,买入,0.733,2787700,2043384.0999999999,408.67681999999996
2022-12-21,513690.XSHG,港股红利,卖出,0.731,2787700,2037808.7,407.56174
2022-12-21,161226.XSHE,白银LOF,买入,0.732,2782300,2036643.5999999999,407.32872
2022-12-28,161226.XSHE,白银LOF,卖出,0.729,2782300,2028296.7,405.65934
2022-12-28,159985.XSHE,豆粕ETF,买入,1.96,1034200,2027032.0,405.4064
2022-12-30,159985.XSHE,豆粕ETF,卖出,2.01,1034200,2078741.9999999998,415.74839999999995
2022-12-30,159792.XSHE,港股互联ETF,买入,0.716,2901600,2077545.5999999999,415.50912
2023-01-03,159792.XSHE,港股互联ETF,卖出,0.724,2901600,2100758.4,420.15168
2023-01-03,159985.XSHE,豆粕ETF,买入,2.015,1041900,2099428.5,419.88570000000004
2023-01-09,159985.XSHE,豆粕ETF,卖出,1.949,1041900,2030663.1,406.13262000000003
2023-01-09,159981.XSHE,能源化工ETF,买入,1.474,1376800,2029403.2,405.88064
2023-01-11,159981.XSHE,能源化工ETF,卖出,1.488,1376800,2048678.4,409.73568
2023-01-11,159920.XSHE,恒生ETF,买入,1.182,1732200,2047460.4,409.49208
2023-01-12,159920.XSHE,恒生ETF,卖出,1.172,1732200,2030138.4,406.02768
2023-01-12,513050.XSHG,中概互联网ETF,买入,1.126,1801900,2028939.4,405.78788
2023-02-01,513050.XSHG,中概互联网ETF,盈利保护卖出,1.163,1801900,2095609.7,419.12194
2023-02-01,159915.XSHE,创业板ETF,买入,2.537,825500,2094293.5,418.8587
2023-02-08,159915.XSHE,创业板ETF,卖出,2.447,825500,2019998.5,403.9997
2023-02-08,512100.XSHG,中证1000ETF,买入,2.745,735400,2018673.0,403.7346
2023-02-10,512100.XSHG,中证1000ETF,卖出,2.786,735400,2048824.4000000001,409.76488000000006
2023-02-10,513310.XSHG,中韩半导体ETF,买入,1.071,1912000,2047752.0,409.5504
2023-02-14,513310.XSHG,中韩半导体ETF,卖出,1.075,1912000,2055400.0,411.08000000000004
2023-02-14,512100.XSHG,中证1000ETF,买入,2.818,728900,2054040.2,410.80804
2023-02-17,512100.XSHG,中证1000ETF,卖出,2.742,728900,1998643.8,399.72876
2023-02-17,513100.XSHG,纳指ETF,买入,0.865,2309400,1997631.0,399.5262
2023-02-20,513100.XSHG,纳指ETF,卖出,0.868,2309400,2004559.2,400.91184
2023-02-20,513500.XSHG,标普500ETF,买入,1.317,1521100,2003288.7,400.65774
2023-02-21,513500.XSHG,标普500ETF,卖出,1.313,1521100,1997204.2999999998,399.44086
2023-02-21,513100.XSHG,纳指ETF,买入,0.866,2304900,1996043.4,399.20868
2023-02-23,513100.XSHG,纳指ETF,卖出,0.857,2304900,1975299.3,395.05986
2023-02-23,512040.XSHG,价值ETF,买入,1.848,1068200,1974033.6,394.80672000000004
2023-03-07,512040.XSHG,价值ETF,卖出,1.834,1068200,1959078.8,391.81576
2023-03-07,512890.XSHG,红利低波ETF,买入,0.892,2195100,1958029.2,391.60584
2023-03-13,512890.XSHG,红利低波ETF,卖出,0.883,2195100,1938273.3,387.65466000000004
2023-03-13,159981.XSHE,能源化工ETF,买入,1.538,1259500,1937111.0,387.42220000000003
2023-03-14,159981.XSHE,能源化工ETF,卖出,1.508,1259500,1899326.0,379.8652
2023-03-14,512890.XSHG,红利低波ETF,买入,0.879,2159500,1898200.5,379.6401
2023-03-17,512890.XSHG,红利低波ETF,卖出,0.9,2159500,1943550.0,388.71000000000004
2023-03-17,518880.XSHG,黄金ETF,买入,4.198,462600,1941994.8000000003,388.3989600000001
2023-03-31,518880.XSHG,黄金ETF,卖出,4.281,462600,1980390.5999999999,396.07812
2023-03-31,588080.XSHG,科创50,买入,1.104,1793100,1979582.4000000001,395.91648000000004
2023-04-03,588080.XSHG,科创50,卖出,1.148,1793100,2058478.7999999998,411.69576
2023-04-03,513310.XSHG,中韩半导体ETF,买入,1.152,1785800,2057241.5999999999,411.44831999999997
2023-04-24,513310.XSHG,中韩半导体ETF,卖出,1.121,1785800,2001881.8,400.37636000000003
2023-04-24,161226.XSHE,白银LOF,买入,0.746,2681900,2000697.4,400.13948
2023-04-25,161226.XSHE,白银LOF,卖出,0.754,2681900,2022152.6,404.43052000000006
2023-04-25,513080.XSHG,法国ETF,买入,1.515,1333900,2020858.4999999998,404.1717
2023-05-05,513080.XSHG,法国ETF,卖出,1.468,1333900,1958165.2,391.63304
2023-05-05,512890.XSHG,红利低波ETF,买入,0.984,1988900,1957077.5999999999,391.41552
2023-05-17,512890.XSHG,红利低波ETF,卖出,0.946,1988900,1881499.4,376.29988
2023-05-17,513520.XSHG,日经225ETF,买入,1.213,1550100,1880271.3,376.05426
2023-05-23,513520.XSHG,日经225ETF,盈利保护卖出,1.201,1550100,1861670.1,372.33402
2023-05-23,513100.XSHG,纳指ETF,买入,0.992,1875600,1860595.2,372.11904
2023-06-28,513100.XSHG,纳指ETF,卖出,1.09,1875600,2044404.0000000002,408.8808000000001
2023-06-28,159985.XSHE,豆粕ETF,买入,1.893,1079300,2043114.9,408.62298
2023-08-02,159985.XSHE,豆粕ETF,卖出,2.178,1079300,2350715.4,470.14308
2023-08-02,501018.XSHG,南方原油,买入,1.258,1867500,2349315.0,469.863
2023-08-17,501018.XSHG,南方原油,卖出,1.239,1867500,2313832.5,462.7665
2023-08-17,159985.XSHE,豆粕ETF,买入,2.27,1018700,2312449.0,462.4898
2023-08-18,159985.XSHE,豆粕ETF,卖出,2.296,1018700,2338935.1999999997,467.78704
2023-08-18,501018.XSHG,南方原油,买入,1.245,1877600,2337612.0,467.5224
2023-08-21,501018.XSHG,南方原油,卖出,1.265,1877600,2375164.0,475.0328
2023-08-21,159985.XSHE,豆粕ETF,买入,2.343,1013100,2373693.3,474.73866
2023-08-23,159985.XSHE,豆粕ETF,卖出,2.27,1013100,2299737.0,459.9474
2023-08-23,501018.XSHG,南方原油,买入,1.245,1846100,2298394.5,459.6789
2023-08-24,501018.XSHG,南方原油,卖出,1.23,1846100,2270703.0,454.1406
2023-08-24,159981.XSHE,能源化工ETF,买入,1.631,1391400,2269373.4,453.87468
2023-08-28,159981.XSHE,能源化工ETF,卖出,1.622,1391400,2256850.8000000003,451.37016000000006
2023-08-28,159985.XSHE,豆粕ETF,买入,2.357,956900,2255413.3000000003,451.0826600000001
2023-09-05,159985.XSHE,豆粕ETF,卖出,2.329,956900,2228620.1,445.72402000000005
2023-09-05,159981.XSHE,能源化工ETF,买入,1.675,1329700,2227247.5,445.4495
2023-09-06,159981.XSHE,能源化工ETF,卖出,1.696,1329700,2255171.1999999997,451.03423999999995
2023-09-06,159985.XSHE,豆粕ETF,买入,2.365,953000,2253845.0,450.769
2023-09-11,159985.XSHE,豆粕ETF,卖出,2.347,953000,2236691.0,447.33820000000003
2023-09-11,159981.XSHE,能源化工ETF,买入,1.674,1335300,2235292.1999999997,447.05843999999996
2023-09-14,159981.XSHE,能源化工ETF,卖出,1.709,1335300,2282027.7,456.4055400000001
2023-09-14,501018.XSHG,南方原油,买入,1.374,1659900,2280702.6,456.14052000000004
2023-09-22,501018.XSHG,南方原油,卖出,1.37,1659900,2274063.0,454.81260000000003
2023-09-22,159981.XSHE,能源化工ETF,买入,1.696,1340100,2272809.6,454.56192000000004
2023-09-25,159981.XSHE,能源化工ETF,卖出,1.666,1340100,2232606.6,446.52132000000006
2023-09-25,501018.XSHG,南方原油,买入,1.367,1632200,2231217.4,446.24348
2023-09-27,501018.XSHG,南方原油,卖出,1.37,1632200,2236114.0,447.2228
2023-09-27,518880.XSHG,黄金ETF,买入,4.511,495400,2234749.4,446.94988
2023-09-28,518880.XSHG,黄金ETF,卖出,4.436,495400,2197594.4,439.51888
2023-09-28,512040.XSHG,价值ETF,买入,1.894,1159600,2196282.4,439.25648
2023-10-09,512040.XSHG,价值ETF,卖出,1.884,1159600,2184686.4,436.93728
2023-10-09,501018.XSHG,南方原油,买入,1.353,1613700,2183336.1,436.66722000000004
2023-10-10,501018.XSHG,南方原油,卖出,1.328,1613700,2142993.6,428.59872
2023-10-10,511880.XSHG,货币基金,买入,101.486,21100,2141354.6,428.27092000000005
2023-10-20,511880.XSHG,货币基金,卖出,101.526,21100,2142198.6,428.43972
2023-10-20,511220.XSHG,城投债ETF,买入,9.958,215000,2140970.0,428.194
2023-10-25,511220.XSHG,城投债ETF,卖出,9.951,215000,2139465.0,427.89300000000003
2023-10-25,511880.XSHG,货币基金,买入,101.517,21000,2131857.0,426.3714
2023-11-01,511880.XSHG,货币基金,卖出,101.572,21000,2133012.0,426.60240000000005
2023-11-01,518880.XSHG,黄金ETF,买入,4.603,464500,2138093.5,427.61870000000005
2023-11-07,518880.XSHG,黄金ETF,卖出,4.569,464500,2122300.5,424.4601
2023-11-07,513310.XSHG,中韩半导体ETF,买入,1.241,1709400,2121365.4000000004,424.2730800000001
2023-11-14,513310.XSHG,中韩半导体ETF,卖出,1.227,1709400,2097433.8000000003,419.48676000000006
2023-11-14,159985.XSHE,豆粕ETF,买入,2.344,894200,2096004.7999999998,419.20096
2023-11-17,159985.XSHE,豆粕ETF,卖出,2.311,894200,2066496.2,413.29924
2023-11-17,513310.XSHG,中韩半导体ETF,买入,1.241,1664300,2065396.3000000003,413.0792600000001
2023-11-21,513310.XSHG,中韩半导体ETF,卖出,1.228,1664300,2043760.4,408.75208
2023-11-21,159509.XSHE,纳指科技ETF,买入,1.046,1952700,2042524.2000000002,408.50484000000006
2023-12-04,159509.XSHE,纳指科技ETF,卖出,1.014,1952700,1980037.8,396.00756
2023-12-04,513030.XSHG,德国30ETF,买入,1.246,1588200,1978897.2,395.77944
2023-12-18,513030.XSHG,德国30ETF,卖出,1.274,1588200,2023366.8,404.67336
2023-12-18,513290.XSHG,纳指生物ETF,买入,1.11,1821700,2022087.0000000002,404.41740000000004
2024-01-16,513290.XSHG,纳指生物ETF,卖出,1.166,1821700,2124102.1999999997,424.82043999999996
2024-01-16,513520.XSHG,日经225ETF,买入,1.459,1455000,2122845.0,424.569
2024-01-17,513520.XSHG,日经225ETF,盈利保护卖出,1.444,1455000,2101020.0,420.204
2024-01-17,513290.XSHG,纳指生物ETF,买入,1.153,1821100,2099728.3,419.94566
2024-01-18,513290.XSHG,纳指生物ETF,卖出,1.159,1821100,2110654.9,422.13098
2024-01-18,511220.XSHG,城投债ETF,买入,10.106,208700,2109122.2,421.82444000000004
2024-01-19,511220.XSHG,城投债ETF,卖出,10.111,208700,2110165.7,422.03314000000006
2024-01-19,513290.XSHG,纳指生物ETF,买入,1.153,1829300,2109182.9,421.83658
2024-01-22,513290.XSHG,纳指生物ETF,卖出,1.165,1829300,2131134.5,426.2269
2024-01-22,159509.XSHE,纳指科技ETF,买入,1.185,1797400,2129919.0,425.98380000000003
2024-01-23,159509.XSHE,纳指科技ETF,卖出,1.172,1797400,2106552.8,421.31056
2024-01-23,513520.XSHG,日经225ETF,买入,1.628,1293100,2105166.8,421.03335999999996
2024-01-25,513520.XSHG,日经225ETF,盈利保护卖出,1.403,1293100,1814219.3,362.84386
2024-01-25,159509.XSHE,纳指科技ETF,买入,1.185,1530200,1813287.0,362.6574
2024-03-06,159509.XSHE,纳指科技ETF,盈利保护卖出,1.395,1530200,2134629.0,426.92580000000004
2024-03-06,159967.XSHE,创业板成长ETF,买入,0.421,5067300,2133333.3,426.66666
2024-03-11,159967.XSHE,创业板成长ETF,卖出,0.432,5067300,2189073.6,437.81472
2024-03-11,159509.XSHE,纳指科技ETF,买入,1.409,1552700,2187754.3000000003,437.55086000000006
2024-03-12,159509.XSHE,纳指科技ETF,卖出,1.438,1552700,2232782.6,446.55652000000003
2024-03-12,159967.XSHE,创业板成长ETF,买入,0.43,5189400,2231442.0,446.2884
2024-03-15,159967.XSHE,创业板成长ETF,卖出,0.434,5189400,2252199.6,450.43992000000003
2024-03-15,159509.XSHE,纳指科技ETF,买入,1.419,1586200,2250817.8000000003,450.1635600000001
2024-03-19,159509.XSHE,纳指科技ETF,卖出,1.396,1586200,2214335.1999999997,442.86704
2024-03-19,159967.XSHE,创业板成长ETF,买入,0.436,5075800,2213048.8,442.60976
2024-03-22,159967.XSHE,创业板成长ETF,卖出,0.43,5075800,2182594.0,436.5188
2024-03-22,159985.XSHE,豆粕ETF,买入,2.192,995100,2181259.2,436.2518400000001
2024-03-29,159985.XSHE,豆粕ETF,卖出,2.137,995100,2126528.7,425.30574000000007
2024-03-29,161226.XSHE,白银LOF,买入,0.815,2607700,2125275.5,425.05510000000004
2024-04-03,161226.XSHE,白银LOF,卖出,0.853,2607700,2224368.1,444.87362
2024-04-03,159792.XSHE,港股互联ETF,买入,0.538,4132000,2223016.0,444.6032
2024-04-08,159792.XSHE,港股互联ETF,卖出,0.532,4132000,2198224.0,439.64480000000003
2024-04-08,161226.XSHE,白银LOF,买入,0.887,2476800,2196921.6,439.38432000000006
2024-04-24,161226.XSHE,白银LOF,盈利保护卖出,0.876,2476800,2169676.8,433.93536
2024-04-24,512890.XSHG,红利低波ETF,买入,1.043,2078900,2168292.6999999997,433.65853999999996
2024-04-25,512890.XSHG,红利低波ETF,卖出,1.052,2078900,2187002.8000000003,437.4005600000001
2024-04-25,159980.XSHE,有色ETF,买入,1.733,1261200,2185659.6,437.13192000000004
2024-05-08,159980.XSHE,有色ETF,卖出,1.731,1261200,2183137.2,436.62744000000004
2024-05-08,159792.XSHE,港股互联ETF,买入,0.615,3547900,2181958.5,436.3917
2024-05-22,159792.XSHE,港股互联ETF,卖出,0.638,3547900,2263560.2,452.71204000000006
2024-05-22,513050.XSHG,中概互联网ETF,买入,1.119,2021600,2262170.4,452.43408
2024-05-24,513050.XSHG,中概互联网ETF,卖出,1.078,2021600,2179284.8000000003,435.8569600000001
2024-05-24,513690.XSHG,港股红利,买入,0.857,2541400,2177979.8,435.59596
2024-05-30,513690.XSHG,港股红利,卖出,0.852,2541400,2165272.8,433.05456
2024-05-30,159509.XSHE,纳指科技ETF,买入,1.453,1489300,2163952.9,432.79058
2024-06-20,159509.XSHE,纳指科技ETF,盈利保护卖出,1.739,1489300,2589892.7,517.9785400000001
2024-06-20,513310.XSHG,中韩半导体ETF,买入,1.389,1863400,2588262.6,517.6525200000001
2024-06-28,513310.XSHG,中韩半导体ETF,卖出,1.351,1863400,2517453.4,503.49068
2024-06-28,513100.XSHG,纳指ETF,买入,1.475,1705800,2516055.0,503.211
2024-07-01,513100.XSHG,纳指ETF,卖出,1.473,1705800,2512643.4000000004,502.5286800000001
2024-07-01,159509.XSHE,纳指科技ETF,买入,1.717,1462500,2511112.5,502.2225
2024-07-03,159509.XSHE,纳指科技ETF,卖出,1.673,1462500,2446762.5,489.3525
2024-07-03,513100.XSHG,纳指ETF,买入,1.501,1629100,2445279.0999999996,489.0558199999999
2024-07-11,513100.XSHG,纳指ETF,卖出,1.555,1629100,2533250.5,506.6501
2024-07-11,513520.XSHG,日经225ETF,买入,1.574,1608500,2531779.0,506.35580000000004
2024-07-15,513520.XSHG,日经225ETF,盈利保护卖出,1.522,1608500,2448137.0,489.6274
2024-07-15,513730.XSHG,东南亚ETF,买入,1.18,2073400,2446612.0,489.3224
2024-07-17,513730.XSHG,东南亚ETF,卖出,1.194,2073400,2475639.6,495.12792
2024-07-17,513400.XSHG,道琼斯ETF,买入,1.141,2168400,2474144.4,494.82888
2024-07-18,513400.XSHG,道琼斯ETF,卖出,1.135,2168400,2461134.0,492.2268
2024-07-18,513520.XSHG,日经225ETF,买入,1.495,1645300,2459723.5,491.9447
2024-07-19,513520.XSHG,日经225ETF,卖出,1.473,1645300,2423526.9000000004,484.7053800000001
2024-07-19,513400.XSHG,道琼斯ETF,买入,1.093,2215900,2421978.6999999997,484.39574
2024-07-22,513400.XSHG,道琼斯ETF,盈利保护卖出,1.057,2215900,2342206.3,468.44126
2024-07-22,513290.XSHG,纳指生物ETF,买入,1.285,1821700,2340884.5,468.17690000000005
2024-07-31,513290.XSHG,纳指生物ETF,卖出,1.305,1821700,2377318.5,475.4637
2024-07-31,511220.XSHG,城投债ETF,买入,10.336,229800,2375212.8000000003,475.0425600000001
2024-08-01,511220.XSHG,城投债ETF,卖出,10.337,229800,2375442.6,475.08852
2024-08-01,511010.XSHG,国债ETF,买入,137.887,17200,2371656.4,474.33128
2024-08-02,511010.XSHG,国债ETF,卖出,138.088,17200,2375113.6,475.02272000000005
2024-08-02,588080.XSHG,科创50,买入,0.745,3190200,2376699.0,475.3398
2024-08-05,588080.XSHG,科创50,卖出,0.722,3190200,2303324.4,460.66488
2024-08-05,511010.XSHG,国债ETF,买入,138.139,16600,2293107.4000000004,458.6214800000001
2024-08-13,511010.XSHG,国债ETF,卖出,137.609,16600,2284309.4000000004,456.8618800000001
2024-08-13,511880.XSHG,货币基金,买入,101.101,22600,2284882.6,456.97652000000005
2024-08-14,511880.XSHG,货币基金,卖出,101.103,22600,2284927.8,456.98555999999996
2024-08-14,511010.XSHG,国债ETF,买入,137.736,16600,2286417.5999999996,457.28351999999995
2024-08-16,511010.XSHG,国债ETF,卖出,137.577,16600,2283778.2,456.7556400000001
2024-08-16,511880.XSHG,货币基金,买入,101.121,22600,2285334.6,457.06692000000004
2024-08-23,511880.XSHG,货币基金,卖出,101.144,22600,2285854.4,457.17088
2024-08-23,513730.XSHG,东南亚ETF,买入,1.19,1920700,2285633.0,457.1266
2024-09-04,513730.XSHG,东南亚ETF,卖出,1.175,1920700,2256822.5,451.3645
2024-09-04,513030.XSHG,德国30ETF,买入,1.383,1630800,2255396.4,451.07928
2024-09-05,513030.XSHG,德国30ETF,卖出,1.39,1630800,2266812.0,453.36240000000004
2024-09-05,159920.XSHE,恒生ETF,买入,1.05,2157600,2265480.0,453.096
2024-09-06,159920.XSHE,恒生ETF,卖出,1.044,2157600,2252534.4,450.50688
2024-09-06,159792.XSHE,港股互联ETF,买入,0.541,4161200,2251209.2,450.2418400000001
2024-09-09,159792.XSHE,港股互联ETF,卖出,0.537,4161200,2234564.4,446.91288000000003
2024-09-09,159529.XSHE,标普消费,买入,1.106,2019200,2233235.2,446.64704000000006
2024-09-10,159529.XSHE,标普消费,卖出,1.12,2019200,2261504.0,452.30080000000004
2024-09-10,159985.XSHE,豆粕ETF,买入,1.928,1172200,2260001.6,452.00032000000004
2024-09-11,159985.XSHE,豆粕ETF,卖出,1.942,1172200,2276412.4,455.28248
2024-09-11,159529.XSHE,标普消费,买入,1.125,2022400,2275200.0,455.04
2024-09-18,159529.XSHE,标普消费,卖出,1.141,2022400,2307558.4,461.51168
2024-09-18,159985.XSHE,豆粕ETF,买入,1.991,1158300,2306175.3000000003,461.2350600000001
2024-09-20,159985.XSHE,豆粕ETF,卖出,1.947,1158300,2255210.1,451.04202000000004
2024-09-20,159529.XSHE,标普消费,买入,1.137,1982200,2253761.4,450.75228
2024-09-23,159529.XSHE,标普消费,卖出,1.146,1982200,2271601.1999999997,454.32023999999996
2024-09-23,159985.XSHE,豆粕ETF,买入,1.94,1170200,2270188.0,454.0376
2024-09-24,159985.XSHE,豆粕ETF,卖出,1.967,1170200,2301783.4,460.35668
2024-09-24,159792.XSHE,港股互联ETF,买入,0.59,3899200,2300528.0,460.10560000000004
2024-09-30,159792.XSHE,港股互联ETF,卖出,0.735,3899200,2865912.0,573.1824
2024-09-30,513130.XSHG,恒生科技,买入,0.638,4489300,2864173.4,572.83468
2024-10-09,513130.XSHG,恒生科技,卖出,0.614,4489300,2756430.2,551.2860400000001
2024-10-09,159915.XSHE,创业板ETF,买入,2.242,1228700,2754745.4,550.94908
2024-10-10,159915.XSHE,创业板ETF,盈利保护卖出,2.174,1228700,2671193.8,534.23876
2024-10-10,513310.XSHG,中韩半导体ETF,买入,1.423,1876000,2669548.0,533.9096000000001
2024-10-11,513310.XSHG,中韩半导体ETF,盈利保护卖出,1.371,1876000,2571996.0,514.3992000000001
2024-10-11,159980.XSHE,有色ETF,买入,1.708,1505000,2570540.0,514.1080000000001
2024-10-15,159980.XSHE,有色ETF,卖出,1.696,1505000,2552480.0,510.49600000000004
2024-10-15,159792.XSHE,港股互联ETF,买入,0.669,3813100,2550963.9000000004,510.1927800000001
2024-10-16,159792.XSHE,港股互联ETF,盈利保护卖出,0.67,3813100,2554777.0,510.9554
2024-10-16,510300.XSHG,沪深300ETF,买入,3.906,653600,2552961.6,510.59232000000003
2024-10-17,510300.XSHG,沪深300ETF,卖出,3.863,653600,2524856.8,504.97136
2024-10-17,512100.XSHG,中证1000ETF,买入,2.235,1129100,2523538.5,504.70770000000005
2024-10-18,512100.XSHG,中证1000ETF,卖出,2.337,1129100,2638706.7,527.74134
2024-10-18,588080.XSHG,科创50,买入,1.013,2603300,2637142.9,527.42858
2024-10-21,588080.XSHG,科创50,卖出,1.024,2603300,2665779.2,533.15584
2024-10-21,159915.XSHE,创业板ETF,买入,2.167,1229400,2664109.8,532.82196
2024-10-22,159915.XSHE,创业板ETF,卖出,2.175,1229400,2673945.0,534.789
2024-10-22,159967.XSHE,创业板成长ETF,买入,0.502,5323700,2672497.4,534.4994800000001
2024-10-23,159967.XSHE,创业板成长ETF,卖出,0.492,5323700,2619260.4,523.85208
2024-10-23,161226.XSHE,白银LOF,买入,0.991,2641400,2617627.4,523.52548
2024-10-24,161226.XSHE,白银LOF,卖出,0.976,2641400,2578006.4,515.60128
2024-10-24,512100.XSHG,中证1000ETF,买入,2.382,1081600,2576371.2,515.2742400000001
2024-10-25,512100.XSHG,中证1000ETF,卖出,2.437,1081600,2635859.1999999997,527.17184
2024-10-25,159967.XSHE,创业板成长ETF,买入,0.498,5290000,2634420.0,526.884
2024-10-29,159967.XSHE,创业板成长ETF,卖出,0.482,5290000,2549780.0,509.956
2024-10-29,588080.XSHG,科创50,买入,0.999,2550800,2548249.2,509.64984000000004
2024-11-04,588080.XSHG,科创50,卖出,0.977,2550800,2492131.6,498.42632000000003
2024-11-04,512100.XSHG,中证1000ETF,买入,2.466,1009900,2490413.4000000004,498.0826800000001
2024-11-18,512100.XSHG,中证1000ETF,盈利保护卖出,2.43,1009900,2454057.0,490.81140000000005
2024-11-18,159529.XSHE,标普消费,买入,1.247,1966900,2452724.3000000003,490.5448600000001
2024-12-02,159529.XSHE,标普消费,盈利保护卖出,1.4,1966900,2753660.0,550.732
2024-12-02,513730.XSHG,东南亚ETF,买入,1.383,1989900,2752031.7,550.4063400000001
2024-12-03,513730.XSHG,东南亚ETF,盈利保护卖出,1.408,1989900,2801779.1999999997,560.35584
2024-12-03,513400.XSHG,道琼斯ETF,买入,1.198,2337300,2800085.4,560.01708
2024-12-06,513400.XSHG,道琼斯ETF,卖出,1.201,2337300,2807097.3000000003,561.4194600000001
2024-12-06,159529.XSHE,标普消费,买入,1.393,2013900,2805362.7,561.0725400000001
2024-12-12,159529.XSHE,标普消费,卖出,1.397,2013900,2813418.3,562.68366
2024-12-12,513500.XSHG,标普500ETF,买入,2.232,1259700,2811650.4000000004,562.3300800000001
2024-12-17,513500.XSHG,标普500ETF,卖出,2.254,1259700,2839363.8,567.87276
2024-12-17,159529.XSHE,标普消费,买入,1.485,1911000,2837835.0,567.567
2024-12-20,159529.XSHE,标普消费,盈利保护卖出,1.415,1911000,2704065.0,540.813
2024-12-20,513100.XSHG,纳指ETF,买入,1.597,1692200,2702443.4,540.48868
2024-12-26,513100.XSHG,纳指ETF,卖出,1.674,1692200,2832742.8,566.54856
2024-12-26,159529.XSHE,标普消费,买入,1.651,1714700,2830969.7,566.1939400000001
2024-12-30,159529.XSHE,标普消费,盈利保护卖出,1.575,1714700,2700652.5,540.1305
2024-12-30,159509.XSHE,纳指科技ETF,买入,1.614,1672300,2699092.2,539.81844
2025-01-02,159509.XSHE,纳指科技ETF,卖出,1.632,1672300,2729193.5999999996,545.83872
2025-01-02,513690.XSHG,港股红利,买入,0.881,3096000,2727576.0,545.5152
2025-01-03,513690.XSHG,港股红利,卖出,0.882,3096000,2730672.0,546.1344
2025-01-03,501018.XSHG,南方原油,买入,1.271,2147100,2728964.0999999996,545.79282
2025-01-06,501018.XSHG,南方原油,卖出,1.273,2147100,2733258.3,546.65166
2025-01-06,159509.XSHE,纳指科技ETF,买入,1.66,1645600,2731696.0,546.3392
2025-01-09,159509.XSHE,纳指科技ETF,卖出,1.636,1645600,2692201.5999999996,538.4403199999999
2025-01-09,159529.XSHE,标普消费,买入,1.899,1416800,2690503.2,538.1006400000001
2025-01-14,159529.XSHE,标普消费,盈利保护卖出,1.65,1416800,2337720.0,467.54400000000004
2025-01-14,501018.XSHG,南方原油,买入,1.334,1751400,2336367.6,467.27352
2025-01-21,501018.XSHG,南方原油,卖出,1.324,1751400,2318853.6,463.77072000000004
2025-01-21,159529.XSHE,标普消费,买入,1.906,1215900,2317505.4,463.50108
2025-02-05,159529.XSHE,标普消费,盈利保护卖出,1.691,1215900,2056086.9000000001,411.21738000000005
2025-02-05,159985.XSHE,豆粕ETF,买入,1.988,1033600,2054796.8,410.95936
2025-02-10,159985.XSHE,豆粕ETF,卖出,1.964,1033600,2029990.4,405.99808
2025-02-10,513030.XSHG,德国30ETF,买入,1.613,1257800,2028831.4,405.76628
2025-02-11,513030.XSHG,德国30ETF,卖出,1.641,1257800,2064049.8,412.80996000000005
2025-02-11,513130.XSHG,恒生科技,买入,0.692,2980900,2062782.7999999998,412.55656
2025-02-17,513130.XSHG,恒生科技,卖出,0.738,2980900,2199904.2,439.98084000000006
2025-02-17,159792.XSHE,港股互联ETF,买入,0.885,2484300,2198605.5,439.72110000000004
2025-02-26,159792.XSHE,港股互联ETF,卖出,0.948,2484300,2355116.4,471.02328
2025-02-26,513130.XSHG,恒生科技,买入,0.804,2927500,2353710.0,470.742
2025-03-03,513130.XSHG,恒生科技,盈利保护卖出,0.739,2927500,2163422.5,432.6845
2025-03-03,513690.XSHG,港股红利,买入,0.912,2370700,2162078.4,432.41568
2025-03-06,513690.XSHG,港股红利,卖出,0.937,2370700,2221345.9,444.26918
2025-03-06,159792.XSHE,港股互联ETF,买入,0.971,2286300,2219997.3,443.99946
2025-03-11,159792.XSHE,港股互联ETF,盈利保护卖出,0.936,2286300,2139976.8000000003,427.99536000000006
2025-03-11,513130.XSHG,恒生科技,买入,0.795,2690200,2138709.0,427.7418
2025-03-12,513130.XSHG,恒生科技,卖出,0.785,2690200,2111807.0,422.3614
2025-03-12,159792.XSHE,港股互联ETF,买入,0.925,2281700,2110572.5,422.1145
2025-03-13,159792.XSHE,港股互联ETF,卖出,0.906,2281700,2067220.2,413.44404000000003
2025-03-13,513690.XSHG,港股红利,买入,0.942,2193200,2065994.4,413.19888
2025-03-17,513690.XSHG,港股红利,卖出,0.962,2193200,2109858.4,421.97168
2025-03-17,159792.XSHE,港股互联ETF,买入,0.941,2240800,2108592.8,421.71855999999997
2025-03-18,159792.XSHE,港股互联ETF,卖出,0.965,2240800,2162372.0,432.4744
2025-03-18,513690.XSHG,港股红利,买入,0.969,2230200,2161063.8,432.21276
2025-03-26,513690.XSHG,港股红利,卖出,0.941,2230200,2098618.1999999997,419.72364
2025-03-26,159980.XSHE,有色ETF,买入,1.757,1193700,2097330.9,419.46618
2025-03-27,159980.XSHE,有色ETF,卖出,1.757,1193700,2097330.9,419.46618
2025-03-27,513030.XSHG,德国30ETF,买入,1.762,1189600,2096075.2,419.21504
2025-03-31,513030.XSHG,德国30ETF,卖出,1.709,1189600,2033026.4000000001,406.60528000000005
2025-03-31,518880.XSHG,黄金ETF,买入,7.012,289700,2031376.4,406.27528
2025-04-08,518880.XSHG,黄金ETF,卖出,6.925,289700,2006172.5,401.2345
2025-04-08,511880.XSHG,货币基金,买入,100.403,19900,1998019.7000000002,399.6039400000001
2025-04-10,511880.XSHG,货币基金,卖出,100.411,19900,1998178.9000000001,399.63578000000007
2025-04-10,511010.XSHG,国债ETF,买入,141.318,14100,1992583.8000000003,398.5167600000001
2025-04-11,511010.XSHG,国债ETF,卖出,141.365,14100,1993246.5000000002,398.64930000000004
2025-04-11,518880.XSHG,黄金ETF,买入,7.273,275500,2003711.5,400.7423
2025-04-24,518880.XSHG,黄金ETF,盈利保护卖出,7.582,275500,2088841.0,417.76820000000004
2025-04-24,511880.XSHG,货币基金,买入,100.451,20700,2079335.7,415.86714
2025-04-28,511880.XSHG,货币基金,卖出,100.455,20700,2079418.5,415.88370000000003
2025-04-28,512890.XSHG,红利低波ETF,买入,1.13,1846500,2086544.9999999998,417.30899999999997
2025-04-29,512890.XSHG,红利低波ETF,卖出,1.127,1846500,2081005.5,416.2011
2025-04-29,518880.XSHG,黄金ETF,买入,7.517,276600,2079202.2000000002,415.84044000000006
2025-05-06,518880.XSHG,黄金ETF,卖出,7.612,276600,2105479.2,421.09584000000007
2025-05-06,513030.XSHG,德国30ETF,买入,1.848,1138900,2104687.2,420.93744000000004
2025-05-07,513030.XSHG,德国30ETF,卖出,1.844,1138900,2100131.6,420.02632000000006
2025-05-07,518880.XSHG,黄金ETF,买入,7.671,273600,2098785.6,419.75712000000004
2025-05-09,518880.XSHG,黄金ETF,卖出,7.531,273600,2060481.5999999999,412.09632
2025-05-09,513030.XSHG,德国30ETF,买入,1.868,1102500,2059470.0,411.894
2025-05-15,513030.XSHG,德国30ETF,卖出,1.816,1102500,2002140.0,400.428
2025-05-15,513730.XSHG,东南亚ETF,买入,1.244,1608400,2000849.6,400.16992000000005
2025-05-23,513730.XSHG,东南亚ETF,卖出,1.217,1608400,1957422.8,391.48456000000004
2025-05-23,159509.XSHE,纳指科技ETF,买入,1.493,1310300,1956277.9000000001,391.25558000000007
2025-05-29,159509.XSHE,纳指科技ETF,卖出,1.571,1310300,2058481.3,411.69626000000005
2025-05-29,513100.XSHG,纳指ETF,买入,1.589,1294700,2057278.3,411.45566
2025-05-30,513100.XSHG,纳指ETF,卖出,1.556,1294700,2014553.2,402.91064
2025-05-30,159529.XSHE,标普消费,买入,1.57,1282400,2013368.0,402.6736
2025-06-03,159529.XSHE,标普消费,卖出,1.566,1282400,2008238.4000000001,401.64768000000004
2025-06-03,159509.XSHE,纳指科技ETF,买入,1.543,1300700,2006980.0999999999,401.39601999999996
2025-06-12,159509.XSHE,纳指科技ETF,卖出,1.558,1300700,2026490.6,405.29812000000004
2025-06-12,161226.XSHE,白银LOF,买入,1.032,1962500,2025300.0,405.06
2025-06-20,161226.XSHE,白银LOF,卖出,1.004,1962500,1970350.0,394.07
2025-06-20,501018.XSHG,南方原油,买入,1.34,1469500,1969130.0000000002,393.8260000000001
2025-06-23,501018.XSHG,南方原油,盈利保护卖出,1.439,1469500,2114610.5,422.9221
2025-06-23,513310.XSHG,中韩半导体ETF,买入,1.587,1331700,2113407.9,422.68158
2025-06-24,513310.XSHG,中韩半导体ETF,卖出,1.644,1331700,2189314.8,437.86296
2025-06-24,159981.XSHE,能源化工ETF,买入,1.335,1638900,2187931.5,437.5863
2025-06-25,159981.XSHE,能源化工ETF,盈利保护卖出,1.341,1638900,2197764.9,439.55298
2025-06-25,513310.XSHG,中韩半导体ETF,买入,1.674,1312100,2196455.4,439.29108
2025-07-08,513310.XSHG,中韩半导体ETF,卖出,1.645,1312100,2158404.5,431.6809
2025-07-08,159509.XSHE,纳指科技ETF,买入,1.675,1287800,2157065.0,431.413
2025-07-28,159509.XSHE,纳指科技ETF,卖出,1.772,1287800,2281981.6,456.39632000000006
2025-07-28,159915.XSHE,创业板ETF,买入,2.342,973800,2280639.6,456.12792
2025-08-08,159915.XSHE,创业板ETF,卖出,2.312,973800,2251425.5999999996,450.28511999999995
2025-08-08,588080.XSHG,科创50,买入,1.07,2102900,2250103.0,450.0206
2025-08-11,588080.XSHG,科创50,卖出,1.077,2102900,2264823.3,452.96466
2025-08-11,159509.XSHE,纳指科技ETF,买入,1.858,1218200,2263415.6,452.68312000000003
2025-08-20,159509.XSHE,纳指科技ETF,卖出,1.84,1218200,2241488.0,448.29760000000005
2025-08-20,159967.XSHE,创业板成长ETF,买入,0.541,4140900,2240226.9000000004,448.0453800000001
2025-08-27,159967.XSHE,创业板成长ETF,卖出,0.551,4140900,2281635.9000000004,456.3271800000001
2025-08-27,588080.XSHG,科创50,买入,1.305,1747300,2280226.5,456.0453
2025-09-05,588080.XSHG,科创50,盈利保护卖出,1.296,1747300,2264500.8000000003,452.9001600000001
2025-09-05,563360.XSHG,A500-ETF,买入,1.188,1905000,2263140.0,452.62800000000004
2025-09-10,563360.XSHG,A500-ETF,卖出,1.185,1905000,2257425.0,451.485
2025-09-10,159915.XSHE,创业板ETF,买入,2.875,784700,2256012.5,451.20250000000004
2025-09-22,159915.XSHE,创业板ETF,卖出,3.082,784700,2418445.4,483.68908
2025-09-22,513310.XSHG,中韩半导体ETF,买入,2.248,1075200,2417049.6,483.40992000000006
2025-10-13,513310.XSHG,中韩半导体ETF,盈利保护卖出,2.402,1075200,2582630.4000000004,516.5260800000001
2025-10-13,161226.XSHE,白银LOF,买入,1.36,1897900,2581144.0,516.2288
2025-10-16,161226.XSHE,白银LOF,盈利保护卖出,1.446,1897900,2744363.4,548.8726800000001
2025-10-16,518880.XSHG,黄金ETF,买入,9.244,296700,2742694.8,548.53896
2025-10-17,518880.XSHG,黄金ETF,卖出,9.568,296700,2838825.6,567.76512
2025-10-17,161226.XSHE,白银LOF,买入,1.469,1931300,2837079.7,567.4159400000001
2025-10-21,161226.XSHE,白银LOF,盈利保护卖出,1.356,1931300,2618842.8000000003,523.7685600000001
2025-10-21,513310.XSHG,中韩半导体ETF,买入,2.406,1087800,2617246.8000000003,523.4493600000001
2025-10-24,513310.XSHG,中韩半导体ETF,卖出,2.49,1087800,2708622.0,541.7244000000001
2025-10-24,159509.XSHE,纳指科技ETF,买入,2.238,1209600,2707084.8,541.41696
2025-10-28,159509.XSHE,纳指科技ETF,卖出,2.259,1209600,2732486.4,546.49728
2025-10-28,518880.XSHG,黄金ETF,买入,8.597,317600,2730407.1999999997,546.0814399999999
2025-10-29,518880.XSHG,黄金ETF,卖出,8.692,317600,2760579.2,552.11584
2025-10-29,513520.XSHG,日经225ETF,买入,1.982,1392200,2759340.4,551.86808
2025-11-04,513520.XSHG,日经225ETF,卖出,1.93,1392200,2686946.0,537.3892000000001
2025-11-04,513310.XSHG,中韩半导体ETF,买入,2.684,1000500,2685342.0,537.0684
2025-11-05,513310.XSHG,中韩半导体ETF,盈利保护卖出,2.6,1000500,2601300.0,520.26
2025-11-05,159509.XSHE,纳指科技ETF,买入,2.212,1175300,2599763.6,519.95272
2025-11-10,159509.XSHE,纳指科技ETF,卖出,2.265,1175300,2662054.5,532.4109
2025-11-10,513520.XSHG,日经225ETF,买入,1.967,1352500,2660367.5,532.0735000000001
2025-11-11,513520.XSHG,日经225ETF,卖出,1.956,1352500,2645490.0,529.0980000000001
2025-11-11,513310.XSHG,中韩半导体ETF,买入,2.706,977000,2643762.0,528.7524000000001
2025-11-13,513310.XSHG,中韩半导体ETF,卖出,2.673,977000,2611521.0,522.3042
2025-11-13,513290.XSHG,纳指生物ETF,买入,1.493,1748200,2610062.6,522.01252
2025-11-21,513290.XSHG,纳指生物ETF,盈利保护卖出,1.457,1748200,2547127.4,509.42548
2025-11-21,512890.XSHG,红利低波ETF,买入,1.209,2105600,2545670.4000000004,509.1340800000001
2025-11-24,512890.XSHG,红利低波ETF,卖出,1.202,2105600,2530931.1999999997,506.18623999999994
2025-11-24,513290.XSHG,纳指生物ETF,买入,1.509,1676200,2529385.8,505.87716
2025-12-02,513290.XSHG,纳指生物ETF,卖出,1.563,1676200,2619900.6,523.98012
2025-12-02,161226.XSHE,白银LOF,买入,1.61,1626300,2618343.0,523.6686
2025-12-18,161226.XSHE,白银LOF,卖出,2.332,1626300,3792531.5999999996,758.50632
2025-12-18,159967.XSHE,创业板成长ETF,买入,0.617,6143100,3790292.7,758.0585400000001
2025-12-19,159967.XSHE,创业板成长ETF,卖出,0.621,6143100,3814865.1,762.97302
2025-12-19,159980.XSHE,有色ETF,买入,1.918,1987800,3812600.4,762.52008
2025-12-24,159980.XSHE,有色ETF,卖出,1.975,1987800,3925905.0,785.181
2025-12-24,159967.XSHE,创业板成长ETF,买入,0.649,6045500,3923529.5,784.7059
